            0.300165 0 0 0 -6.81853e-05 -5.15524e-05 -0.000331589        0 -15.0002        0 0 0 0  6.06675e-05 -0.000278728  -0.00366346  -0.0122955  0.00106531 8.37689e-05 0 0 0     -0     -0 -9.809 
            0.400098  0.503645   4.28368 -0.463016 -0.00510551  -0.0340104  0.00279275  0.0207676   -14.9757 0.00868135 -4.02417e-08 -3.01082e-07  3.27715e-08 -0.00182913  -0.0203147 -0.00371508  -0.0122955   0.0010653 8.39409e-05  9.69307e-08  5.93879e-07 -6.13347e-08 -8.86493e-08 -5.71466e-07       -9.809 
            0.500023 0.00861993    4.46809  -0.196767 -0.0531082 0.00197405 -0.0135205 0.095232 -14.9993 0.116163  7.50819e-07 -2.93727e-07  2.76855e-07  -0.229484   0.190171 -0.0844788   -0.0109088  0.000573489 -0.000225596  5.79578e-05 -5.00648e-05  2.49128e-05 -5.72771e-05  4.83404e-05       -9.809 
            0.600024  0.318462   4.35239 -0.654343  -0.0341029 -0.00151065 -0.00605032 0.0126955  -15.0616  0.108374  1.3005e-05 1.54242e-05 3.39706e-06 -0.0794034  0.0939004 -0.0235237  -0.0117824  0.00111588 0.000906997 -0.000169533  0.000474979   -0.0015983  0.000276415 -0.000465224       -9.809 
            0.700061 0.0291438   4.37694 -0.257745 -0.0210936 -0.0249084  -0.016674 0.186335 -15.1465 0.163854  1.96685e-05  2.26773e-05 -3.87881e-07 -0.0201587 0.00961376 -0.0517878   -0.0111957   0.00136932 -0.000620545 -0.00104404  0.00311647  0.00155974 0.000863962 -0.00299553      -9.809 
            0.799407 0.0908976   4.53456 -0.664312 -0.0260147 -0.0165607 -0.0155938 0.181219 -15.2068  0.28718  1.44055e-06  2.08186e-05 -1.99488e-06  -0.02047 0.0297945 -0.036333  -0.0115639  0.00102352 0.000547036 -0.000405317   0.00136038  -0.00369895 0.000651084 -0.00132471      -9.809 
            0.900186 0.0925871   4.33691 -0.105594 -0.0375748 -0.0176294 -0.0156782 0.192018  -15.138 0.326548 7.79029e-06 2.47557e-05 2.15061e-06 -0.0465938  0.0232212 -0.0266595  -0.0114702  0.00142015 -0.00148673  0.00226289  0.00240194 -0.00826108 -0.00157374 -0.00231917      -9.809 
             1.00005   0.12834    4.4108 -0.450725 -0.0448339 -0.0154366  -0.012369 0.210374 -15.1914 0.302277 9.92339e-06 2.92875e-05 2.70228e-06  -0.049209  0.0242157 -0.0107406    -0.011746    0.0013338 -0.000326716 0.00438838 0.00233258 -0.0198077 -0.00275333 -0.00226906      -9.809 
             1.10014 0.0657665   4.43408  -1.17611   -0.034722 -0.00760866  -0.0119153 0.272084 -15.1564 0.299354 -3.88351e-06  6.52837e-05  1.11863e-07  -0.0148968   0.0420955 -0.00329131 -0.0119213 0.00115832 0.00216169 -0.00427273 -0.00120694  -0.0239367  0.0058578 0.00105902     -9.809 
             1.20016 -0.0673901    4.55486   -0.87738 -0.0225402 0.00109864 -0.0120254 0.313064 -15.2443 0.335209 -1.28602e-06  7.09834e-05  4.23287e-06   0.0247093   0.0615614 -0.00155231 -0.0115588 0.00105029 0.00118964  -0.0128903 -0.00585955  -0.0249394  0.0142068 0.00545353   -9.80899 
             1.30012 -0.0815856    4.48154   -1.17594 -0.0556066     0.0101 -0.0127153 0.316843 -15.2002 0.369808 -6.89842e-06  4.65512e-05  5.06061e-06  -0.0507305   0.0724838 -0.00337267  -0.011587 0.00113648 0.00193732   0.0146351 -0.00711408  -0.0222026  -0.012295 0.00691835   -9.80899 
             1.40006 0.0274125   4.50372 -0.624962 -0.0608941 0.00667637 -0.0123438 0.278118  -15.198 0.373453 -2.21389e-05  4.97008e-05  7.63411e-06  -0.0513542   0.0484387 0.000796285  -0.0116839  0.00106121 0.000189386  0.0154269 0.00371463 -0.0229648  -0.0131238 -0.00344486    -9.80899 
             1.49998 0.0845203   4.52208 -0.216892 -0.0539773 0.00206589 -0.0104027 0.281679 -15.2799 0.409008 -4.06712e-05  3.96196e-05  9.93904e-06 -0.0229142  0.0276647 0.00694277  -0.0117637  0.00124715 -0.00112162 0.00847375  0.0133519 -0.0271603 -0.00629119  -0.0127585    -9.80899 
             1.60012 -0.163431   4.74934 -0.444044   -0.0340291 -0.000398916    -0.011568 0.304216 -15.3581  0.41757 -3.88025e-05  3.60589e-05  1.54208e-05  0.0338334  0.0216059 0.00259504   -0.0111448  0.000791968 -0.000444923 -0.00752844   0.0192837  -0.0243749  0.0086982 -0.0186235   -9.80898 
             1.70016 -0.130489   4.64448  -0.90137  -0.0564615 -0.00211878  -0.0119718 0.324999  -15.315 0.425934 -3.20288e-05  2.56916e-05   1.4591e-05 -0.0148898  0.0134833 0.00265652  -0.0114275  0.00097596 0.000954381  0.0119804  0.0249928 -0.0218661 -0.0101577 -0.0238741   -9.80897 
             1.79927  -0.13618   4.61359 -0.486032   -0.049754 0.000823359  -0.0129675 0.373447 -15.3495 0.451823 -3.1232e-05 2.16727e-05 1.41368e-05  0.00548776   0.0205778 -0.00227067 -0.0114323 0.00116821 -0.0003664 0.00695058  0.0254676 -0.0202586 -0.00549078  -0.0243875    -9.80897 
             1.90005 -0.226989   4.74891 -0.584254  -0.0558183 -0.00385448  -0.0109079 0.368014 -15.3738 0.532672 -3.42238e-05  2.15187e-05  1.11908e-05 -0.000678056   0.00784528   0.00506117   -0.0112069  0.000858253 -0.000174482 0.0136581 0.0313539 -0.022841 -0.0117412 -0.0299359   -9.80895 
             2.00014 -0.203876   4.61475 -0.737393  -0.0735619 5.90215e-05  -0.0135747 0.475029 -15.3325  0.53026 -3.86338e-05  2.34095e-05  1.62228e-05 -0.0359655  0.0185156 -0.0015392  -0.0115679    0.001106 0.000249023  0.0234806  0.0347085 -0.0174052 -0.0215256 -0.0330616   -9.80892 
             2.10014 -0.329643   4.65856  -1.41065  -0.0725946 -0.00451345 -0.00762993 0.536983 -15.3717 0.582082 -2.24188e-05  2.60484e-05  1.61899e-05 -0.0243355  0.0087407  0.0150982   -0.01154 0.00110137 0.00205572 0.0234136 0.0428889 -0.025529 -0.0208951 -0.0408629   -9.80889 
             2.20009 -0.332895   4.77444  -1.74524  -0.078983 0.00358933 -0.0114068 0.572752 -15.3766   0.6601 -3.26979e-05   2.1627e-05  1.51441e-05 -0.0274784  0.0262676 0.00366059   -0.011711 0.000770577  0.00278617 0.0255735  0.040469 -0.018772 -0.0234362 -0.0385745    -9.8089 
             2.30005 -0.246491   4.61235  -1.27151  -0.0673793  0.00293698 -0.00667336 0.609858 -15.4145 0.724425 -2.57218e-05  2.33301e-05  1.27798e-05 0.000680293   0.0204628   0.0152678 -0.0119468 0.00134465 0.00130378  0.0198192  0.0445633 -0.0245934 -0.0175835 -0.0425771   -9.80889 
             2.40011 -0.273246   4.68199  -1.78611   -0.078723 -0.00143838 -0.00793257 0.615275  -15.401  0.76304 -2.20314e-05   1.6993e-05  1.60293e-05  -0.017843 0.00552046 0.00720901 -0.0120155 0.00111034 0.00268446  0.0248739  0.0492317 -0.0209612 -0.0227923 -0.0468696   -9.80886 
             2.50015 -0.536769   4.72594  -2.21827 -0.0838983 0.00216978 -0.0088151 0.619433 -15.4193 0.804389 -2.34792e-05  1.90558e-05  1.70366e-05 -0.0205262    0.01666 0.00444497 -0.0114028 0.00102535 0.00375538   0.027635  0.0484305 -0.0188661 -0.0255266 -0.0460727   -9.80886 
             2.60005 -0.440699   4.72685  -1.58523  -0.0608878 -0.00732645 -0.00750591 0.669782 -15.4218 0.854937 -4.14316e-05 -9.42828e-06  1.60673e-05   0.0267363 -0.00278768  0.00711645 -0.0116616  0.0010495 0.00190215  0.0158204  0.0567299 -0.0206823 -0.0145531 -0.0543877   -9.80884 
             2.69998 -0.566276   4.74152   -1.8812  -0.0656756 -0.00738489 -0.00957342 0.701078 -15.4419 0.916472 -4.01587e-05 -7.46803e-06  1.59114e-05   0.0173916 0.000822287  0.00233007 -0.0114788 0.00105382 0.00257621  0.0203063    0.05932 -0.0175033 -0.0190664 -0.0566921   -9.80882 
              2.7993 -0.574961   4.62914  -1.04995 -0.0600457  -0.011193 -0.0113152 0.777692 -15.3917 0.837189 -5.08312e-05 -1.70302e-05  1.36504e-05   0.0247199 -0.00390769 -0.00160173  -0.0114504  0.00121477 0.000464357  0.0150376  0.0653526 -0.0160261 -0.0143431 -0.0625812   -9.80879 
             2.90011 -0.712546   4.81272  -1.54885 -0.0496664 -0.0151441 -0.0141118 0.838407  -15.427 0.855485 -4.85077e-05 -1.55483e-05  1.36826e-05   0.0455603 -0.00674781  -0.0111375  -0.0113693 0.000814613  0.00172528  0.0141488  0.0709049 -0.0137679 -0.0139265 -0.0680929   -9.80875 
             2.99994 -0.764082   4.72175  -0.86313  -0.029346 -0.0216252 -0.0102797  0.89104 -15.4022 0.837227 -6.78438e-05 -6.32877e-05  9.78745e-06  0.0789542 -0.0141045 0.00221569   -0.0112171   0.00100245 -6.72602e-05 0.00643988  0.0763773 -0.0188212 -0.00658216  -0.0737375    -9.80872 
             3.09997 -0.928811    4.6757   -1.1662 -0.0215167 -0.0179914 -0.0128238 0.949618 -15.3818 0.872026 -5.99101e-05 -5.88194e-05  1.38155e-05   0.0831357  0.00223456 -0.00415425  -0.0110066  0.00105827 0.000661867 0.00487522  0.0785808  -0.016574 -0.00508475  -0.0759635     -9.8087 
                 3.2 -0.84949  4.65146  -1.1952 -0.0060491 -0.0115402 -0.0117643 0.986827 -15.4054   0.8907 -5.48005e-05 -5.92153e-05  1.02663e-05    0.101068   0.0174999 0.000673706  -0.0113151  0.00119263 0.000669505 0.00420666  0.0785619 -0.0180022 -0.00415043   -0.076231     -9.8087 
                 3.3 -0.832614   4.58629   -1.4908 -0.00631299  -0.0133891  -0.0112621  1.02802 -15.3688 0.877199 -5.01094e-05 -6.51823e-05  1.52155e-05  0.0859651  0.0123676 0.00317134 -0.0115165 0.00124993 0.00146443 0.00525724  0.0828708  -0.018161 -0.00516332  -0.0799851    -9.80867 
             3.40003 -0.961491   4.57919  -2.05697 -0.00802406  -0.0133806 -0.00938769  1.08589 -15.3434 0.887924 -4.36927e-05 -8.45459e-05  1.63149e-05  0.0714883   0.014246 0.00577668 -0.0114491 0.00118405 0.00287566  0.0069933  0.0877293 -0.0192779 -0.00666994  -0.0842798    -9.80864 
             3.50006 -1.02944  4.65456 -1.91606 -0.00546575  -0.0164223 -0.00984575  1.12713 -15.3377  0.87405 -3.60731e-05 -8.84653e-05  1.61963e-05  0.0688087 0.00983971 0.00227033  -0.0113531 0.000983863  0.00252151 0.00798003  0.0922037 -0.0183172 -0.00780298  -0.0883772     -9.8086 
             3.60007 -0.91943  4.57895 -1.98995  -0.0104351 -0.00829616   -0.012221  1.15127 -15.3319  0.84354 -4.14423e-05 -0.000100552  1.10161e-05   0.0504972   0.0252753 -0.00325809 -0.0116955  0.0011589 0.00271885   0.011215   0.091399 -0.0160849 -0.0106579 -0.0874625    -9.8086 
             3.70008 -1.01648  4.54861 -1.96144 -0.0152853 -0.0181816 -0.0133955  1.15564 -15.3457 0.861279 -4.08279e-05 -0.000103389  1.33472e-05   0.0354385   0.0046374 -0.00562083 -0.0114737 0.00127508 0.00262604 0.0147034 0.0961576 -0.015002 -0.0144194 -0.0915186   -9.80856 
             3.79946 -1.13641  4.63205 -1.73951 -0.0123027 -0.0145607 -0.0116085  1.18471 -15.3229 0.866327  -3.8801e-05 -0.000105191  1.41856e-05 0.0382036 0.0155785 0.0020179  -0.011223 0.00103615 0.00203351  0.0133971  0.0973195 -0.0167714 -0.0129107 -0.0926157   -9.80855 
                 3.9 -1.05209  4.53698 -2.10772 -0.00203902  -0.0167295  -0.0108881  1.19878  -15.334 0.878511 -3.66593e-05 -0.000101663  1.56608e-05  0.0504522  0.0101055 0.00378828 -0.0115386  0.0012694 0.00289533  0.0123936  0.0994804 -0.0172797 -0.0121957 -0.0947987   -9.80853 
             4.00012 -1.13627   4.6071 -1.16272 0.00756447  -0.021925 -0.0121412  1.23292 -15.3603 0.912762 -5.05654e-05 -0.000110736  1.58729e-05   0.0610465   0.0031694 -0.00110595  -0.0112323  0.00119786 0.000522266  0.0129574   0.103848 -0.0161413 -0.0131765  -0.099031   -9.80849 
             4.09993 -1.24154  4.58242 -1.98955 -0.00236132  -0.0107876  -0.0140372  1.24929  -15.375 0.955126 -5.90029e-05 -0.000116927  1.53848e-05   0.0378372   0.0281306 -0.00562502 -0.0111821 0.00125166 0.00243684  0.0182491   0.102694 -0.0146343 -0.0176202 -0.0976071    -9.8085 
             4.20011 -1.00185  4.51305 -1.43702  0.00854043 -0.00185384  -0.0101174  1.22994 -15.3634  1.00029 -4.15804e-05 -0.000110145   8.7023e-06  0.0501863   0.039579 0.00518132 -0.0116178  0.0014155 0.00100313  0.0159231  0.0996894 -0.0177406 -0.0149999 -0.0950026   -9.80853 
             4.29998 -0.867672   4.51007  -1.50236   0.0155436  0.00575476 -0.00888029  1.19617 -15.3347  1.01573 -3.79376e-05 -0.000108534  4.68494e-06  0.0549491  0.0455175 0.00603575 -0.0118636 0.00135746 0.00112053  0.0133707  0.0962814 -0.0184298 -0.0123719 -0.0918994   -9.80856 
             4.40003 -1.24879  4.55816 -1.56647    0.024756  -0.0014212 -0.00915683  1.22485 -15.3253  1.06629 -4.01264e-05 -0.000106594 -6.00638e-06  0.0644357  0.0307269 0.00569727 -0.0110357 0.00121442 0.00120168  0.0114468   0.101976 -0.0178969 -0.0111959 -0.0972113   -9.80851 
             4.49997 -1.06619  4.53706 -2.02914   0.0282112 0.000405982  -0.0133409  1.23546 -15.3145  1.06725 -3.45461e-05 -0.000112742 -5.83771e-06   0.0612047   0.0288188 -0.00743991 -0.0115828 0.00121324 0.00228385  0.0110543   0.103084 -0.0150952 -0.0110139 -0.0982784    -9.8085 
             4.60009 -0.985618   4.31745  -2.22638  0.0154525 0.00215255 -0.0134261  1.23807 -15.2788  1.04452  -2.9665e-05 -0.000128622  1.34341e-06   0.0286793   0.0258883 -0.00494643 -0.0117977 0.00163603  0.0027765  0.0123322    0.10381 -0.0152551  -0.011935 -0.0983874    -9.8085 
             4.70005 -1.18278  4.42977 -1.88532    0.0200341 -0.000563882   -0.0136888  1.25101 -15.2613  1.04296 -2.88107e-05 -0.000128026 -8.08782e-07   0.0329463   0.0208778 -0.00483925 -0.0113143 0.00134379 0.00196046  0.0105095   0.106138 -0.0154383 -0.0104452  -0.100533   -9.80848 
             4.79942 -1.21833  4.53417 -1.99128   0.0142127 -0.00433388  -0.0164492  1.26714 -15.2672  1.03535 -2.26881e-05 -0.000125321 -6.58296e-06  0.0203184  0.0134935 -0.0110056 -0.0112962 0.00111517 0.00219864  0.0126853   0.108963 -0.0138379 -0.0126912  -0.102829   -9.80845 
             4.90001 -1.19851  4.39168 -2.09155   0.0145493 -0.00440497  -0.0169808  1.28417 -15.2609  1.07253 -2.25704e-05  -0.00012582 -6.92292e-06   0.0166191   0.0134125 -0.00803304 -0.0114047 0.00142389 0.00236307  0.0124362   0.110883 -0.0141428 -0.0124879  -0.104566   -9.80843 
              5.0002 -1.22815   4.5184 -1.99203   0.0116065 -0.00483224  -0.0172394  1.28391 -15.2609  1.10037 -2.39561e-05 -0.000125294  -8.9669e-06   0.0114727   0.0130399 -0.00622208 -0.0113179 0.00113048 0.00206887  0.0133876   0.111611 -0.0143727 -0.0133617  -0.105031   -9.80843 
              5.0999 -1.23705   4.1801 -1.68096 -0.000479732   -0.0122499   -0.0161709  1.31198 -15.2307  1.13346 -3.32829e-05 -0.000112599  -3.6583e-06  -0.0156572 5.57063e-05 -0.00376839 -0.0113219 0.00185012 0.00132479  0.0133715   0.116209 -0.0151905 -0.0134267  -0.108733   -9.80839 
             5.19994  -1.2843  4.30023 -1.79884 -0.000364284   -0.0126272    -0.018455  1.31864 -15.2119  1.12802 -3.25687e-05 -0.000112888 -3.91526e-06  -0.0131675  0.00254532 -0.00863895 -0.0112602 0.00151276 0.00157771  0.0114595   0.116726 -0.0143056 -0.0117263  -0.109345   -9.80838 
             5.29995 -1.42562  4.40085 -1.98317 -0.0126238 -0.0131349 -0.0218853  1.3378 -15.218  1.1681 -2.65868e-05 -0.000109872 -8.10896e-06 -0.0310656 0.00710263 -0.0161357 -0.0110265 0.00129735 0.00191799  0.0139764   0.118912 -0.0127548 -0.0140101  -0.111066   -9.80836 
              5.4001 -1.37276  4.36929 -2.04563 -0.0185843 -0.0241799 -0.0210525  1.35821 -15.2062  1.16906 -2.22058e-05 -0.000110076 -9.15855e-06  -0.0373238   -0.011941 -0.00897189 -0.0112179 0.00134291 0.00205473  0.0133099   0.123247 -0.0138083 -0.0138084  -0.114695   -9.80832 
             5.49998 -1.29636  4.28227 -1.68719 -0.0054313 -0.0123886 -0.0152753  1.37409 -15.2062  1.15059 -2.95764e-07 -0.000110766  -1.4466e-05 -0.0120551  0.0151963  0.0100336 -0.0113466 0.00153449  0.0012699  0.0105666   0.121105 -0.0175274 -0.0108885  -0.113453   -9.80834 
             5.59996 -1.28224  4.28135 -2.06396  -0.0042669 -0.00838148  -0.0152757  1.39658 -15.2151   1.1626  -2.2572e-06  -0.00011108 -1.58365e-05 -0.0103382  0.0220314 0.00712188 -0.0114952 0.00153499 0.00204825   0.010833   0.122282 -0.0171044 -0.0111306  -0.114755   -9.80832 
             5.70003 -1.47691  4.41229 -2.12206 -0.00501743 -0.00502557  -0.0163103  1.40397 -15.2294  1.17894  2.01213e-08 -0.000107904 -1.52496e-05 -0.00802425   0.0303338  0.00236436 -0.0110922 0.00126377  0.0021274  0.0119217   0.122771 -0.0161873 -0.0121779  -0.115283   -9.80831 
             5.79938 -1.26936   4.2914 -2.68565  0.00374885 0.000677241  -0.0159504  1.40785 -15.2315  1.16386 -6.89835e-06  -9.4802e-05 -1.67462e-05 0.00471154  0.0354735 0.00230516 -0.0116447 0.00149222 0.00335448  0.0104641   0.122182 -0.0164154 -0.0109095  -0.115127   -9.80832 
             5.90007 -1.47589  4.33073 -2.37404 0.000323558 -0.00306015  -0.0172558  1.42069 -15.2489  1.16534 -5.07719e-06 -9.18439e-05 -1.98294e-05 -0.00288868   0.0279437 -0.00180787 -0.0111926 0.00146887 0.00265146  0.0122623   0.124818 -0.0153891 -0.0129083  -0.117289   -9.80829 
             6.00008 -1.36631   4.5037 -2.10503   0.00829472 -2.90266e-05    -0.015536  1.42661 -15.2602  1.18977 -6.97557e-06 -9.71658e-05 -1.65792e-05  0.0120635  0.0305773 0.00567636 -0.0114141 0.00112389 0.00199441   0.011855    0.12522 -0.0162197 -0.0126812  -0.117901   -9.80828 
             6.09999 -1.54192  4.27901 -2.39567  0.0125078 0.00301718 -0.0178602  1.43371 -15.2736  1.21546 -1.22459e-05 -9.27453e-05 -1.78755e-05   0.0119704   0.0374242 -0.00158582 -0.0111092 0.00162117 0.00257602  0.0122577   0.125942 -0.0149501 -0.0132437  -0.118758   -9.80827 
             6.20005 -1.34436  4.32676 -2.93612 0.00044786 0.00299934 -0.0170862 1.44996 -15.255 1.22844  -1.6497e-06 -0.000105648  -1.4431e-05 -0.00909473   0.0306691 0.000305467  -0.011644 0.00144184 0.00369684  0.0128127   0.128343 -0.0152591 -0.0136192  -0.120402   -9.80825 
              6.3001 -1.33236  4.34331 -2.04829  -0.0099425 0.000619952  -0.0150784  1.44407 -15.2518  1.24923  -1.2717e-05 -9.35409e-05  -1.2822e-05 -0.0240982  0.0220141  0.0048176 -0.0115173 0.00143901 0.00174609  0.0139663   0.129336 -0.0159507 -0.0147109  -0.120724   -9.80825 
             6.39998  -1.4403  4.45973 -2.49855 -0.0310795 0.00547286 -0.0141632  1.45476 -15.2669  1.24116 -1.26961e-05 -9.16379e-05 -1.87281e-05 -0.0527319  0.0301606 0.00468585 -0.0113797 0.00120625 0.00269574  0.0183259   0.130148 -0.0158031 -0.0182026  -0.120752   -9.80824 
             6.49997 -1.44492  4.28324 -2.75304 -0.0323075 0.00665857 -0.0182284  1.46161 -15.2735  1.28044 -1.81541e-05 -8.77909e-05 -2.03965e-05  -0.0510347   0.0299078 -0.00496808 -0.0114398  0.0015799 0.00316091  0.0179251   0.131156 -0.0138115 -0.0181707  -0.121954   -9.80823 
             6.59996 -1.34005  4.25669   -2.486  -0.0457899 0.000206146  -0.0174314  1.46592 -15.2625  1.30742 -2.72171e-05 -8.42214e-05 -1.61253e-05  -0.0674793   0.0132954 -0.00102638 -0.0116415 0.00161763 0.00254122   0.017994   0.133665 -0.0142455 -0.0185485  -0.123607    -9.8082 
             6.69994 -1.48704  4.31745 -2.37541  -0.0584827 -0.00267611  -0.0214088  1.46079 -15.2476   1.3164 -3.18851e-05 -7.57257e-05  -1.8391e-05 -0.0788458 0.00904613 -0.0114508  -0.011302  0.0014548 0.00227063  0.0174286   0.134268 -0.0126119 -0.0181877  -0.123864    -9.8082 
             6.79934  -1.5134  4.45299 -2.08713  -0.0542982 -0.00607868  -0.0222305  1.47741 -15.2581  1.34212 -4.12301e-05 -9.01204e-05 -1.70344e-05 -0.0585288 0.00467634 -0.0111723  -0.011247 0.00120147 0.00160676  0.0162791   0.136247 -0.0127613 -0.0177452  -0.126108   -9.80817 
             6.90007  -1.4079   4.2666 -2.35237  -0.0596891 -0.00795367  -0.0213244  1.48095 -15.2613  1.36444 -3.81915e-05 -8.83678e-05 -1.60595e-05  -0.0621487 0.000820501 -0.00668434 -0.0115271 0.00158187 0.00212904  0.0163514   0.137141 -0.0135805 -0.0179666  -0.126838   -9.80816 
             7.00004 -1.49741  4.41009 -2.41797  -0.064982 -0.0120358 -0.0210099 1.48807  -15.26 1.37542 -3.78141e-05 -8.88176e-05 -1.68252e-05  -0.0605628 -0.00407674 -0.00486725 -0.0113793 0.00127925 0.00222828  0.0159779   0.138585 -0.0139264 -0.0179044  -0.128042   -9.80815 
             7.09989 -1.37861   4.3322 -2.62599 -0.0768611  -0.008385 -0.0194653  1.48994 -15.2704  1.36805 -4.15964e-05 -8.89507e-05 -1.84896e-05 -0.0724478 0.00397543 0.00253352 -0.0116649 0.00144607 0.00264515  0.0178816   0.138108 -0.0146167 -0.0192499  -0.127428   -9.80815 
             7.19995 -1.40133  4.40352 -2.15046  -0.0624725 -0.00392117  -0.0184955  1.48334 -15.2944  1.38634 -3.66976e-05 -0.000105018 -1.58761e-05 -0.0395949  0.0127573 0.00438037 -0.0115425  0.0013687 0.00160261  0.0167701   0.136436 -0.0150587 -0.0186513  -0.126956   -9.80816 
             7.29995 -1.53759  4.34083 -2.89946  -0.0625969 -0.00155657  -0.0160246  1.49118 -15.2886  1.39207 -3.27434e-05 -0.000106178 -1.62349e-05 -0.0355859  0.0185001 0.00971072 -0.0113943 0.00144178 0.00311506  0.0157908   0.136915 -0.0159592 -0.0177898  -0.127562   -9.80815 
             7.39992  -1.4098  4.46916 -2.25159 -0.0584046 0.00177822 -0.0164761  1.47478 -15.2983  1.42787 -2.75787e-05 -0.000111909 -1.49068e-05 -0.0208765  0.0209228 0.00606759 -0.0115345 0.00122293 0.00170298  0.0154965   0.135389 -0.0154215 -0.0176859  -0.126544   -9.80817 
             7.50008 -1.37638  4.35444 -2.31522 -0.0601487  0.0079594 -0.0146014  1.47033 -15.3047  1.44938 -2.29476e-05 -0.000111034 -1.57702e-05 -0.0243538  0.0301109 0.00528579 -0.0116126  0.0014684 0.00178973   0.016112   0.134487 -0.0159039 -0.018029 -0.125844  -9.80818 
             7.59992 -1.34025  4.34139 -2.53214 -0.0610966  0.0134639 -0.0168333  1.4704 -15.309 1.47156 -2.55868e-05 -0.000112248 -1.68976e-05  -0.0262064   0.0390638 -0.00517106 -0.0117435 0.00149196 0.00217289  0.0162351   0.134173 -0.0149572 -0.0181201  -0.125773   -9.80818 
             7.69991 -1.46254  4.47557 -3.13481 -0.0581746  0.0214542 -0.0184851  1.46415 -15.3377  1.47398 -3.36621e-05  -0.00010429 -1.52014e-05   -0.019057   0.0508091 -0.00785656 -0.0115704 0.00127158 0.00338793  0.0179616   0.132958 -0.0144768 -0.019753 -0.124991  -9.80818 
             7.79929 -1.50063  4.23971 -2.54132 -0.0635091  0.0194824 -0.0209871  1.46673 -15.3362  1.49194 -4.45686e-05 -0.000101302 -1.81947e-05  -0.029752  0.0411526 -0.0123327   -0.01141 0.00178372 0.00216147  0.0179544   0.134535 -0.0137636 -0.020072  -0.12608  -9.80817 
             7.90003 -1.34648  4.54994 -2.03387 -0.0645082 0.00582932 -0.0199103  1.45294 -15.3692  1.50978 -9.89192e-05 -0.000104824 -1.38527e-05  -0.0235814  0.00678729 -0.00767537 -0.0116329 0.00125481  0.0011192  0.0199278   0.136568 -0.0142671 -0.0229441  -0.127168   -9.80815 
             7.99994 -1.38306  4.41039 -2.49181  -0.069426 0.00761631 -0.0196569  1.45537 -15.3696  1.51614 -9.73279e-05 -0.000105326 -1.37704e-05 -0.0345968  0.0125525 0.00164898 -0.0116398 0.00152142 0.00205544  0.0203405   0.136715 -0.0146126 -0.0231789  -0.127226   -9.80815 
             8.09999 -1.64863  5.13852 -2.85513  -0.0909598  0.00166871 -0.00663939  1.45664 -15.3741  1.52124 -0.000107073 -0.000125703 -4.64418e-05 -0.173026  0.019754  0.298684  -0.0111285 6.63017e-05  0.00275609  0.0226236   0.138639 -0.0155628 -0.0251641  -0.127927   -9.80813 
             8.20002 -1.70085  4.15707  -2.3385 -0.126247 0.0112744 0.0518393  1.45877 -15.3945   1.5353   6.1377e-05 -0.000156414 -1.52502e-05 -0.234822 0.0359485  0.523863 -0.0112522 0.00363864 0.00164658  0.0265925   0.138199 -0.0215446 -0.0276654  -0.126973   -9.80814 
             8.29999 -1.60905   3.1658  -2.2554 -0.122826 0.0175814  0.111945  1.46439 -15.4434  1.55806  0.000201748 -0.000165311 -5.18606e-05 -0.0583841  0.0352204   0.511915 -0.0115031 0.00260076 0.00153004  0.0284479   0.138092 -0.0242827 -0.0297526  -0.127499   -9.80813 
             8.39993 -1.62781  4.75241 -1.04633  -0.11486 0.0158112  0.161395  1.45927 -15.4268  1.56982  0.000208206 -0.000182842 -3.59951e-05 0.0825096 0.0172392  0.470792    -0.011608 -0.000508492 -0.000601129  0.0261481   0.138328 -0.0245044 -0.0280175  -0.127775   -9.80813 
             8.50004 -1.57982  6.42351 -1.82466 -0.0895269  0.0236577   0.207398  1.45209 -15.4396   1.6068  0.000193047 -0.000192093  4.35382e-05   0.15337 0.0377034  0.437404   -0.0117511 -0.000839565  0.000883345  0.0254548   0.136809 -0.0246963 -0.0276537  -0.127133   -9.80814 
             8.60004 -1.76339  7.39329 -2.36173 -0.0595713  0.0292712   0.243752  1.43735 -15.4438  1.63145 0.000315265 -0.00016802 0.000152207  0.187637 0.0437666  0.381296   -0.0115534 -3.19446e-05   0.00178853  0.0237058   0.135167 -0.0227272 -0.0266434  -0.126351   -9.80815 
             8.69987 -1.76459  8.00613 -2.10079 -0.0332435  0.0283522   0.272442  1.42996 -15.4411  1.65875   0.00038713 -0.000165507  0.000205007  0.202655 0.0201688  0.248957 -0.0117002 0.00051461 0.00136855  0.0219464   0.135181 -0.0204766 -0.0259227  -0.126623   -9.80815 
             8.79934 -1.77882  8.27369 -2.15157 -0.0115046  0.0319842   0.261453  1.43797 -15.4715  1.69024   0.00036697 -0.000166989  0.000211667  0.173294 0.0213329 -0.011023 -0.0117419 0.00101474 0.00162923 0.0225647  0.135276 -0.013374 -0.0291339  -0.127551   -9.80813 
             8.89986 -1.82158  8.91419 -1.66838 -0.00535123   0.0244622    0.248351  1.43387 -15.4988  1.71636  0.000321364 -0.000167739  0.000195891  0.0536893 0.00995128 -0.0467369  -0.0114928 0.000817226 0.000654816   0.0241985    0.136541 -0.00902649 -0.0329636   -0.12847    -9.8081 
             8.99986 -2.13953  8.65692  -2.7908 -0.0055606   0.026236   0.240212 1.43443 -15.503 1.72269  0.000275236 -0.000160161  0.000193391 -0.0265141  0.0237736 -0.0558489 -0.0111996 0.00179538 0.00295459   0.0241601    0.136615 -0.00780783 -0.0337635  -0.128635    -9.8081 
             9.09999  -1.9731  8.61465 -2.78282 -0.00460618   0.0309787    0.235082  1.43654 -15.5126   1.7352  0.000271671 -0.000151864  0.000182761 -0.0179727  0.0246733 -0.0540592 -0.0115632 0.00178459 0.00289533   0.0244029    0.136425 -0.00790301 -0.0340838  -0.128653    -9.8081 
             9.20003 -1.84492  8.40272 -2.02181 -0.00973288   0.0218148    0.232658  1.4395 -15.496 1.75806  0.000300151 -0.000136213  0.000214162  0.0204841 0.00907101 -0.0467774 -0.0116109 0.00196887 0.00128817   0.0241723    0.138746 -0.00879696 -0.0329554  -0.130002   -9.80808 
             9.29989 -2.12336  8.47769 -2.69599 -0.00858568    0.016698    0.236062  1.45723 -15.4887  1.76697  0.000384708 -0.000152302  0.000231307   0.0410237 0.000759568   -0.025319 -0.0112604 0.00165766 0.00245561  0.0253935   0.141458 -0.0113858 -0.0314318  -0.131786   -9.80806 
             9.39992 -2.04596  8.52288 -2.56741 -0.0130896  0.0148941   0.233098  1.46491 -15.5052  1.76267    0.0003803 -0.000155542  0.000256889  0.0110408 0.00456872 -0.0264163 -0.0113907 0.00169199 0.00220512  0.0278078   0.142489 -0.0109667 -0.0335371  -0.132448   -9.80805 
             9.49992 -2.02284  8.48767 -1.90259 -0.0102592 0.00849257   0.235828  1.45602 -15.5048  1.77652  0.000383119 -0.000154974  0.000250476  6.3721e-05 -0.00586359  -0.0130069  -0.0112085  0.00183694 0.000855291  0.0283148   0.143092 -0.0126654 -0.0325983  -0.132405   -9.80805 
             9.60006 -2.03329  8.59636 -2.03266 -0.012454  0.013284   0.23644  1.44969 -15.5273  1.78614  0.000388352 -0.000151629  0.000254269  -0.0057417  0.00781872 -0.00908433 -0.0112453 0.00164089 0.00109173 0.0309878  0.141986 -0.013108 -0.0342007  -0.131454   -9.80806 
             9.69995 -2.00442  8.46295 -2.23842 -0.00740643   0.0166086    0.235821  1.44625 -15.5232  1.82896   0.00039031 -0.000151073  0.000238474  0.00235755   0.0167283 -0.00750171 -0.0113466 0.00185653 0.00141541  0.0298921   0.141622 -0.0133491 -0.0333094  -0.131368   -9.80806 
             9.79928 -2.03438  8.45872 -2.61998 -0.0115421  0.0206241   0.239769  1.44253 -15.5241  1.88039  0.000384193 -0.000157172  0.000244729 -0.0106198  0.0222758 0.00634652 -0.0114301 0.00183485 0.00208804  0.0314488   0.141579 -0.0147311 -0.033028 -0.131089  -9.80807 
             9.89985 -2.16452  8.71424 -1.91057 -0.0206749  0.0101222   0.242714  1.44667 -15.5576  1.90834    0.0003526 -0.000145682  0.000240143 -0.0255661  0.0116024  0.0103775 -0.0109671 0.00146269 0.00065595  0.0355097   0.144425 -0.0148897 -0.0362944  -0.132587   -9.80804 
                  10 -2.07393  8.57635 -2.70053 -0.0202975  0.0149246   0.243262  1.44641 -15.5533  1.92091 0.000348522 -0.00014076 0.000235974 -0.0224832  0.0129145  0.0118292 -0.0114102 0.00164553 0.00216537  0.0346968   0.143852 -0.0148675 -0.0356993  -0.132382   -9.80804 
             10.0999 -2.04035  8.67412 -2.36946 -0.0243232  0.0141627   0.243094  1.44416 -15.5691  1.93488  0.000349103 -0.000141956  0.000237214  -0.029967  0.0227996 0.00760566 -0.0113733 0.00150387 0.00149778  0.0359384   0.144222 -0.0142951 -0.0372964  -0.132558   -9.80803 
             10.1998 -2.05933  8.48477 -3.36656 -0.0310586 0.00982417   0.242159  1.44215 -15.5624  1.96648  0.000373775 -0.000151914  0.000244631 -0.0389215 0.00250154 0.00349588 -0.0116554 0.00175967 0.00327402  0.0354126   0.145287 -0.0136915 -0.037356 -0.133172  -9.80802 
             10.2999 -2.11169  8.63169 -3.60873 -0.0416977   0.011388   0.240321  1.44308 -15.5796  1.98493  0.000374177 -0.000165914   0.00024428   -0.0578939    0.0159233 -0.000304206   -0.01162 0.00149807   0.003657  0.0373155   0.145503 -0.0127262 -0.0395094  -0.133318   -9.80801 
             10.4001 -2.15009  8.74322 -2.18774 -0.0529368  0.0170073   0.237986  1.43798 -15.6069  1.99621  0.000409926 -0.000135519  0.000248477  -0.0594238   0.0232783 -0.00626411   -0.011122  0.00143771 0.000938393  0.0402031   0.144565 -0.0117155 -0.0423786  -0.132589   -9.80801 
                10.5 -2.06251  8.84516 -2.18414 -0.0444434   0.024603   0.238463 1.43178 -15.665 1.98993 0.000422657 -0.00017661 0.000256254 -0.0428927  0.0501947 -0.0027161 -0.0112286 0.00138761   0.001057  0.0433165   0.143231 -0.0119782 -0.0456581  -0.131967   -9.80801 
                10.6 -1.91342  8.60112 -3.11454 -0.0374883  0.0322871   0.240285  1.41626 -15.6757  2.00858  0.000430965 -0.000153241  0.000249768 -0.0271276  0.0376489   0.002068 -0.0118309 0.00178519 0.00262347   0.043059    0.14141 -0.0128352 -0.0452586    -0.1308   -9.80802 
             10.6999 -1.96065  8.72681 -3.02431 -0.0337736  0.0296287   0.241734  1.40783 -15.7029  2.02285  0.000433569 -0.000148031  0.000252407 -0.0144237  0.0426213 0.00381081 -0.0116643 0.00157715 0.00248464 0.0444517    0.1419 -0.013087 -0.0469834  -0.130921   -9.80801 
             10.7992 -2.12623  8.78389 -2.87626 -0.0251974  0.0292569   0.240188  1.41771 -15.7256  2.02815  0.000432832 -0.000146096  0.000252497 -0.000773868    0.0318564   0.00207977 -0.0113487 0.00153271  0.0021473  0.0444338   0.143105 -0.0124859 -0.0484108   -0.13227   -9.80799 
                10.9 -2.08488  8.74083 -2.65277 -0.0224802  0.0357977   0.241498   1.4125 -15.7198   2.0478  0.000438376 -0.000150475  0.000254029 0.00179443  0.0466202 0.00532172   -0.01137 0.00162237  0.0017138  0.0438293   0.142383 -0.0129479 -0.0475173  -0.131844     -9.808 
             10.9999 -2.09981  8.76855 -2.50589 -0.0156864  0.0292779   0.242308  1.40885 -15.7338  2.05829  0.000420808 -0.000159051  0.000249864 0.00971406  0.0290319 0.00617302 -0.0112962 0.00159791 0.00141348  0.0437938   0.143695 -0.0129897 -0.0484295  -0.132597   -9.80798 
                11.1 -2.10742  8.80181 -2.43521 -0.0313357  0.0257648   0.240395  1.41381 -15.7409  2.07023  0.000411005 -0.000141686   0.00024501 -0.0180627  0.0223593 0.00025926 -0.0112957 0.00154992 0.00126516  0.0458768   0.145553 -0.0118307 -0.0505877  -0.133295   -9.80796 
             11.1999 -2.09375  8.84709 -2.10939 -0.0423912  0.0262662   0.240772  1.40309 -15.7658  2.09074 0.000404939 -0.00012803 0.000242161   -0.0360136    0.0223119 -1.35329e-05   -0.011218   0.0015355 0.000625231  0.0491187   0.145422 -0.0115312 -0.0532021  -0.132598   -9.80796 
             11.2998  -2.136 8.91167 -1.9567 -0.0476998  0.0226244   0.242434  1.39375 -15.8062  2.10124 0.000391328 -0.00012685 0.000237779 -0.0395349  0.0180798 0.00526765  -0.0110875  0.00150238 0.000318903  0.0527511   0.145868 -0.0115518 -0.0565401  -0.132368   -9.80794 
             11.3998 -2.08956  8.79932 -2.71262 -0.0522995  0.0181807   0.237842  1.39366 -15.8242   2.1144  0.000405522 -0.000130082  0.000240253  -0.044971  0.0070885 -0.0063062 -0.0114247 0.00168604 0.00172624   0.0532981     0.14682 -0.00989637 -0.0587241  -0.133017   -9.80792 
             11.4999 -2.03857  8.73262 -3.37281 -0.0501413  0.0185182   0.237529  1.39384 -15.8209    2.151  0.000410719 -0.000106888  0.000239281  -0.0402051   0.0134191 -0.00547653 -0.0116973 0.00175904  0.0028598  0.0521239   0.147192 -0.0101772 -0.0579685   -0.13348   -9.80792 
             11.5998 -1.89775   8.7872 -2.81667 -0.0350503  0.0150021   0.242066  1.38503 -15.8378  2.15948  0.000415897 -8.52778e-05  0.000240355   -0.0101126 -0.000843396   0.00845242 -0.0118029 0.00171359  0.0018175  0.0517774   0.146985 -0.0118299 -0.0576235  -0.133309   -9.80792 
             11.6998 -1.98435  8.84024 -3.47501 -0.0329769  0.0215628   0.241699  1.38031 -15.8473  2.16464   0.00039923 -7.80233e-05  0.000237504 -0.00868744   0.0202871  0.00436668 -0.0118165  0.0015841 0.00297361  0.0521287   0.145712 -0.0115438 -0.0582004  -0.132655   -9.80793 
             11.7993  -2.0682  8.75859 -4.00816 -0.031957 0.0290846  0.236794   1.3694 -15.8451  2.19336  0.000376375 -6.40506e-05  0.000235878  -0.0091067   0.0279075 -0.00893907 -0.0117939 0.00169517 0.00389706  0.0509975   0.144131 -0.0101155 -0.0583794  -0.131823   -9.80794 
             11.8999  -2.0542  8.83173 -3.75178 -0.0340726  0.0290267   0.235117  1.36706 -15.8422  2.19781  0.000379995 -6.32516e-05  0.000235306 -0.0142524  0.0321263  -0.010216 -0.0117561 0.00156343 0.00338696   0.0506809    0.144447 -0.00984515 -0.0583862  -0.131885   -9.80794 
             11.9998 -2.00747  8.80048 -3.57156 -0.0405098  0.0229118   0.238593  1.37726 -15.8479  2.19906 0.000370119 -5.8483e-05 0.000233581 -0.0262176  0.0139781 0.00186276 -0.0117857 0.00164035  0.0030101  0.0520931   0.146916 -0.0108785 -0.058926 -0.133119  -9.80792 
             12.0998 -2.07973   8.8133 -3.02987 -0.0475603  0.0252852   0.238053  1.38417 -15.8571  2.20139  0.000374802 -4.54003e-05  0.000234772 -0.0367431  0.0214323 0.00173692 -0.0115488 0.00165844 0.00201579  0.0533507   0.147474 -0.0105126 -0.059976 -0.133502  -9.80791 
             12.1999  -1.9548  8.89774 -3.67765 -0.0470879  0.0261368   0.239985 1.36804 -15.911 2.23391   0.00037198 -4.40438e-05  0.000235519  -0.032844  0.0198223 0.00618641 -0.0119052 0.00155904 0.00311334  0.0574635   0.146756 -0.0106149 -0.0639577  -0.132744   -9.80789 
                12.3 -2.13825  9.03873 -3.67065 -0.0430829  0.0222756   0.240892  1.36628 -15.9289  2.26008 0.000366348 -4.9134e-05 0.000235031 -0.0186078  0.0100632 0.00617597 -0.0116006 0.00132198 0.00307267   0.057818   0.147509 -0.0106218 -0.0651816  -0.133383   -9.80788 
             12.3999 -1.98266  8.83365 -3.49628 -0.0411293  0.0220693    0.24097  1.36913 -15.9262  2.27168  0.000363452 -5.51287e-05  0.000233169 -0.0191035  0.0159715 0.00626599 -0.0118102 0.00171453 0.00268892  0.0568636   0.147899 -0.0105381 -0.0648378  -0.133928   -9.80787 
             12.4999  -2.0605  8.95026 -3.25621 -0.0520013  0.0211777   0.241108  1.37069 -15.9481  2.28565 0.000357239 -4.0764e-05 0.000229752 -0.0351219 0.00748694 0.00609801 -0.0116315 0.00154534 0.00221947  0.0596335   0.148878 -0.0100141 -0.0672747  -0.134043   -9.80785 
             12.5998 -2.13177   8.9443 -2.56704 -0.0407687  0.0140362   0.238262  1.36992 -15.9535  2.29399  0.000325089 -9.10332e-05  0.000219555   -0.014903  0.00581552 -0.00228612   -0.011305  0.00160945 0.000948173   0.0572977    0.149413 -0.00928687 -0.0675229  -0.135073   -9.80784 
             12.6999 -1.93172  8.87681 -3.78547 -0.0450919  0.0103745   0.238693  1.37617 -15.9447  2.28344  0.000350893 -9.28365e-05  0.000229059  -0.0229733 -0.00981835 0.000337184 -0.0120307 0.00163202 0.00315803   0.0567902    0.150546 -0.00951188 -0.0670366  -0.135632   -9.80783 
             12.7994 -2.10778  8.89807 -3.51947 -0.0447491   0.010689   0.234013  1.36917 -15.9481  2.28834  0.000348663 -8.60374e-05  0.000229007 -0.0215586 0.00115414  -0.013873 -0.0116363 0.00160637 0.00265744   0.0561294    0.149665 -0.00827807 -0.0675874  -0.135233   -9.80783 
                12.9 -2.16199  8.93914 -3.53176 -0.0393452 0.00507997   0.235846  1.37241 -15.9591  2.29531  0.000349072 -8.86431e-05  0.000226438  -0.0112083 -0.00587249 -0.00578384 -0.0115325 0.00155161 0.00260969   0.0562105    0.150674 -0.00913035 -0.0679735  -0.136083   -9.80782 
             12.9998 -2.14085  8.96801 -3.88591  -0.036296 0.00402066   0.235282  1.36485 -16.0081  2.33357  0.000346422 -8.27494e-05  0.000225496 -0.00539236 -0.00387076 -0.00454551 -0.0117067 0.00155649 0.00321813   0.0596757     0.15045 -0.00875427 -0.0717374  -0.136003   -9.80779 
             13.0998 -2.07121  8.93047 -4.01622 -0.0373143 0.00697421   0.235532  1.36472 -16.0083  2.34225  0.000341731 -8.22741e-05  0.000223938  -0.0110283  0.00839021 -0.00234665 -0.0118417 0.00162316 0.00338058   0.0599208    0.150147 -0.00894476 -0.0715957  -0.135889    -9.8078 
             13.1998 -2.19084  8.99022 -3.24414 -0.0302256  0.0119303   0.234074 1.36872 -16.005 2.34917 0.000358732 -9.8803e-05 0.000228806  0.00286251   0.0160647 -0.00350037 -0.0114461 0.00154772 0.00196247   0.0585837    0.149546 -0.00882224 -0.0708266  -0.136284    -9.8078 
             13.2998 -2.13849  9.02994 -2.97426 -0.0304221 0.00892878   0.235616  1.37196 -16.0079  2.35489  0.000344239 -9.69907e-05  0.000226625 -0.000982926    0.0178948 -0.000337144 -0.0114498 0.00149053 0.00143286  0.0589186    0.15066 -0.0093025 -0.0710885  -0.136813   -9.80779 
             13.3999 -2.15844  8.90963 -3.26421 -0.0292497  0.0034198   0.233577  1.37722 -16.0113  2.35341  0.000339421 -9.79975e-05  0.000225228 -0.00188728  0.00209707 -0.00549796 -0.0115284 0.00169626 0.00196085   0.0583887    0.151992 -0.00871116 -0.0717458  -0.137686   -9.80777 
                13.5  -2.0547  9.00332 -3.15715 -0.0333462   0.022031   0.234562  1.36905 -16.0117  2.36182  0.000348061 -9.20756e-05    0.0002179   -0.0097498    0.0426951 -0.000920947  -0.011677 0.00152954 0.00175577   0.0598782    0.149058 -0.00909852 -0.0712041   -0.13602    -9.8078 
                13.6 -2.15774  8.89761 -3.18981 -0.0492697  0.0212802   0.233703  1.37264 -16.0195  2.37933  0.000345882 -8.97879e-05  0.000220554   -0.040514   0.0346144 0.000359878 -0.0114882 0.00173524 0.00177784   0.0620143    0.150855 -0.00848779 -0.0728484  -0.136337   -9.80778 
             13.6999 -2.17318  9.06513 -3.15588 -0.0463107  0.0214081   0.236656   1.3729 -16.0226  2.36197  0.000340868 -9.24185e-05   0.00022185 -0.0286252  0.0354963 0.00751054  -0.011489 0.00146102 0.00172922   0.0616825    0.150988 -0.00932699 -0.072609 -0.136517  -9.80778 
             13.7995 -2.27101  9.05479 -3.17307 -0.0346145  0.0161182   0.233323 1.37486 -16.044 2.36371 0.000345074 -8.3151e-05 0.000221087 -0.00716307   0.0281302 -0.00440258 -0.0112947 0.00150309 0.00171937   0.0607242    0.151916 -0.00835905 -0.0742296  -0.137616   -9.80775 
             13.8999 -2.14348  9.06912 -2.64247 -0.038502 0.0234976  0.233243  1.36131 -16.0726  2.37784  0.000352621 -7.74711e-05  0.000219724  -0.0130494   0.0356766 -0.00289051  -0.0113872  0.00155606 0.000767537   0.0637392     0.15044 -0.00811876 -0.0765574  -0.136372   -9.80775 
             13.9999 -2.08803   9.1141 -2.73851 -0.0499072  0.0306944   0.234396  1.34266 -16.1075  2.41173  0.000350773 -7.30032e-05  0.000215906 -0.0330234  0.0505019 0.00145517   -0.011465  0.00155208 0.000874926  0.0681851   0.149275 -0.0079534 -0.0797008  -0.134851   -9.80775 
             14.0999 -2.06099  9.12984 -3.22103 -0.0548245  0.0370254   0.236153  1.34493 -16.1277  2.42033   0.00034912 -7.33971e-05  0.000214435 -0.0365401  0.0489241  0.0061288 -0.0116818 0.00152923  0.0017362   0.0702637    0.149493 -0.00813209 -0.081243 -0.134983  -9.80773 
             14.1999 -2.11393   9.0359 -2.99872  -0.05307 0.0377662  0.234526   1.3401 -16.1395  2.43446  0.000348545 -6.82166e-05  0.000213266 -0.0328519   0.052249 0.00197245 -0.0115246 0.00172399 0.00132037   0.0701175    0.149704 -0.00750689 -0.0822481  -0.135104   -9.80772 
             14.2999 -2.08837  9.07996 -4.07685 -0.0655028   0.039929   0.234162  1.33461 -16.1541  2.43861    0.0003746 -9.99687e-05  0.000216687 -0.0502913  0.0432491 0.00155313 -0.0118732 0.00159982  0.0032248   0.0722963    0.150014 -0.00707962 -0.0839395  -0.134744   -9.80772 
             14.3998 -2.05642  9.00555 -3.93206 -0.0591645  0.0368505   0.235507  1.33273 -16.1596  2.45312  0.000391757 -7.71423e-05  0.000217896 -0.0364038  0.0360371 0.00326941 -0.0119136 0.00172615 0.00294592   0.0713106    0.150787 -0.00751516 -0.0839349  -0.135249   -9.80771 
             14.4999 -1.95458  9.11996 -4.04591 -0.0637163   0.038759   0.236656  1.32801 -16.1884  2.45253 0.000392843  -7.697e-05 0.000218384 -0.0401235  0.0324909 0.00541764 -0.0120923 0.00155849 0.00309504    0.073859     0.15074 -0.00740337 -0.0862939  -0.134948   -9.80769 
             14.5999 -2.07653   9.1517 -4.04534 -0.062871 0.0393857  0.235387   1.3234 -16.2014  2.45859   0.00039558 -7.10986e-05  0.000219091 -0.0335497  0.0300132 0.00032891 -0.0118991 0.00151332 0.00308825   0.0740244     0.15063 -0.00686288 -0.0873538  -0.134888   -9.80768 
             14.6999 -2.07726  9.05764  -3.5986 -0.0673487  0.0350057   0.234903  1.31437 -16.2289  2.48138  0.000380272 -6.81049e-05  0.000214433 -0.0533755  0.0624005 -0.0593166 -0.0117369 0.00176794 0.00221737   0.0760606    0.151325 -0.00639769 -0.089903 -0.134764  -9.80766 
             14.7993 -2.81688  8.90055 -3.22998 -0.0714405  0.0377488   0.227452  1.30839 -16.2449  2.48407  0.000365775 -7.36658e-05  0.000196388 -0.0969063  0.0792863  -0.114852  -0.010737 0.00206514 0.00156744   0.0761163    0.151386 -0.00608294 -0.0911126  -0.134782   -9.80765 
             14.8999 -3.50162  9.17953 -2.88256 -0.0672109  0.0366085   0.218771  1.31272 -16.2526  2.48062   0.00034774 -8.82608e-05  0.000168564 -0.00903664   0.0470486  -0.0228516 -0.0110854 0.00124416 0.00198918   0.0751394      0.1524 -0.00593771 -0.0916083  -0.135687   -9.80763 
             14.9998 -3.84824  9.77117 -2.17902 -0.0587913  0.0359958   0.222395  1.31305 -16.2727  2.49801 0.000293763 -0.00015123 0.000159516  0.0361727  0.0157543 0.00174957 -0.0113621 0.00166394  0.0015282   0.0763311    0.153093 -0.00707831 -0.0926926  -0.136099   -9.80762 
             15.0998 -3.93487   9.8513 -2.15044 -0.0552754   0.037263   0.222715  1.31008 -16.2816  2.50582  0.000290861 -0.000153384  0.000158982    0.021035    0.032396 -0.00257966 -0.0115444 0.00175873  0.0019488   0.0769527    0.153092 -0.00703848 -0.0934021  -0.136005   -9.80761 
             15.1998  -4.0614  9.83092 -2.55408 -0.0492636  0.0374509   0.224007  1.30564 -16.2809  2.50721  0.000299519 -0.000151271  0.000164783 0.00529965  0.0248067 0.00692777 -0.0118043 0.00183748 0.00307173    0.076369    0.153219 -0.00746098 -0.093095 -0.135867  -9.80762 
             15.2998 -4.34765  9.88316 -2.33074 -0.0471654  0.0299256   0.225634   1.3092 -16.2838  2.50326  0.000303235 -0.000151059   0.00016202 -0.00528844 -0.00195035   0.0125631 -0.0117149 0.00192039 0.00310628   0.0761913    0.154794 -0.00759524 -0.0933167  -0.136525   -9.80761 
             15.4009 -4.28955  9.97211 -1.45085 -0.0382368  0.0196202   0.227508  1.30897 -16.3027  2.51018  0.000279529 -0.000168373  0.000166271   0.0206747 -0.00946644   0.0118318 -0.0116421 0.00185506 0.00169003   0.0765207    0.156217 -0.00764741 -0.0945591  -0.137089   -9.80759 
             15.4998 -4.07806  9.81762 -1.53508 -0.0337737  0.0199379   0.222386   1.2985 -16.3099  2.52119  0.000265128 -0.000199913  0.000153332    0.10048 -0.0558404 -0.0322289 -0.0119812 0.00204056   0.001836   0.0767942    0.154568 -0.00662854 -0.0955689  -0.136525   -9.80758 
                15.6 -3.59435  10.2088 -2.70633 -0.0249587  0.0149475   0.220056  1.30146 -16.3199   2.5211  0.000266514 -0.000208521   0.00015069   0.139099  -0.056991 -0.0226938   -0.01229 0.00127385 0.00372496    0.078243    0.154779 -0.00659099 -0.0964851  -0.136665   -9.80757 
             15.6999 -2.93603  10.1451 -2.96107 -0.0230672  0.0223814   0.215555  1.29839 -16.3356   2.5291 0.000213782 -0.00028499 7.60344e-05   0.141529 -0.0204181 -0.0507469 -0.0125205 0.00180063 0.00366204    0.080863    0.152797 -0.00582975  -0.09853 -0.136219  -9.80756 
             15.7994 -2.65272  10.2801 -2.63931 0.00524366  0.0142128   0.211663 1.29871  -16.35 2.53685  0.000221936 -0.000253168  9.94382e-05   0.178122 -0.0468024 -0.0528237  -0.012208 0.00147898 0.00270648   0.0803239    0.153747 -0.00596685 -0.0991097   -0.13641   -9.80755 
             15.8998  -2.2102  10.3868 -2.77966 0.0246054  0.016949  0.206966  1.29911 -16.3511  2.54672  0.000211495 -0.000251082   6.7957e-05    0.196692 -0.00351067  -0.0439021 -0.0119983 0.00171085 0.00235917   0.0802043    0.152974 -0.00598383 -0.0992401   -0.13626   -9.80755 
             15.9997 -2.69146  10.1274 -3.62986  0.048071 0.0202991  0.205744  1.30035 -16.3557  2.54926 0.000202535 -0.00024532 5.84723e-05     0.11923  -0.0295019 -0.00652781 -0.0117648 0.00159989 0.00301025   0.0800575    0.152708 -0.00668167 -0.0991282  -0.136036   -9.80756 
             16.0999 -2.86462  9.93332  -3.8146   0.067918 0.00641319   0.209975  1.31173 -16.3666  2.55264 0.000235835 -0.00022924 3.68847e-05 0.0386436 -0.114362 0.0347942 -0.0112931 0.00187848 0.00282438   0.0795702    0.154963 -0.00739534 -0.099206 -0.137094  -9.80754 
             16.1999 -2.58201  9.60755 -7.50713   0.0767662 -0.00145916    0.213874 1.30811  -16.35 2.53862  0.000148134 -0.000133866  1.42515e-05 0.0182032 -0.150311 0.0405844 -0.0121328 0.00165403 0.00456938  0.0773997   0.153634 -0.0078881 -0.0974906  -0.136426   -9.80757 
             16.2998 -2.53315  10.1957 -14.0106  0.0779829 -0.0118623   0.223542   1.3017 -16.3845  2.56661 -0.000146175 -0.000230126 -4.03383e-05 0.0212253 -0.218549   0.05086  -0.0130573 0.000568298  0.00686278   0.0813246     0.15251 -0.00873987 -0.0997639  -0.135741   -9.80755 
             16.3998 -2.04819  10.0961 -21.5671  0.0685312 -0.0208281   0.227543  1.29922 -16.4028  2.57499 -0.000692254 -0.000762657 -0.000168537 -0.0213519  -0.225022  0.0305227  -0.0136442 0.000912457  0.00808363 0.0849548  0.150828 -0.008394 -0.10108 -0.13477 -9.80755 
             16.4999 -1.66803  10.5256  -31.298 0.0699085 -0.017438  0.228463  1.28567 -16.3932  2.54925  -0.00216282  -0.00103323 -0.000489665 -0.0708829   -0.10468  0.0407384  -0.0149252 0.000122126   0.0105852   0.0859674    0.145626 -0.00809047 -0.0978938  -0.132816   -9.80761 
             16.5998 -1.37113  10.5969 -37.9897  0.0734839 -0.0105864   0.231125  1.28667 -16.4037  2.54648  -0.00302607  -0.00112307 -0.000677994  -0.052148 -0.0133506   0.048046  -0.0143658 0.000112908  0.00902576   0.0891028    0.142742 -0.00777182 -0.0954392  -0.133108   -9.80763 
             16.6999 -0.735602   10.9166  -41.3355   0.0623477 -0.00624375    0.224176  1.28965 -16.4171  2.53691  -0.00303575  -0.00142989 -0.000705554 -0.0630169 -0.0477777 -0.0245095   -0.0148357 -0.000113488   0.00609362   0.0922835    0.144015 -0.00591438 -0.095471 -0.130996  -9.80766 
             16.7994 -0.442485   11.8203  -45.3397   0.0641586 -0.00821279    0.218539  1.29509 -16.4113  2.53997  -0.00306048  -0.00140746 -0.000703724  0.0570488  0.0434683 -0.0512635   -0.0140484 -0.000425319   0.00614207   0.0912293    0.142653 -0.00538561 -0.0947299  -0.133137   -9.80764 
             16.8999 -1.78572  11.3616 -48.7584   0.0723123 -0.00504151    0.214421  1.29407 -16.4068  2.54768  -0.00306591  -0.00146921 -0.000698349  0.0629046   0.047231 -0.0773403  -0.0137975 6.84848e-06  0.00606671   0.0913226    0.141367 -0.00619854 -0.0936625  -0.134393   -9.80763 
             16.9998 -1.66561  11.6077 -48.5456   0.0835008 0.000994285    0.215415  1.30579 -16.4091  2.54708  -0.00299809  -0.00160529 -0.000675746  0.0395783  0.0734211 -0.0448406  -0.0134328 6.42168e-05   0.0033876   0.0935526    0.139026 -0.00803461 -0.0914235  -0.138451    -9.8076 
             17.0998 -1.56213  11.5828 -48.1513 0.0769115 0.0114222  0.214362  1.30309 -16.4326  2.54714   -0.0029748  -0.00135432 -0.000660846 0.00439119  0.0756047 -0.0331545  -0.0134713 0.000344954  0.00224721   0.0973833    0.144982 -0.00825592 -0.0927874  -0.132248   -9.80767 
             17.1998 -1.39612  11.5672 -47.8519 0.0720536 0.0172451  0.214805  1.30303 -16.4343  2.56648  -0.00307255  -0.00121133 -0.000673656 0.000348978   0.0671832  -0.0250703  -0.0134795 0.000324232   0.0019063   0.0963527    0.148956 -0.00930387 -0.0947239  -0.129211   -9.80769 
             17.2999 -1.46447  11.6072 -48.3225 0.0751545 0.0238792  0.215995   1.3043 -16.4598  2.57483   -0.0030355  -0.00128128 -0.000670792 0.00949209  0.0623896  -0.013778  -0.013489 0.00025447 0.00300593   0.0996194    0.147045 -0.00978861 -0.0955857  -0.131422   -9.80765 
             17.3999 -1.66309  11.5193 -46.8644 0.0722908 0.0258301  0.217137  1.30452 -16.4836  2.57744   -0.0031933  -0.00125739 -0.000705831 -0.00628793   0.0412212 -0.00516337  -0.0128562 0.000442028 0.000752035  0.0985402   0.149082 -0.0104822 -0.100769 -0.130012  -9.80762 
             17.4998 -1.74249  11.6185 -47.5437 0.0770206   0.01817  0.221936   1.3082 -16.4851  2.58508   -0.0033666  -0.00150826 -0.000762494 0.00326189  0.0143381 0.00936067  -0.0130881 0.000201519  0.00224554  0.0909962   0.143229 -0.0130364 -0.107808  -0.13725  -9.80745 
             17.5998 -1.62174  11.5191 -47.3841 0.0672251 0.0141049   0.22553    1.302 -16.4968  2.59043  -0.00353686  -0.00142428 -0.000788176  -0.0208323 -0.00656681   0.0181317  -0.0133021 0.000376925  0.00219446  0.0861865   0.148812 -0.0142442 -0.115001 -0.131741  -9.80744 
             17.6998 -1.60097  11.4906 -47.0343  0.0795341 0.00994513   0.224831 1.30347 -16.499 2.59842  -0.00345138  -0.00161113 -0.000791175 0.00181099 -0.0221928  0.0119399  -0.0131919 0.000425542  0.00173748  0.0868537   0.137863 -0.0137643 -0.113599 -0.142414  -9.80731 
             17.7993 -1.73533  11.5673 -46.2331  0.0804659 0.00195816   0.223717  1.30528 -16.5023   2.6277  -0.00348428  -0.00165247 -0.000800842 0.00321948 -0.0416918 0.00647422  -0.0126831 0.000312811 0.000421449  0.0827675   0.136891 -0.0137262 -0.117776 -0.144609  -9.80723 
             17.8998 -1.62114  11.5257 -46.7173  0.0737257 0.00185938   0.223828  1.30425 -16.5113  2.64004  -0.00349971  -0.00161287 -0.000798938 -0.0118895 -0.0403477 0.00768527  -0.0130538 0.000385621  0.00138588   0.085228   0.142517 -0.0130901 -0.117334 -0.139226  -9.80731 
             17.9998 -1.65554  11.4694 -46.5866  0.0676948 0.00170133   0.221515  1.29965 -16.5116  2.64903   -0.0035202  -0.00160394 -0.000800742 -0.0249097 -0.0420969   0.001593  -0.0129703 0.000502534  0.00124642  0.0868408    0.14614 -0.0119537 -0.116051  -0.13503  -9.80738 
             18.0998 -1.62253   11.619 -46.6705  0.0619845 0.00507504   0.220293  1.29671 -16.5255  2.67044  -0.00356388  -0.00161677 -0.000816721 -0.0241521 -0.0226506 0.00494816  -0.0130734 0.000249864  0.00147198  0.0926862    0.15006 -0.0105827 -0.112987 -0.130844  -9.80748 
             18.1999 -1.78952  11.3928 -47.9962  0.0663188 0.00910451   0.223496  1.30181 -16.5243  2.67284   -0.0036575  -0.00160861 -0.000834942 -0.0164032 -0.0220202  0.0113242  -0.0133927 0.000447267  0.00377514 0.0986387  0.147792 -0.010581 -0.106979 -0.133324  -9.80751 
             18.2999 -1.60719  11.4622 -47.3207  0.0603495 0.00236614   0.223715  1.29939 -16.5448  2.67608  -0.00362304  -0.00161974 -0.000824963  -0.033736 -0.0514698 0.00621336  -0.0136245 0.000279221  0.00302791 0.0978784  0.149118 -0.010462 -0.111112 -0.132021  -9.80748 
             18.3999 -1.69809  11.4296 -46.9341   0.057041 0.00407832   0.222389  1.29989 -16.5453  2.68169   -0.0036728  -0.00162958 -0.000837321 -0.0349344 -0.0406848 0.00333823  -0.013268 0.00034792 0.00255777    0.102089    0.150508 -0.00932494 -0.107239   -0.1304  -9.80755 
             18.4999 -1.65506  11.4253  -47.412  0.0559603 0.00474122   0.222533  1.30637 -16.5388  2.69023  -0.00372342  -0.00162363 -0.000849501 -0.0358488 -0.0401884 0.00394402  -0.0135131 0.000357705  0.00342531    0.104814    0.150787 -0.00888774 -0.103542 -0.130961  -9.80758 
             18.5998 -1.63315  11.4761  -47.115   0.052884 0.00565597   0.223176  1.30781 -16.5472  2.69493  -0.00376406  -0.00162939 -0.000861646 -0.0398045 -0.0397022 0.00727452  -0.0134548 0.000307071  0.00292847     0.10903    0.151529 -0.00830846 -0.100944 -0.130201  -9.80762 
             18.6997 -1.63499  11.4936 -47.1337   0.046293 0.00357359   0.224804  1.30785 -16.5489  2.70207  -0.00377468   -0.0016489 -0.000866354 -0.0449368 -0.0456323   0.011186  -0.0134276 0.000275772  0.00299631    0.110116     0.15343 -0.00834296 -0.100415 -0.128503  -9.80764 
             18.7993 -1.64891  11.4879 -46.8503 0.0426689 0.0043247  0.223788  1.30708 -16.5629  2.70857  -0.00380755  -0.00164953 -0.000875158  -0.047179  -0.042116 0.00600376  -0.0132924 0.000332871  0.00248145    0.114623    0.153701 -0.00714499 -0.0983448  -0.127822   -9.80767 
             18.8999 -1.68882  11.4572 -46.3255  0.0580879 0.00742946   0.222786  1.30946 -16.5763  2.70625  -0.00385394  -0.00156248 -0.000877299 -0.0138417 -0.0342958  0.0034506  -0.0130293 0.000440902  0.00160327    0.122982    0.145259 -0.00570309 -0.0915753  -0.135112   -9.80764 
             18.9997 -1.74998  11.4614 -45.8224 0.0618054 0.0115137  0.221427  1.30685 -16.5866  2.71137  -0.00388031   -0.0015385 -0.000879813 -0.00804704  -0.0237182 0.000419083    -0.01273  0.00048674 0.000738405    0.128615    0.143624 -0.00448574 -0.0876955  -0.135703   -9.80767 
             19.0999 -1.64059  11.4241 -46.6414  0.0581742 0.00705936   0.221197  1.30963 -16.5972  2.71928  -0.00386002  -0.00154184 -0.000875265 -0.0158156 -0.0330238 0.00175882  -0.0131907 0.000533134  0.00214465    0.128388    0.144946 -0.00438126 -0.0896816  -0.135222   -9.80766 
             19.1999 -1.72249  11.4072 -46.3787  0.0542115 0.00369341   0.218654  1.32127 -16.5987  2.72799  -0.00385643  -0.00154908 -0.000875238  -0.0231316  -0.0396913 -0.00266164  -0.0129753 0.000578127  0.00170061    0.128038    0.147495 -0.00367964 -0.0902727  -0.134812   -9.80766 
             19.2998 -1.68082  11.4111 -45.9401 0.0542118 0.0107701  0.218282 1.32175 -16.615 2.72759  -0.00390871  -0.00155207 -0.000888639  -0.0214055  -0.0209411 -0.00238634  -0.0128776 0.000619635 0.000958777    0.135655    0.147959 -0.00254471 -0.0858011  -0.133618   -9.80771 
             19.3999 -1.76276  11.4837 -46.8598   0.055896 0.00949719   0.220931  1.32243 -16.6345  2.72478  -0.00393166  -0.00153676 -0.000891948 -0.0152741  -0.025818 0.00568814  -0.0130441 0.000478657  0.00258265    0.139127    0.146548 -0.00277695 -0.0855706  -0.134844    -9.8077 
             19.4997 -1.71665  11.4519 -46.7085 0.0590275 0.0113634  0.220218  1.32934 -16.6469  2.72632  -0.00396975  -0.00152534 -0.000900234 -0.00987492   -0.019615  0.00378996  -0.0130867 0.000567785  0.00233523    0.143079    0.145873 -0.00187245 -0.0836093  -0.136123    -9.8077 
             19.5997 -1.74851  11.5489  -45.862  0.0652593 0.00608923   0.220755 1.33444 -16.657 2.73563  -0.0039629 -0.00149972 -0.00089432 0.00131292  -0.030501 0.00509317  -0.0127374 0.000472213  0.00092242    0.143751     0.14337 -0.00182075 -0.0841318  -0.139456   -9.80765 
             19.6997 -1.70393  11.4458 -45.8511  0.0668381 0.00360298   0.220507  1.32918 -16.6609  2.74582  -0.00396826  -0.00149427 -0.000895685 -0.000108528   -0.0351138   0.00639708   -0.012801 0.000670443 0.000954962    0.144589    0.142273 -0.00149373 -0.0838447  -0.139786   -9.80765 
             19.7995 -1.73034  11.5984 -45.8068  0.0658244 0.00203696   0.221206  1.32896 -16.6917  2.75521  -0.00398124  -0.00149906 -0.000900334 6.70454e-05   -0.036691  0.00812153  -0.0127268 0.000454106 0.000879818     0.148976     0.143011 -0.000841302 -0.0847296  -0.139079   -9.80765 
             19.8998 -1.70512  11.5852 -46.0622   0.0608955 -0.00107105    0.223093   1.3334 -16.7002  2.76664  -0.00397968   -0.0015175 -0.000901559 -0.0124463 -0.0433788  0.0119397 -0.0128753 0.00048277 0.00134875     0.149933      0.14574 -0.000898768 -0.0855059  -0.137522   -9.80766 
             19.9999 -1.79308  11.5849 -45.7088    0.0620815 -0.000482012     0.223482  1.33096 -16.7064  2.76666  -0.00399772   -0.0015135 -0.000904287 -0.00595452  -0.0361509   0.0130545  -0.0125703 0.000519129 0.000729893     0.152734     0.144977 -0.000273488 -0.0837999  -0.137472   -9.80768 
             20.0997 -1.74871  11.6186 -45.9494    0.073634 -0.00283559    0.225937  1.32832 -16.7046  2.76928  -0.00402352  -0.00147199 -0.000907285 0.0143229 -0.042188  0.016228  -0.0127246 0.000430453  0.00117912     0.154365     0.140384 -0.000419162 -0.0814012  -0.141054   -9.80765 
             20.1998 -1.79557  11.5274 -46.3607   0.0769068 -0.00227275    0.224061  1.32952 -16.7133  2.77068  -0.00405514  -0.00147394 -0.000913043  0.0157231 -0.0344748  0.0116129  -0.0127903 0.000592957  0.00188536    0.157008    0.140158 0.000873256 -0.0801638  -0.141057   -9.80766 
             20.2998 -1.69465  11.4396 -46.6662    0.0686358 -0.000986143     0.226483  1.32926 -16.7133  2.77493  -0.00405467   -0.0015322 -0.000909149 -0.00426226  -0.0298702   0.0165138  -0.0130683 0.000726744  0.00240428    0.158092    0.144179 0.000813441 -0.0798507  -0.137333   -9.80771 
             20.3999 -1.82024  11.5849  -46.387  0.0779746 -0.0109291   0.226314  1.33362 -16.7105  2.78066  -0.00403873  -0.00148609 -0.000901637  0.0132101 -0.0468076  0.0121821 -0.0127541 0.00047215 0.00190611    0.155894    0.140863 0.000880615 -0.0807018  -0.141359   -9.80765 
             20.4997 -1.73771   11.459  -46.134  0.0759575 -0.0152089   0.226592  1.34133 -16.7031  2.78962  -0.00403681  -0.00149299 -0.000900463 0.00529051 -0.0486536  0.0118775  -0.0128011 0.000692844  0.00146005   0.154716   0.143187 0.00101262 -0.080798 -0.140653  -9.80766 
             20.5999 -1.73688  11.5414 -46.3571  0.0797051 -0.0149627   0.223462   1.3439 -16.6999   2.7856  -0.00405238  -0.00149121 -0.000904566 0.00815841   -0.04471 0.00195197  -0.0128768 0.000529368  0.00187388   0.156156   0.142613 0.00228484 -0.0787216   -0.14101   -9.80767 
             20.6997 -1.67028  11.4344 -46.1242    0.077842 -0.00250649    0.224366  1.34742 -16.6935  2.79548  -0.00409274  -0.00150294 -0.000913998 0.00155188  -0.015252 0.00748546  -0.0128956 0.000724804  0.00144996   0.161185   0.145532 0.00292847 -0.0736115  -0.138146   -9.80775 
             20.7994 -1.65882  11.5533 -46.2822   0.0827933 -0.00747265    0.225117  1.34887 -16.6983  2.81058  -0.00408875  -0.00148435 -0.000910942 0.00778288 -0.0286303 0.00942987  -0.0129622 0.000512284  0.00174075     0.1609   0.144237 0.00286664 -0.0743102  -0.139972   -9.80772 
             20.8998 -1.65715  11.6317 -46.6119   0.0802428 -0.00348946    0.228042  1.34957 -16.6993  2.80758 -0.00411497 -0.00150881   -0.000922 0.00325301 -0.0205467  0.0149996 -0.0130632  0.0003627 0.00232602   0.163455   0.145904 0.00277528 -0.0725165  -0.138155   -9.80776 
             20.9998 -1.67567  11.4374  -46.906  0.0645262 0.00389215    0.22687  1.34778 -16.7031  2.79892  -0.00412692  -0.00158385 -0.000922778  -0.0255346 -0.00217795   0.0107837   -0.013114 0.000700743  0.00286238   0.165749   0.151071 0.00386808 -0.0719226  -0.132686   -9.80784 
             21.0998 -1.8005 11.5294 -46.014   0.0709427 -0.00122376    0.223178  1.35889 -16.6947  2.79425  -0.00411022  -0.00156182 -0.000916335 -0.00939512  -0.0117003 -0.00661647   -0.012646 0.000607223  0.00140535   0.163358   0.149351 0.00466195 -0.0720929  -0.135873   -9.80779 
             21.1997 -1.74756  11.5692 -45.6068  0.0756053 0.00146261   0.219101  1.35747 -16.7058  2.79815  -0.00410468  -0.00155126 -0.000914195 -0.00337429  -0.0090585  -0.0105652  -0.0126978  0.00064317 0.000833424   0.166096   0.147588 0.00605666 -0.0709278  -0.136854   -9.80779 
             21.2998 -1.77311  11.5711 -45.7299  0.0712024 0.00640495   0.217512  1.36163 -16.7021  2.80322  -0.00411405   -0.0015558 -0.000917731  -0.0166907 -0.00731917 -0.00848594   -0.012767 0.000675246  0.00130488   0.167351   0.149764 0.00648696 -0.0695162  -0.135318   -9.80782 
             21.3997  -1.7964  11.6094 -45.6631 0.0600107 0.0104033   0.21748  1.36146 -16.7067  2.81275  -0.00412439  -0.00157519 -0.000924474  -0.0307296 -0.00150132  -0.0044752  -0.0127176 0.000635362  0.00127418   0.168903   0.153217 0.00661417 -0.0694833  -0.132278   -9.80786 
             21.4996 -1.73412  11.6274 -46.0258 0.0456825 0.0200533  0.225069  1.35947 -16.7171  2.81072   -0.0041552  -0.00162011 -0.000937257 -0.0557261  0.0108988  0.0185988  -0.0129599 0.000620636  0.00193156  0.173557  0.156892 0.0054189 -0.0679742  -0.128312   -9.80793 
             21.5999 -1.87929  11.4906 -45.8273 0.0528902 0.0236343  0.219512  1.36218 -16.7234  2.81341  -0.00418475  -0.00158162 -0.000939682 -0.0347581  0.0186804 0.00132079  -0.0126243 0.000891124  0.00158501   0.175068   0.153566 0.00746207 -0.0666562  -0.131211    -9.8079 
             21.6998 -1.80847  11.5465  -45.124 0.0678515 0.0117935  0.219266  1.36527 -16.7151  2.81225 -0.00415803 -0.00157144 -0.00093295  -0.00699526   -0.0117471 -0.000188093  -0.0125013 0.000806826 0.000395025   0.170828   0.148069 0.00684008 -0.0679251  -0.137075   -9.80781 
             21.7993 -1.88792  11.7087 -45.4417 0.0629275 0.0136368  0.220765  1.35979 -16.7269  2.82242  -0.00416999  -0.00158399 -0.000939467  -0.0127882 -0.00677445  0.00803923  -0.0124679 0.000527171  0.00089713   0.173085   0.148953 0.00689471 -0.068059 -0.135556  -9.80783 
             21.8998 -1.81327  11.5934 -45.6661 0.0611855 0.0134335  0.221281  1.35891 -16.7438  2.82364  -0.00417592  -0.00158576 -0.000941126  -0.0149341 -0.00954726  0.00759781  -0.0126615 0.000755194  0.00130147   0.175346   0.148913 0.00730691 -0.0686311  -0.135378   -9.80783 
             21.9998 -1.76638  11.5897 -45.7324 0.0554168 0.0112603  0.223252  1.36176 -16.7451  2.82736  -0.00416759  -0.00159339 -0.000938924 -0.0261914 -0.0167787  0.0123447  -0.0127842 0.000757752  0.00140833  0.175152  0.150404 0.0070199 -0.0692561  -0.134705   -9.80783 
             22.0998 -1.82863  11.6051 -45.9214  0.051317 0.0177179  0.223945  1.36013 -16.7347  2.83126  -0.00419182  -0.00161394 -0.000945065  -0.0267584 -0.00267837   0.0129087  -0.0127161 0.000707938  0.00170894   0.175916   0.151058 0.00729814 -0.0672119  -0.133544   -9.80786 
             22.1998 -1.7326 11.5876 -45.985 0.0561912 0.0166873  0.221173  1.35867 -16.7379    2.838  -0.00420661  -0.00160108 -0.000949423   0.0287699  -0.0639198 -0.00699719  -0.0129042 0.000730604  0.00181202   0.176512   0.149341 0.00836868 -0.0666897  -0.134711   -9.80785 
             22.2997 -1.82021  11.4862 -46.6759  0.0630767 0.00397522   0.220009  1.35674 -16.7413  2.84148  -0.00418985  -0.00159242 -0.000947034   0.123503  -0.137564 -0.0170232  -0.0129755 0.000653331  0.00280338   0.175961   0.149257 0.00834935 -0.0676759  -0.134777   -9.80784 
             22.3998 -2.31799  11.7577 -46.3871    0.09631 -0.0119259   0.216483  1.36472 -16.7492  2.82511  -0.00420928  -0.00154376 -0.000926361   0.185789  -0.161344 -0.0313758  -0.0123459 0.000439653  0.00218527  0.177505   0.14543 0.0086797 -0.0665197  -0.138626   -9.80779 
             22.4998 -2.61357  11.9097 -46.2152   0.119649 -0.0288386   0.215381  1.37265 -16.7406  2.82201  -0.00421647  -0.00154873 -0.000918454  0.172856 -0.169328 -0.042162   -0.012473 0.000708503  0.00160558   0.176546   0.144926 0.00779369 -0.0658274  -0.140224   -9.80778 
             22.5998   -2.725  12.2425 -47.7654   0.150885 -0.0466347   0.212346  1.37609 -16.7539  2.80694   -0.0042718  -0.00151898 -0.000910623  0.254002 -0.194835 0.0077841  -0.0131128 0.000375762  0.00374979   0.179608   0.142463 0.00795977 -0.0646598   -0.14214   -9.80776 
             22.6997 -3.07558  11.7431  -48.169   0.169206 -0.0687281     0.2104 1.37356 -16.751 2.80487  -0.00426092  -0.00153019 -0.000914224  0.208755 -0.226601 0.0118308 -0.0130123 0.00148321  0.0036146   0.178591   0.143542 0.00856055 -0.0653287  -0.140901   -9.80777 
             22.7994 -2.09125  11.6602 -47.5194   0.180542 -0.0968956   0.210182  1.37543 -16.7532  2.80511  -0.00425634  -0.00155351 -0.000898331  0.154231 -0.307392 0.0185698  -0.0139491 0.000901351  0.00246402   0.177893   0.145228 0.00870328 -0.0665437   -0.13996   -9.80778 
             22.8997 -1.54845  11.8394 -48.7393 0.209059  -0.1274  0.20984  1.37768 -16.7574  2.82956  -0.00429368  -0.00153303 -0.000938942   0.251297  -0.382802 -0.0530303   -0.013133 0.000204598  0.00373386    0.17942   0.144095 0.00900809 -0.0654577  -0.141409   -9.80776 
             22.9998 -3.47612  12.5276 -53.1196  0.223766 -0.156505  0.223999  1.37544 -16.7572  2.84085 -0.00446242 -0.00165232 -0.00095994 0.0569264 -0.354124  0.131428  -0.0134313 0.000362674   0.0045185   0.182148     0.1438 0.00931524 -0.0631151  -0.140952   -9.80778 
             23.0998 -3.22526  10.5372 -59.9779  0.238263 -0.177568  0.231826  1.37379 -16.7418  2.85298 -0.00507611 -0.00204093 -0.00099497  -0.0765553   -0.400231 -0.00288049  -0.0133566 0.000483664  0.00683362   0.185771   0.141893 0.00923456 -0.0574199  -0.141507   -9.80781 
             23.1998 -3.72718  11.8407 -68.6404  0.242777 -0.212618  0.229394 1.37716  -16.74 2.86328 -0.00565953 -0.00218137 -0.00110004 -0.055887 -0.458233 -0.132089  -0.0162776 -0.00110893  0.00781021  0.188739  0.139949 0.0086588 -0.0542192  -0.143365    -9.8078 
             23.2998 -2.47228  13.2983 -75.7655  0.247981 -0.244402  0.219404  1.37627 -16.7558  2.85859 -0.00596887 -0.00268859  -0.0012877 0.0482329 -0.342105 0.0318151  -0.0165705 -0.00221931  0.00840417  0.194032  0.139178 0.0103839 -0.0517652  -0.143084   -9.80782 
             23.3998 -3.04303  12.0152 -79.4593   0.25004 -0.264721  0.220562  1.37592 -16.7526   2.8611 -0.00608177 -0.00298078 -0.00131136 -0.0307311   -0.23075  0.0251443   -0.015698 0.000654453  0.00625199  0.196371  0.139961 0.0106736 -0.0492275  -0.142127   -9.80785 
             23.4997 -1.07324  11.7927 -80.7727  0.237882 -0.283164  0.219897   1.3806 -16.7443  2.88004 -0.00598453 -0.00308674 -0.00126362 -0.0557798  -0.220203 -0.0122404     -0.01692 -0.000403141    0.0037333  0.195923  0.143495 0.0111626 -0.0485006  -0.140088   -9.80788 
             23.5997 0.223655  11.5894  -82.014  0.233793 -0.301147  0.216648    1.378 -16.7339  2.89146 -0.00596035  -0.0030834 -0.00126602  -0.013466  -0.260269 -0.0463253   -0.0161283 -0.000634845   0.00219124  0.196691  0.144052 0.0116742 -0.0460766   -0.13944    -9.8079 
             23.6998 0.394557  11.6936 -83.9814  0.241278 -0.313578   0.21742  1.38244 -16.7316  2.88742 -0.00581942 -0.00282547 -0.00123472  0.0557974   -0.22425 0.00904439  -0.0144553 -0.00155389  0.00363137  0.202828  0.147185 0.0107051 -0.0402607  -0.137504   -9.80795 
             23.7994 -0.715894   11.8556  -85.2539  0.250828 -0.333407  0.220734  1.38408 -16.7346   2.8833 -0.00580547 -0.00285877 -0.00123266  0.0700172  -0.197417 -0.0107984   -0.0152807 -0.000367184   0.00270408 0.204034 0.146427 0.010618 -0.0396848  -0.138367   -9.80794 
             23.8998 -1.18963  11.1082 -85.8481  0.261503 -0.357942  0.214596  1.38954 -16.7127   2.8835 -0.00582183 -0.00289203 -0.00124777 0.00803927  -0.205673 -0.0091793   -0.0149969 -0.000220828   0.00187534  0.199937  0.143994 0.0113387 -0.0400119  -0.141341    -9.8079 
             23.9997 -0.39276  10.7927 -86.4532  0.273092 -0.379511  0.211863  1.38724 -16.7168  2.88277 -0.00566856 -0.00287526 -0.00120315 0.00617672  -0.298026 -0.0514045  -0.0162013 -0.00045158   0.0021201  0.204106  0.141211 0.0121479 -0.0369513   -0.14378   -9.80788 
             24.0996 0.180571  10.7527 -86.8904 0.280229  -0.4014 0.210025  1.38667 -16.7282  2.87613 -0.00556414 -0.00275507 -0.00117009  0.0374369  -0.283374 -0.0422921   -0.0157648 -0.000924533   0.00159488  0.209475  0.141598 0.0128845 -0.0337261  -0.143553   -9.80789 
             24.1997 0.075646  10.1245 -87.2007  0.286916 -0.422332   0.21189  1.38691 -16.7304  2.88099 -0.00549354 -0.00268389 -0.00113982  0.0484328  -0.226412 -0.0239272   -0.0151139 -0.000537533   0.00120181 0.212246 0.142702 0.012013 -0.0316339  -0.143038   -9.80791 
             24.2997 0.306195  9.42051 -87.5648   0.30316 -0.447602  0.203166  1.38672 -16.7303  2.88368 -0.00541801 -0.00279144 -0.00113844 0.0371581 -0.195377 -0.026774   -0.0155292 -0.000337394   0.00181067   0.21294  0.137895 0.0137733 -0.0313012  -0.147426   -9.80784 
             24.3998 0.739335  8.91897  -87.195  0.305189 -0.464452  0.200213  1.38636 -16.7462  2.87949 -0.00542715 -0.00269525 -0.00111796  0.0188604  -0.286559 -0.0298359   -0.0160299 -0.000327068   0.00136514  0.217272  0.140052 0.0143918 -0.0295375  -0.145569   -9.80788 
             24.4997 0.407767  9.00206 -88.4955  0.271218 -0.501312  0.195615  1.37035 -16.7583  2.87801 -0.00572243 -0.00264929  -0.0012249 -0.0193962   -0.37095   0.049493  -0.0154839 -0.00106611  0.00381944  0.209521  0.147094 0.0127855 -0.037136 -0.135497  -9.80799 
             24.5997 -1.26048  9.81924 -89.1278  0.289208 -0.544305  0.208307  1.36882 -16.7582  2.87098  -0.0057304 -0.00285095 -0.00113028 -0.00437628   -0.414579   0.0397259  -0.0148502 -0.00119284  0.00392286  0.212885  0.140803 0.0116331 -0.0351999  -0.141132   -9.80792 
             24.6998 -0.885648   10.4201  -89.5266  0.307128 -0.585739    0.2122  1.36947 -16.7718  2.85459 -0.00570247 -0.00288127 -0.00106803 0.000203039   -0.424989 -0.00771314 -0.0167764 -0.0014721 0.00426549  0.220588  0.134943 0.0121031 -0.0312916  -0.146782   -9.80785 
             24.7993 -0.702246   10.3137  -88.4766  0.308284 -0.625182  0.212204  1.37076 -16.7797  2.84803  -0.0057381 -0.00285742 -0.00109825 -0.00872763    -0.48713  -0.0595959   -0.0148435 -0.000406259   0.00303742  0.223485  0.136607 0.0118683 -0.0297806  -0.145556   -9.80787 
             24.8996 -0.416285   10.7128  -88.3747  0.306186 -0.657904  0.201713  1.37088 -16.7843  2.84578 -0.00574993 -0.00282942 -0.00119957 -0.0384036  -0.456484 0.00328954  -0.0156435 -0.00116887  0.00221959  0.230199  0.141423 0.0141302 -0.0235842  -0.142175   -9.80794 
             24.9997 -0.933022   10.3216  -89.3509  0.290726 -0.700073   0.21183  1.36847 -16.7836  2.83732 -0.00570282 -0.00284575 -0.00119992   -0.136513   -0.395628 -0.00186668   -0.01461 0.00071467 0.00195252  0.228274  0.142229 0.0118219 -0.0252737  -0.140605   -9.80796 
             25.0998 -0.312646   10.1633  -92.2529   0.28646 -0.736692  0.213425  1.37417 -16.7844  2.81905 -0.00582397   -0.002856 -0.00123445 -0.180022  -0.36432 0.0170161   -0.0157516 -0.000853818   0.00332612  0.232483  0.139605 0.0127314 -0.0220769  -0.143923   -9.80792 
             25.1998 0.575064  9.64942 -94.7526  0.275294 -0.760874  0.213133  1.36984 -16.7964  2.81835 -0.00598808 -0.00312213 -0.00125744  -0.125339  -0.435129 -0.0720712   -0.0161314 -0.000465181   0.00320522  0.240429  0.141083 0.0140222 -0.016528 -0.142846  -9.80795 
             25.2997 -0.770955   9.88403  -97.0702 0.253814 -0.80279 0.206741  1.37029 -16.8131  2.82025 -0.00588799 -0.00322651 -0.00125013 -0.0915264  -0.454169  0.0046151  -0.0132838 -0.00212199  0.00355457    0.2414  0.145473 0.0148874 -0.0174435   -0.13882     -9.808 
             25.3997 -1.19298  10.3988 -99.2839  0.257773 -0.843868  0.214932   1.3721 -16.8131  2.81781 -0.00612371  -0.0033343 -0.00127802 -0.112372 -0.402496 0.0161855    -0.015152 -0.000790145   0.00327888  0.245974  0.142996 0.0136351 -0.0141282  -0.141892   -9.80796 
             25.4997 -0.0588304    10.0182   -99.6842  0.267019 -0.884204   0.22077  1.37159 -16.8159  2.81949 -0.00627293 -0.00324618 -0.00132735 -0.0362567  -0.455102 -0.0140514   -0.0166489 -0.000381272   0.00190567  0.251606  0.139222 0.0131263 -0.0104028  -0.145961   -9.80791 
             25.5997 -0.563013   9.36498  -101.195   0.26712 -0.929815  0.216942  1.36842 -16.8139  2.82217 -0.00633855 -0.00324377 -0.00132765 -0.135276  -0.48452 -0.081988   -0.0157986 -0.000770658   0.00227013  0.254009  0.137882 0.0134464 -0.00814656    -0.14718    -9.80789 
             25.6998 0.694386  10.3075 -101.254    0.2776 -0.966567  0.221284  1.36988 -16.8171  2.82096 -0.00643805 -0.00315771 -0.00141054 -0.0345005  -0.379844  0.0316146  -0.0157947 -0.00125616  0.00208363  0.260498  0.135618 0.0138681 -0.00343519   -0.150339    -9.80785 
             25.7994 0.775242  9.41067 -101.285 0.287599  -1.0031 0.220398  1.36601 -16.8197  2.82028 -0.00646653 -0.00313753 -0.00143583 -0.0273274  -0.342759  0.0243251  -0.0157585 -0.00113844  0.00179376  0.263785  0.132117 0.0155241 -0.00126973   -0.153304     -9.8078 
             25.8996  1.14194  8.77601 -101.193 0.287868 -1.03091 0.219654  1.36555 -16.8243   2.8268 -0.00650176 -0.00306289 -0.00141467 -0.0586723  -0.399185 -0.0413485   -0.0161459 -0.000778117   0.00173102  0.267852  0.133456 0.0163963 0.00185492  -0.152857   -9.80781 
             25.9998 0.0604254   9.09017  -101.386 0.290292 -1.09168  0.20896  1.36306 -16.8261  2.83035 -0.00645089 -0.00306571 -0.00140772 -0.0217438  -0.488354  0.0437988  -0.0132687 -0.00241166  0.00227918 0.265248  0.12989 0.017316 -0.00110082   -0.155122    -9.80777 
             26.0997 -0.774679   10.1794  -102.304 0.300083 -1.12943 0.219517  1.36042 -16.8313  2.84099 -0.00657281 -0.00314827 -0.00145853 -0.00790683   -0.430228   0.0163444   -0.0156946 -0.000748151   0.00177641  0.270047  0.130528 0.0164369 0.00219131   -0.15517   -9.80777 
             26.1996 -0.204159   9.73502  -102.114  0.29322 -1.16061 0.222319 1.35667 -16.839 2.83729  -0.0066254 -0.00311144 -0.00148945 -0.0282671  -0.428984  0.0162387    -0.017093 -0.000667392   0.00139385  0.272862  0.133572 0.0165386 0.00416468  -0.152238   -9.80782 
             26.2997 -0.588063   9.10354  -102.087 0.286345 -1.20303 0.223361  1.35441 -16.8407  2.84068 -0.00663653 -0.00310072 -0.00148888 -0.130924 -0.487257 -0.038228   -0.0153861 -0.000666051   0.00141801  0.274008  0.134879 0.0161711 0.00512268  -0.151043   -9.80784 
             26.3998 0.721335  10.0147 -101.259 0.265986 -1.23846 0.223126  1.35459 -16.8452  2.84316 -0.00665273  -0.0031646 -0.00149238 -0.153092 -0.338913 0.0492521  -0.0151732 -0.00113331 0.000540374   0.27422  0.137775 0.0173072 0.00534918  -0.148596   -9.80787 
             26.4997 0.884214  8.85704 -100.252  0.24735 -1.24762 0.229581  1.35902 -16.8506  2.83351 -0.00677081 -0.00305817 -0.00146658 -0.169984 -0.252974 0.0842959   -0.0147322 -0.000181042 -0.000805966  0.278551  0.144257 0.0182062 0.00948438  -0.144201   -9.80794 
             26.5997 0.490459  8.35452 -100.582 0.242925 -1.27635 0.229648  1.36251 -16.8625  2.84913 -0.00680458 -0.00302192 -0.00146454 -0.0353733  -0.367313 -0.0276228    -0.013746 -0.000999579  0.000217285  0.282255  0.144761 0.0196049 0.0109007 -0.145017  -9.80792 
             26.6997 -2.17106  9.25399 -101.828 0.234189 -1.30891 0.229059  1.36291 -16.8699  2.84633  -0.0067675 -0.00281899 -0.00146791 -0.0642062  -0.318311   0.044216  -0.0131098 -0.00167982 0.000965536  0.282621  0.145507 0.0212627 0.0105002 -0.144252  -9.80793 
             26.7994 -2.16403   8.0363 -102.187 0.230449 -1.34302  0.23413  1.36485 -16.8732  2.84311 -0.00677074  -0.0027649 -0.00145029 -0.147459 -0.293079 0.0497919   -0.0147732 -3.23663e-05  0.000953495  0.283422  0.143146 0.0214659 0.0102211 -0.146484   -9.8079 
             26.8997 -0.637067   7.87093  -101.147 0.226308 -1.36416  0.22625  1.36639 -16.8892   2.8287 -0.00686117 -0.00291587 -0.00145702   -0.14818  -0.324889 -0.0205028   -0.0158159 -0.000558422  -0.00022128  0.289766  0.143584 0.0253771 0.0137491 -0.146754  -9.80789 
             26.9997 0.721553  7.76177 -101.436 0.209086 -1.40348 0.221557  1.36823 -16.8963  2.80848 -0.00685241 -0.00300875 -0.00149195  -0.216015  -0.301725 0.00831338   -0.0176644  -0.00167732 -0.000224082  0.290594  0.140977 0.0267038 0.0131679 -0.148673  -9.80786 
             27.0997 0.488136  7.53387 -101.337 0.217659 -1.42314 0.220757  1.36355 -16.9087  2.80942 -0.00689523 -0.00297102  -0.0015558 -0.0861101  -0.243466 0.00719645   -0.0149795 -0.000760943  9.50028e-05  0.298671  0.138564 0.0280775 0.0178532 -0.151126  -9.80782 
             27.1997 -0.456288   7.24505  -101.219 0.206546 -1.45031 0.217831  1.36558 -16.9198  2.79977 -0.00689354 -0.00298744 -0.00155775 -0.0291209  -0.328846 -0.0631063  -0.0138052 -0.00101732 0.000388699  0.299564  0.139708 0.0282151 0.0171955 -0.150057  -9.80784 
             27.2998 -2.38459  7.41657 -101.864 0.208322 -1.47955 0.215421   1.3704 -16.9348  2.79018 -0.00692762 -0.00304802 -0.00156878 -0.0478215  -0.325119  -0.018104  -0.0127363 -0.00115602   0.0013456  0.303469    0.1408 0.0285332 0.0183509 -0.149822  -9.80784 
             27.3996 -2.46822  7.34521 -101.636 0.193871 -1.51111 0.212131  1.37843 -16.9563  2.78009 -0.00691214 -0.00305984   -0.001597  -0.0681528   -0.349059 -0.00153733  -0.0136208 -0.00095782  0.00113335  0.305515  0.143642 0.0293424 0.0173295   -0.1481  -9.80787 
             27.4998 -2.96942  7.43004 -102.005 0.182254 -1.54273 0.213588 1.38208 -16.974 2.78421 -0.00695087 -0.00309663 -0.00161204   -0.191672   -0.358159 -0.00262993   -0.0146387 -0.000914334  0.000569267   0.30941  0.144739 0.0293532 0.0180056 -0.147926  -9.80787 
             27.5997 -1.24163  8.43028 -101.452 0.178172 -1.57937 0.215413  1.38348 -16.9818   2.7816 -0.00703666 -0.00301661 -0.00169681  -0.139389  -0.448564 -0.0513373  -0.0154282 -0.00191278 0.000488474  0.313854  0.143851 0.0292349 0.0202996  -0.14927  -9.80784 
             27.6997 -1.11077  9.40974 -101.388 0.176314 -1.62351 0.209844  1.38788 -16.9767  2.77653 -0.00706379 -0.00300555 -0.00179431 -0.0851166  -0.440527  0.0797922    -0.014918  -0.00236316 -5.20005e-05 0.316219 0.143354 0.029534 0.0227936 -0.150673  -9.80782 
             27.7992 -1.10328  9.69988 -101.958 0.181095 -1.66813 0.213956  1.39043 -16.9771  2.77448 -0.00709725 -0.00296361  -0.0018153 -0.0997007  -0.370552  0.0382709    -0.014766 -0.000848693     0.001069  0.317907  0.140017 0.0301535 0.0236008 -0.153952  -9.80776 
             27.8997 -0.03322  9.23012   -101.3 0.184617  -1.6952 0.223189 1.38954 -16.975 2.75881 -0.00714779 -0.00295243 -0.00187245 -0.139751 -0.363912 0.0438504   -0.0151871 -0.000579855  0.000602137  0.322185  0.139355 0.0306216 0.0273734 -0.154688  -9.80774 
             27.9996 -0.180128   9.10266  -101.279 0.190797 -1.73052 0.223468 1.38986 -16.984 2.75903 -0.00724648  -0.0029462 -0.00190089 -0.0559744  -0.475892  0.0177111   -0.014076 -0.00143283  0.00116328  0.327891  0.138619 0.0322328 0.0306971 -0.155937  -9.80771 
             28.0996 -1.65023  10.5131 -101.746 0.185246 -1.77511  0.22633   1.3813 -16.9794  2.76382 -0.00719559 -0.00283115 -0.00189696 -0.0537318  -0.468341   0.130068  -0.0134029  -0.0024097 0.000992226  0.32746 0.137919 0.033606 0.0312415 -0.155499  -9.80772 
             28.1997 -2.12285  9.99315 -102.126 0.175725 -1.81581 0.236389 1.37779 -16.986 2.76422 -0.00719858 -0.00286024 -0.00189678 -0.116871 -0.438343  0.088578   -0.0143592 -0.000373617  0.000603946  0.329007  0.138611 0.0337685 0.0317126 -0.154524  -9.80773 
             28.2996 -0.881911   9.94948  -101.738 0.182802 -1.85366 0.232825  1.37578 -16.9868  2.76887 -0.00734749 -0.00293663 -0.00190216 -0.0543297  -0.494006 0.00701201   -0.0152828 -0.000572782  0.000571887   0.33291   0.13805 0.0370777 0.0350393 -0.155313  -9.80771 
             28.3997 -0.890904   9.74527    -101.3 0.173386  -1.9027 0.221675   1.3784 -16.9966  2.78441 -0.00745396 -0.00296885 -0.00189716   -0.19282   -0.54987 -0.0758058   -0.0154447  -0.00135735 -0.000249373  0.335284  0.139444 0.0397724 0.0359189 -0.154985  -9.80771 
             28.4997 0.189032  10.8548 -101.025 0.191451 -1.95105  0.23058  1.36868 -16.9802   2.7933 -0.00748459 -0.00287937 -0.00200133 -0.0532719  -0.446181  0.0461123  -0.0142429  -0.0011807 0.000770323  0.337067  0.134759 0.0395014 0.0391085 -0.158184  -9.80765 
             28.5997 0.228382  9.68686  -100.82 0.179954 -1.98213 0.227062   1.3721 -16.9925  2.79685 -0.00761266 -0.00292125  -0.0019545  -0.101058  -0.419545 -0.0230023  -0.0150834 2.09237e-05 0.000875859  0.340021  0.137871 0.0417857 0.0402704 -0.156354  -9.80767 
             28.6995 -0.30152  9.27004 -101.142 0.190052  -2.0385 0.221424  1.36177 -16.9972  2.81478 -0.00764724 -0.00285931  -0.0019772  0.0288773  -0.570983 -0.0785357  -0.0134136 -0.00094799  0.00180706  0.341903  0.133363 0.0421979 0.0407301  -0.15904  -9.80763 
             28.7994 -1.89706  10.8558 -101.956 0.186614 -2.08382 0.227532   1.3604 -17.0087  2.81515  -0.0076939 -0.00301346 -0.00206348 0.00503646  -0.501023  0.0647959  -0.0131158 -0.00196578  0.00190845  0.344377  0.135344 0.0416135 0.0412169 -0.157376  -9.80765 
             28.8997 -1.31542  10.9016 -101.792 0.168138 -2.12707 0.230648  1.36964 -16.9913  2.78337 -0.00763828 -0.00305732 -0.00209181 -0.0567264  -0.478483  0.0129173   -0.0152745 -0.000950303   0.00104514  0.340414  0.138779 0.0409498 0.0408231 -0.155133  -9.80769 
             28.9997 -1.14537   10.263 -101.421  0.16428 -2.15988  0.22173  1.36913 -17.0055  2.78409 -0.00774408 -0.00312792 -0.00206245 -0.0567068  -0.503725 -0.0730339    -0.013914 -0.000175861   0.00110854  0.345322  0.141934 0.0435209 0.0432716 -0.152882  -9.80771 
             29.0996 -0.378927    10.905  -101.235 0.161316 -2.20253 0.218639  1.36461 -17.0139  2.78404 -0.00778239 -0.00308741 -0.00208831 -0.0672109  -0.458533  0.0304137  -0.0154775 -0.00215792 0.000360751   0.34927  0.142021 0.0434031 0.0451632 -0.152475  -9.80771 
             29.1997 -0.532136   10.7304  -101.551 0.153311 -2.25373 0.230402  1.36672 -17.0331  2.75226 -0.00776208 -0.00301722 -0.00208707 -0.0687639  -0.410849  0.0192055   -0.0149913 -0.000705519   0.00106034  0.351024  0.139926 0.0413317 0.0435251 -0.153522   -9.8077 
             29.2997 0.00164555     10.114   -100.038  0.13841 -2.28592 0.227817 1.36127 -17.034 2.77217 -0.00785552 -0.00304325 -0.00206352  -0.133868  -0.390559 -0.0304905   -0.0144975 -0.000324822  -0.00045608  0.351085  0.141623 0.0427377 0.0438049 -0.151935  -9.80773 
             29.3995 0.485002  10.0656 -100.001 0.121248 -2.32689  0.22482   1.3605 -17.0407  2.77388 -0.00787476 -0.00306537 -0.00204104 -0.0804326  -0.456145 -0.0492976  -0.0143067 -0.00107761 0.000404813  0.351303   0.14285 0.0430893 0.0432296 -0.150856  -9.80774 
             29.4997 -0.350361   11.2089  -100.585 0.121995 -2.35751 0.224272 1.36204 -17.056 2.75722  -0.0078834 -0.00307152 -0.00208874 -0.0603084  -0.378279   0.101722  -0.0140448 -0.00150784 0.000981995  0.357003  0.143203 0.0448991 0.0456966 -0.150648  -9.80774 
             29.5997 -1.28646  10.8522 -100.831 0.109669 -2.38687 0.237276  1.36101 -17.0587  2.75496 -0.00785935  -0.0032042 -0.00214358  -0.10887 -0.354002  0.077359   -0.0132668 -0.000407201  0.000927683 0.357633 0.145355 0.043686 0.0458263 -0.148889  -9.80776 
             29.6995 -0.360406   10.7574  -100.067 0.0944883   -2.4114   0.24404  1.36578 -17.0686  2.76715 -0.00788647 -0.00321804 -0.00214706 -0.119934 -0.351566 0.0696314   -0.0156176 -0.000422721    -0.000422  0.360437  0.148298 0.0444879 0.0467665 -0.147629  -9.80778 
             29.7995 -0.80718  10.4807 -100.281 0.0840639  -2.44253  0.239318  1.37001 -17.0876  2.75763 -0.00796681 -0.00321985 -0.00214693   -0.137171   -0.400762 -0.00559355   -0.0137994 -0.000202452  0.000208732  0.364127  0.149832 0.0473537 0.0474222 -0.146796  -9.80779 
             29.8995 -0.0840642    10.8837   -99.5529 0.0737643  -2.48204  0.232159  1.37614 -17.0784  2.77832 -0.00794739 -0.00327103 -0.00216516 -0.117099 -0.343641 0.0539304  -0.0152913 -0.00129622 -0.00148407  0.363147  0.150481 0.0492985 0.0480829 -0.147528  -9.80777 
             29.9997 -0.358269   10.1128  -99.8562 0.0753121  -2.50368  0.235062  1.37158 -17.0755  2.78509  -0.0080188 -0.00327131 -0.00214477 -0.119462 -0.249979 0.0197508   -0.0144479  0.000556495 -0.000453929   0.36642  0.148755 0.0501051 0.0508225 -0.148552  -9.80774 
             30.0997 0.200567  9.86232 -99.0954 0.0703781    -2.531  0.234414 1.37138  -17.07 2.80797 -0.00803016 -0.00327197   -0.002171 -0.0853222  -0.256707 0.00170669   -0.0144356  0.000109144 -0.000994815  0.365752  0.148023 0.0507755 0.0510321 -0.149531  -9.80773 
             30.1997 -0.342181   9.77662  -99.3382  0.07138 -2.55376 0.226114  1.37245 -17.0772  2.79652 -0.00808331 -0.00326434 -0.00215729 -0.0147148   -0.31226 -0.0613152   -0.0135706 -0.000299437 -2.28088e-05  0.368704  0.147638 0.0527256 0.0524614 -0.149736  -9.80772 
             30.2997 -1.48046  10.3076 -99.5111 0.0725024  -2.57923  0.227276  1.37898 -17.0846  2.79711 -0.00811773 -0.00329274 -0.00214467 -0.0329692  -0.261778  0.0132304    -0.013564 -0.000538303  9.54972e-05  0.370956  0.148444 0.0528744 0.0530795 -0.149989  -9.80771 
             30.3997 -2.16621  10.1782 -100.485 0.0809826  -2.60684  0.228377  1.37971 -17.0848  2.80423 -0.00821958 -0.00325987 -0.00206303 -0.0337699  -0.258362 0.00671941   -0.0139377 -0.000400153  0.000986249  0.372238  0.146524 0.0532783 0.0539152 -0.151603  -9.80768 
             30.4995 -1.05923  9.57099 -99.6239 0.0829143  -2.63963  0.220297  1.37723 -17.0918  2.83153 -0.00830737 -0.00328077 -0.00211017 -0.0865894  -0.294197 -0.0270757   -0.0160638 -0.000441168 -0.000694886  0.373592  0.143851 0.0556221 0.0541342 -0.153667  -9.80765 
             30.5995 -0.100377   9.44301  -99.5751 0.0844884  -2.67217  0.217344  1.36851 -17.0863  2.84964 -0.00831608  -0.0032441 -0.00219159 -0.0663909  -0.328387 -0.0144415   -0.0147425  -0.00026866 -0.000110468  0.374283  0.141429 0.0555403 0.0552385 -0.154714  -9.80762 
             30.6996 0.556313  9.47721 -99.6609 0.0813923  -2.69034   0.21659    1.373 -17.0952  2.85392 -0.00834614 -0.00327589 -0.00221271 -0.0452517  -0.244006 -0.0201609   -0.0144718 -0.000193499 -0.000145144  0.377916  0.143354 0.0561023 0.0566663 -0.154014  -9.80763 
             30.7994 0.550448  8.71404 -99.3786 0.0797208  -2.70696  0.213892   1.3831 -17.1044    2.857 -0.00837058 -0.00329173 -0.00220492 -0.0044243   -0.19269 -0.0302398   -0.0144058  2.85302e-05 -0.000175873  0.380035  0.145424 0.0567932 0.0570192 -0.153823  -9.80763 
             30.8997 0.639216  7.95503 -99.1272 0.080626 -2.72702 0.218375  1.37981 -17.1035  2.85358 -0.00829684 -0.00329141 -0.00218208  0.0370808   -0.28562 -0.0617999   -0.0142699  0.000162966 -0.000136413  0.380714  0.144979 0.0549712 0.0573911 -0.153695  -9.80763 
             30.9997 -1.06128  8.45833 -99.5607 0.0915313  -2.76444  0.214224  1.36517 -17.1018  2.86886 -0.00831141 -0.00323262 -0.00206723  0.0203055  -0.257675 -0.0097095   -0.0128583 -0.000701911  0.000576021  0.379882  0.140603 0.0549985 0.0570394 -0.155244  -9.80761 
             31.0997 -1.16017  7.78953 -99.7026 0.0799791  -2.77933  0.209713   1.3552 -17.1042  2.87695 -0.00828006 -0.00323689 -0.00214756 -0.0473616   -0.17426 -0.0232382  -0.0144295 0.000237836 0.000132969 0.379862 0.142048 0.055346 0.0567776 -0.153283  -9.80764 
             31.1997 -1.17512  7.40904 -99.7163 0.073246 -2.77207 0.210386  1.34133 -17.1125   2.8972 -0.00831377 -0.00329577 -0.00213642  -0.129423  -0.119341 -0.0256748   -0.0146251 -1.07894e-05  -0.00042821  0.384889  0.143287 0.0554944  0.059081 -0.151226  -9.80766 
             31.2998 -0.188613   7.76294  -100.352 0.0591669  -2.78506  0.209483  1.34174 -17.1067  2.89625 -0.00832856 -0.00328798 -0.00214775  -0.131833  -0.141821 0.00107349  -0.0158241 -0.00119223 0.000487323  0.384512  0.143318 0.0552179 0.0594973 -0.151245  -9.80765 
             31.3995 0.502696   7.1031 -100.263 0.0524235  -2.79633  0.206573  1.32667 -17.1172  2.89512 -0.00835098 -0.00329747 -0.00217801  -0.0859414  -0.0867527 -0.00775458  -0.0150179 7.08262e-05 0.000340318  0.386701  0.140305 0.0558138   0.05977 -0.151474  -9.80765 
             31.4996 0.555467   6.2793 -100.336 0.0493639   -2.8067  0.207105  1.32867 -17.1209  2.88359  -0.0083401 -0.00327015 -0.00221082  -0.0588809  -0.0473385 -0.00539706  -0.0146468 0.000260703 0.000446554    0.3873  0.139055 0.0554571 0.0597218 -0.152282  -9.80764 
             31.5996 0.644929  5.76547 -99.6948 0.0490129  -2.79922  0.203405  1.32294 -17.1139  2.88519 -0.00836209 -0.00323993 -0.00219137  -0.060444 0.00670664 -0.0174482   -0.0145787 -1.79922e-05 -0.000654539 0.388621 0.138609  0.05627 0.0614533 -0.151978  -9.80763 
             31.6996 0.636532  5.34744 -99.7253 0.057339 -2.80198 0.201429  1.32215 -17.1173  2.89449 -0.00834217 -0.00322143 -0.00219519 -0.0296012  0.0126504 -0.0201955   -0.0143766 -8.75383e-05 -0.000556292  0.390317  0.135798 0.0565779 0.0621589 -0.153847   -9.8076 
             31.7995 0.850747  5.30441 -100.526 0.0499659  -2.80627  0.197727  1.31286 -17.1184  2.90659 -0.00831222 -0.00319072 -0.00218137 -0.0473906 -0.0105023 -0.0269976  -0.0146729 -0.00061068 0.000810746  0.389165  0.134697 0.0567913 0.0613141 -0.153775   -9.8076 
             31.8996 0.941933  5.61262 -99.9815 0.046826 -2.80149 0.192256  1.31126 -17.1081  2.90524 -0.00828169 -0.00318048 -0.00222246 -0.0570611 -0.0267696   -0.03809   -0.0146159   -0.0013338 -0.000215771  0.389057  0.134995 0.0573236 0.0624473 -0.153425   -9.8076 
             31.9997 0.903228  5.27695  -100.48 0.044414 -2.80911 0.190289  1.30698 -17.1116  2.90615 -0.00830653 -0.00317024 -0.00220459 -0.0618845 -0.0524398 -0.0368939  -0.0145794 -0.00079502 0.000625476  0.389457  0.133187 0.0568907  0.062292 -0.154077  -9.80759 
             32.0997 0.991754  5.08387 -100.735 0.0375337  -2.80941  0.194312  1.3139 -17.121 2.90383 -0.00833697  -0.0032131 -0.00222398 -0.0752456 -0.0559406 -0.0228584   -0.0147442 -0.000443173  0.000979653  0.391819  0.134755 0.0552758 0.0625736 -0.153635   -9.8076 
             32.1996 0.926472  4.91777 -100.321 0.0422667  -2.82654  0.193665  1.31511 -17.1064  2.92591 -0.00831259 -0.00319716 -0.00217397 -0.0511822  -0.117268 -0.0349692   -0.0144108 -0.000272757 -6.49214e-05  0.389525  0.132153 0.0544873 0.0627461 -0.155766  -9.80756 
             32.2996 0.970133  4.85907 -100.369 0.0512729  -2.83074  0.191445  1.30537 -17.1014  2.94031 -0.00833094 -0.00317834 -0.00219387 0.000873083   -0.193448  -0.0453435   -0.0143896 -0.000380648 -0.000131319  0.392214  0.130306 0.0543994  0.064928 -0.156046  -9.80754 
             32.3996 -0.107976   4.72302  -100.662 0.0532317   -2.8444  0.188637  1.31613 -17.1096  2.93997 -0.00834749 -0.00320641 -0.00220354 -0.00930083   -0.199412  -0.0398363  -0.0134408 -0.00038257 0.000347997  0.394782  0.132479 0.0545605  0.065554 -0.155791  -9.80754 
             32.4996 -0.781072   4.81487  -101.404 0.0600862  -2.86481  0.189465  1.31642 -17.1094  2.94257  -0.0084244 -0.00326852 -0.00212503 -0.0255432  -0.232133 -0.0334028   -0.0138631 -0.000622249     0.001019  0.396065  0.130984 0.0536012 0.0663167 -0.156668  -9.80752 
             32.5996  -1.1021  5.60546 -101.444 0.0521156  -2.88546  0.194159  1.31515 -17.1043  2.94631 -0.00851817 -0.00333082 -0.00217565 -0.105678 -0.288888 0.0484096  -0.0143458 -0.00161074  0.00036024  0.396222  0.131509 0.0516545 0.0668531 -0.156149  -9.80753 
             32.6995 -1.24149  7.62043 -101.969 0.0497943  -2.91546  0.195194  1.31867 -17.0934   2.9415  -0.0085777 -0.00336441 -0.00234309 -0.0803899  -0.473758 -0.0436452  -0.0136639 -0.00264546  0.00100025  0.396862   0.13206 0.0512449    0.0684 -0.156062  -9.80752 
             32.7995 -1.84093  9.01054 -101.409 0.045945 -2.96905 0.203312  1.31372 -17.0866  2.94905 -0.00884586 -0.00336317 -0.00237854 -0.082535 -0.536586  0.146524   -0.0137154   -0.0020071 -0.000289217  0.396563  0.130623 0.0484925 0.0688478 -0.156424  -9.80751 
             32.8997 -0.555124   10.6044  -100.938 0.0354088  -3.01965  0.217312  1.30883 -17.0831  2.94885 -0.00891375 -0.00325446 -0.00246717  -0.14452 -0.540527 0.0389989   -0.0160555  -0.00177422 -0.000737889  0.396985  0.129963 0.0475086  0.069421 -0.156278  -9.80751 
             32.9997 -0.502121   10.8372  -100.836 0.0259007  -3.07276  0.220789  1.30705 -17.0686  2.96161 -0.00890674 -0.00321898 -0.00251111 -0.102405 -0.609121 0.0133274   -0.0138264 -0.000676886  5.08772e-05  0.395647  0.129941 0.0469639 0.0701355 -0.156336   -9.8075 
             33.0995 -1.56846  11.3333 -101.432 0.0151687  -3.12773  0.230932  1.31229 -17.0598  2.95695 -0.00890952 -0.00322162  -0.0025175 -0.113009 -0.555398  0.217004   -0.0133995 -0.000600574  0.000516272   0.39499  0.131192 0.0471214 0.0706892 -0.156062   -9.8075 
             33.1997 -2.37895  10.6952 -101.571 0.0124109  -3.18207  0.244349 1.31675 -17.055 2.95341 -0.00896533 -0.00321147 -0.00244194 -0.120128 -0.591433 0.0603188   -0.0118859 -0.000123201   0.00106822  0.395675  0.131274 0.0475371 0.0716304 -0.156374  -9.80749 
             33.2996 -1.74189   11.962 -101.077 0.00957926   -3.23908   0.242958  1.30923 -17.0399    2.958 -0.00903058 -0.00320918  -0.0024537   -0.11338  -0.615649 0.00706339   -0.0148058  -0.00166796 -0.000123372  0.394844  0.128777 0.0484788 0.0728684 -0.157079  -9.80747 
             33.3996 -1.33908  12.3114  -101.59 -0.00480217    -3.29373      0.2383  1.30717 -17.0338  2.95197 -0.00904455 -0.00324209 -0.00239208  -0.154626  -0.661587 -0.0562963   -0.0147751 -0.000606842   0.00110859 0.394955 0.129915 0.048923 0.0735929 -0.156089  -9.80748 
             33.4995 -1.45114  12.6612 -100.869 -0.0130025   -3.34424   0.240757  1.30738 -17.0285  2.94636 -0.00907977 -0.00324617 -0.00235319 -0.0575497  -0.501003  0.0815239  -0.0132144 0.000597234 0.000414191  0.395122    0.1308 0.0499144 0.0743135 -0.155437  -9.80749 
             33.5996 -0.937552   11.7585  -100.515 -0.0238756    -3.3806   0.240775  1.30707 -17.0254  2.94734  -0.0092338  -0.0032887 -0.00225734 -0.107476 -0.409462  0.042184    -0.015351  0.000399377 -0.000211374  0.395404  0.132181 0.0515953   0.07491 -0.154515   -9.8075 
             33.6995 0.290098  11.6595 -99.7136 -0.017044  -3.40515  0.240644  1.30812 -17.0218  2.94897 -0.00920969 -0.00321843 -0.00222476  -0.075448  -0.389516 -0.0184413   -0.0143788  0.000317499 -0.000141922  0.399119  0.131427 0.0523467 0.0773813 -0.154899  -9.80747 
             33.7995 0.322831  12.1042 -99.6935 -0.0129214   -3.43093   0.237796  1.30356 -17.0189  2.95131 -0.00923546 -0.00320309 -0.00218136 -0.0127723  -0.358006 -0.0139594   -0.0139486 -3.90495e-05  0.000148603  0.401817  0.130879 0.0527131 0.0791493 -0.154686  -9.80746 
             33.8995 -0.218444   12.1442  -100.111 -0.0135715   -3.45636   0.249759  1.30207 -17.0145  2.94054 -0.00922317 -0.00323486 -0.00217272  0.020302 -0.263757 0.0929154  -0.0137271  0.00104569 0.000731802 0.401608 0.130927 0.051896 0.0793988 -0.154401  -9.80746 
             33.9995 -1.44666  11.5254 -100.284 -0.0136177   -3.48616   0.254536  1.30541 -17.0096  2.95334 -0.00922067 -0.00317764 -0.00221218 -0.0314668  -0.254982  0.0531542   -0.012984 0.000566444 0.000521454  0.399979  0.131685 0.0521449 0.0790149 -0.154526  -9.80746 
             34.0996 -0.452846   11.5798  -99.2501 -0.020816  -3.51195  0.254045  1.30162 -17.0027  2.96151  -0.0092342 -0.00317764 -0.00221936 -0.0240106  -0.262128  0.0245606   -0.0147888  0.000519806 -0.000661016  0.398021  0.131727 0.0531431 0.0787726 -0.154252  -9.80747 
             34.1996 -0.814927   11.2122  -100.122 -0.0199953   -3.54721   0.247708  1.29736 -16.9946  2.96538 -0.00926523 -0.00311331 -0.00223654 -0.0392661   -0.29759 -0.0441529  -0.0135293 0.000862803 0.000829704  0.395691  0.130075 0.0541151 0.0785503 -0.154768  -9.80746 
             34.2995 -0.192939   11.3927  -100.174 -0.0268448   -3.57211   0.248341  1.30244 -16.9844  2.94672 -0.00924768  -0.0031042 -0.00222407 -0.0354828  -0.214559 -0.0399403  -0.0144065 0.000916044 0.000497396  0.394147  0.130975 0.0529766 0.0786247 -0.154567  -9.80747 
             34.3996 -0.762127   10.8532  -99.1647 -0.0330797   -3.59585   0.243449  1.30912 -16.9777  2.94207 -0.00924072 -0.00311359 -0.00224269 -0.0615685  -0.126068 -0.0170158   -0.0136095    0.0011021 -0.000938279 0.391972  0.13154   0.0529  0.078189 -0.154882  -9.80747 
             34.4996 -0.590287   10.5025   -99.814 -0.0354371   -3.60787   0.239765  1.31046 -16.9756  2.94317 -0.00925655  -0.0030966 -0.00225231 -0.0568015 -0.0424595 -0.0194126  -0.0138344  0.00110458 0.000360583  0.391322   0.13076 0.0531558 0.0781611  -0.15541  -9.80746 
             34.5996 -0.558855   10.0342   -101.49 -0.0413166   -3.61173   0.236451  1.31281 -16.9677  2.95712 -0.00927575 -0.00306758 -0.00226201 -0.0743879  0.0109705  -0.015119   -0.014068 0.000927108  0.00190248  0.389702  0.131121 0.0532334 0.0780918 -0.155664  -9.80745 
             34.6995 -0.465486   9.58132  -103.316 -0.0411671   -3.60147   0.235599 1.31086 -16.962 2.95919 -0.00942155 -0.00321599  -0.0022676 -0.0858184  0.0524602 -0.0101994 -0.0143643 0.00084237  0.0022712  0.390895  0.130206 0.0532337 0.0792502  -0.15585  -9.80744 
             34.7995 -0.459644   9.26431   -106.53 -0.0456134   -3.59467   0.240406  1.30716 -16.9519  2.95712 -0.00958396 -0.00323926 -0.00229331  -0.0898081   0.0696132 -0.00900898  -0.0148479 0.000575186  0.00368211  0.390225  0.128634 0.0516436 0.0797916 -0.156309  -9.80743 
             34.8995 -0.446707   9.49616  -109.733  -0.0577 -3.59541 0.241909  1.30012 -16.9449  2.95095 -0.00955289 -0.00308021 -0.00227159   -0.107069   0.0204243 0.000853548   -0.0150065 -0.000371421   0.00409196   0.38824  0.127281 0.0508122 0.0794344 -0.156356  -9.80743 
             34.9995 -0.720399   10.8637  -112.862 -0.0668096   -3.59587   0.241828  1.30053 -16.9461   2.9552 -0.00971422 -0.00304785 -0.00228007 -0.169335 0.0428142 0.0144923   -0.0148669 -0.000943508   0.00470937  0.388527  0.126308 0.0510315 0.0795106 -0.156953  -9.80742 
             35.0997 0.121571  10.8252 -116.313 -0.0783749   -3.60818   0.241878  1.30614 -16.9441  2.95568 -0.00994948 -0.00281068 -0.00229277  -0.142986 -0.0519463 -0.0349431   -0.0154688 -0.000331671   0.00460975  0.387095  0.125202 0.0505616 0.0789119 -0.158095  -9.80741 
             35.1995 -0.483078   11.4026  -119.821 -0.0730175   -3.61217   0.243814  1.30141 -16.9404  2.96802  -0.0102691 -0.00301649 -0.00238937 -0.0508001 -0.0474277 0.00648916   -0.0155999 -0.000406189   0.00392548  0.389046  0.122323 0.0503933 0.0801883 -0.159549  -9.80737 
             35.2995 -0.0485458    11.6976   -121.918 -0.0639331   -3.60637   0.247982  1.30357 -16.9317  2.96411  -0.0102557 -0.00317705 -0.00247547  0.0228266 -0.0299103  0.0112754  -0.0155311 -0.00060664  0.00222349  0.390726  0.122477 0.0500991 0.0819276 -0.159884  -9.80735 
             35.3996 0.0622783   11.5969  -123.282 -0.0581823   -3.60335    0.25122  1.29612 -16.9358  2.95362  -0.0102036 -0.00316293 -0.00247886   -0.0428338   0.00466017 -0.000492803   -0.0152524 -0.000395036  0.000814006  0.393355  0.121078 0.0493848  0.082915 -0.160006  -9.80734 
             35.4995 -0.229001   12.1861  -124.869 -0.0690338   -3.60274   0.251283  1.29643 -16.9281   2.9632  -0.0102528 -0.00316199 -0.00248802 -0.0389789 -0.0317934  0.0146731   -0.0151625 -0.000692267   0.00067732  0.391449  0.122073 0.0489805 0.0827143 -0.159531  -9.80735 
             35.5996 0.129667  12.7826 -126.031 -0.0691584   -3.60999   0.250189  1.29831 -16.9315  2.95564  -0.0102458 -0.00320535 -0.00247926  0.0390678 -0.0608855      0.014   -0.0154537 -0.000832699  0.000477478   0.39145  0.121721 0.0495486   0.08236 -0.159679  -9.80735 
             35.6994 -0.00533568     12.7471    -126.382 -0.0654845   -3.60168    0.24972  1.29823 -16.9328  2.95963  -0.0103992 -0.00296942 -0.00250755  0.0549279 -0.0399505 0.00181958   -0.0149368 -0.000502063  0.000386157  0.392864  0.124772 0.0501281 0.0837388 -0.158293  -9.80737 
             35.7994 -0.509555   12.7676  -127.843 -0.0665543   -3.59629   0.249104 1.29725 -16.938 2.96143  -0.0105368 -0.00287517 -0.00255406   0.0122755  -0.0177328 -0.00320273   -0.0148462 -0.000471138   0.00116233  0.393578   0.12698 0.0503381 0.0842219 -0.156946  -9.80738 
             35.8996 -1.02046  12.6278 -129.123 -0.0713079   -3.59625   0.251242  1.29749 -16.9308  2.96447  -0.0105605 -0.00290082 -0.00258302 -0.0355681 0.00555177  0.0101316   -0.0148979 -0.000207664  0.000643202  0.391828  0.127692 0.0495282 0.0840646 -0.156457  -9.80739 
             35.9996 -1.06054  12.7229 -131.849 -0.0748954   -3.58616   0.250749  1.30033 -16.9379  2.96747   -0.010574 -0.00287365 -0.00257698 -0.0320995  0.0426218 0.00926726   -0.0155756 -0.000444955   0.00202555  0.393666  0.129926 0.0501483 0.0848986 -0.155752   -9.8074 
             36.0995 -0.620186   12.7533  -134.175 -0.0749622   -3.59269   0.250085  1.30369 -16.9319  2.96618  -0.0106261 -0.00289733 -0.00263913 -0.0285145  0.0504521  0.0105253   -0.0164867 -0.000452713   0.00156775  0.392355  0.127421 0.0503939 0.0838996 -0.157344  -9.80738 
             36.1995 0.0306087   12.6101  -138.419 -0.0757657   -3.58549   0.251233  1.30487 -16.9409  2.97139   -0.010628 -0.00297682 -0.00262162 -0.0396201  0.0202976  0.0121779    -0.016451 -0.000612434   0.00343359   0.39481    0.1284 0.0506039  0.084522 -0.157328  -9.80737 
             36.2997 -0.18361  12.5799 -142.733 -0.0803191   -3.58128   0.250312  1.31145 -16.9402  2.97114  -0.0106047 -0.00301859 -0.00260947  -0.0578098   0.0404978 -0.00342445   -0.0164246 -0.000652985   0.00409328  0.394784  0.129844 0.0510524 0.0847549 -0.157215  -9.80737 
             36.3996 -0.00554161      13.447    -146.586 -0.0931325   -3.57899   0.246706  1.31698 -16.9339  2.96681   -0.010641 -0.00290983 -0.00260266 -0.163447 0.0752827 -0.109548  -0.0174302 -0.00205189  0.00370808  0.392753  0.129786 0.0507648 0.0839867 -0.157331  -9.80738 
             36.4996  1.93199  15.3696 -150.256 -0.0976057   -3.56671   0.243899  1.31308 -16.9202  2.97589  -0.0108034 -0.00316093 -0.00297788    -0.11687 -0.00825868     0.11441  -0.0188527 -0.00312131  0.00295364  0.395247  0.129015 0.0500984 0.0862953 -0.159359  -9.80733 
             36.5995 0.554661  15.0209 -156.094 -0.0916822    -3.5901   0.256636  1.30976 -16.9211  2.98068  -0.0112256 -0.00331798 -0.00308412 0.00321589  -0.126833  0.0798949   -0.0153739 -0.000174021   0.00378267 0.397953 0.124263 0.048754  0.085564 -0.162576  -9.80728 
             36.6995 -0.568766   14.8356  -160.567 -0.0894741   -3.60482   0.259326  1.30962 -16.9125  2.98395  -0.0112537 -0.00330397 -0.00307918 -0.0115181  -0.167549 0.00231358   -0.0160592 -0.000793714   0.00350568  0.396948  0.124152 0.0494138 0.0858794 -0.162912  -9.80727 
             36.7994 -1.32918  14.9153 -165.549 -0.100239   -3.6197  0.266925  1.31156 -16.9084  2.99401  -0.0113444 -0.00307024 -0.00314316 -0.00419019   -0.101097   0.0499051  -0.0183918 -0.00118192  0.00376838  0.393199  0.123734 0.0489215 0.0839462 -0.161976   -9.8073 
             36.8996 -0.770185   14.4153  -168.575 -0.0878291   -3.63103   0.266266  1.30841 -16.9097  2.99732   -0.011328 -0.00316078 -0.00305402 0.0272073 -0.112367 0.0299536  -0.0178555 -0.00153284  0.00145106  0.396333  0.123581 0.0507946 0.0856217 -0.163412  -9.80726 
             36.9996 -1.25119  14.2448 -172.112 -0.0853094   -3.63382   0.264184   1.3041 -16.9022   3.0002  -0.0113659 -0.00307218 -0.00306807  0.026573 -0.100483 0.0172516   -0.017697 -0.00153705 0.000943117  0.394605  0.125162 0.0516705 0.0867694 -0.162225  -9.80727 
             37.0994 -1.59538  14.2507 -175.328 -0.085441   -3.6393  0.265577  1.30227 -16.8997  2.99792  -0.0114261 -0.00303581 -0.00309953  0.0395375 -0.0987791   0.026752  -0.0175232 -0.00187293 0.000923213  0.393081  0.126026 0.0514978 0.0870012 -0.161075  -9.80729 
             37.1995 -1.28424  14.3726 -178.504 -0.0865084    -3.6358   0.259989   1.3017 -16.9032  2.99263  -0.0116138 -0.00297594 -0.00311368   0.034333 -0.0665389 -0.0533874  -0.0186759 -0.00218469  0.00119606 0.390752 0.129107 0.052666 0.0878453 -0.158177  -9.80733 
             37.2995 0.617114  14.9601  178.732 -0.0887015   -3.63461    0.24901  1.29947 -16.8942  2.99013  -0.0116963  -0.0030988 -0.00301614 -0.00295566   -0.118449  -0.0320715  -0.0204695 -0.00293336   0.0015021  0.387125  0.130614 0.0538269 0.0884277 -0.156294  -9.80736 
             37.3995  0.1829 14.4289 175.726 -0.0922521   -3.62832   0.246108 1.29724 -16.892  2.9933  -0.0118952 -0.00293112 -0.00295922 -0.0434051 -0.0834321 -0.0514922  -0.0177945 -0.00203806  0.00114802  0.384635  0.135524 0.0529625 0.0906637  -0.15301  -9.80739 
             37.4994 0.180783  14.6527   173.06 -0.101294   -3.6297  0.240614 1.29666 -16.891 2.99508  -0.0119664 -0.00290587 -0.00296436 -0.0785544 -0.0678672  -0.063115   -0.018931  -0.0029424 0.000403243  0.383401  0.136729 0.0524759 0.0910147 -0.151871   -9.8074 
             37.5994 -0.625943   14.8101   170.161 -0.107315  -3.63727  0.244782  1.29521 -16.8902  2.99819  -0.0119591 -0.00297041 -0.00295952 -0.0662248 -0.0420928 -0.0456453  -0.0177193 -0.00293468 0.000855667  0.384637  0.136475 0.0502482 0.0911709 -0.152474  -9.80739 
             37.6995 -0.559449   14.9828   166.844 -0.107931  -3.62845  0.246568  1.29401 -16.8932  2.99168 -0.0120072 -0.0029013 -0.0029985 -0.0192853  0.0200939 0.00881211  -0.0194662 -0.00297313 0.000760898  0.385309  0.139259 0.0497518 0.0931087 -0.151456  -9.80739 
             37.7995 -0.270766   14.8326   162.739 -0.111872  -3.61739  0.250878  1.28812 -16.8979  2.99543  -0.0120103 -0.00282259 -0.00300225  -0.0407774 -0.00304734   0.0267393 -0.0188843 -0.0031602 0.00162285   0.38487  0.141747 0.0488901 0.094714 -0.14952  -9.8074 
             37.8995 -0.38392  14.9508  158.258 -0.110483  -3.61194   0.24915  1.28839 -16.9029  2.99319  -0.0119505 -0.00282227 -0.00299435 -0.0433217  0.0544333 -0.0365773   -0.019938 -0.00346516  0.00174833  0.386543  0.143958 0.0492259  0.096339 -0.149419  -9.80739 
             37.9996 -0.917699   15.7776   152.988 -0.116652   -3.5996  0.240227 1.28413 -16.904  2.9962  -0.0118261 -0.00268883 -0.00296812 -0.0880494 -0.0317229 0.00398146  -0.0193503 -0.00404207  0.00234721  0.384699   0.14569 0.0500004 0.0973602 -0.147561  -9.80741 
             38.0995 -2.99594   14.717  146.199 -0.124356  -3.60115   0.24453  1.28512 -16.9031  2.99682  -0.0117313 -0.00280927 -0.00296474  -0.128635 -0.0529254  0.0134296   -0.018862 -0.00272251  0.00348682  0.385429  0.146728 0.0495433 0.098105 -0.14785  -9.8074 
             38.1995 -3.08408  14.9412  141.884 -0.140555  -3.61485  0.246979  1.28293 -16.9041  2.99658  -0.0118461 -0.00289498 -0.00293526 -0.120755  -0.11734 0.0293374  -0.0204181 -0.00375151  0.00180952  0.386119  0.143774 0.0492359 0.0964961 -0.148756   -9.8074 
             38.2996 -2.09963  14.7778  139.212 -0.15298 -3.62509 0.250041  1.28092 -16.9056  2.99713  -0.0118679 -0.00289574 -0.00293758  -0.10951 -0.153378 0.0293452  -0.0213307 -0.00353002 0.000266185  0.385281  0.144119 0.0489529 0.0966713 -0.147844  -9.80741 
             38.3994 -1.9098  14.529 137.721 -0.158498  -3.65412  0.250127  1.28023 -16.9108  2.99334  -0.0117423 -0.00273925 -0.00290121 -0.120176 -0.210964 0.0229436   -0.0203225  -0.00358799 -0.000720266  0.389758     0.143 0.0503778 0.0968095 -0.150587  -9.80737 
             38.4995 -1.7273 14.6543 137.451 -0.15838 -3.66106  0.24802  1.28325 -16.9166  2.99763  -0.0123208 -0.00258362 -0.00293978  -0.131789  -0.199222 0.00638763  -0.0198857 -0.00391597 -0.00209072  0.390269  0.149723 0.0514463   0.10084 -0.149316  -9.80735 
             38.5995 -1.5952 14.6276 137.697 -0.162127   -3.6569  0.247962  1.28516 -16.9141  3.00031  -0.0132826 -0.00276741 -0.00307164  -0.134646  -0.182578 0.00854787  -0.0197432 -0.00377566 -0.00305848 0.386363 0.157437  0.05098  0.105236 -0.145684  -9.80735 
             38.6994 -1.0777  14.703 138.915 -0.17244 -3.67208 0.249844  1.29107 -16.9238  2.99407  -0.0135945 -0.00274539 -0.00311329   -0.157573   -0.233594 -0.00156315 -0.0198752  -0.003789 -0.0036037  0.387568  0.160347 0.0510134 0.106514 -0.14511 -9.80735 
             38.7994 -0.711763    14.789   142.348 -0.186176  -3.67202  0.249494  1.29176 -16.9221  2.99364  -0.0148213 -0.00352848 -0.00330951   -0.203483   -0.282772 -0.00108453  -0.0190298 -0.00366103 -0.00471736  0.381643  0.166475 0.0500784  0.109789 -0.140329  -9.80738 
             38.8995 -1.24813  14.6533   146.49 -0.191323  -3.67815  0.253688  1.30063 -16.9271  2.99354  -0.0164531 -0.00365466  -0.0037647 -0.196868 -0.280708 0.0352268   -0.017498 -0.00329927 -0.00512692  0.379938  0.176146 0.0494969  0.114913 -0.137465  -9.80736 
             38.9995 -1.59147   14.264  152.144 -0.191171   -3.6892  0.254987 1.30702 -16.921 2.99642  -0.0179726 -0.00320627 -0.00420986  -0.152764  -0.260168 0.00648479  -0.0170372 -0.00263877 -0.00628852  0.378762  0.184849 0.0496946  0.120046 -0.136349  -9.80732 
             39.0995 -1.9854 14.2383 158.187 -0.188005  -3.68474  0.255365  1.31077 -16.9174  2.99584  -0.0198369 -0.00321657 -0.00484104 -0.0839185  -0.183721  0.0336349  -0.0166987 -0.00248448 -0.00656044  0.375011  0.194164 0.0494871  0.125444 -0.132985   -9.8073 
             39.1994 -1.47481  13.8479  164.529 -0.180094  -3.67237  0.256881  1.31353 -16.9127  2.99833  -0.0214315 -0.00318458 -0.00523803 -0.0252631 -0.0992535  0.0289312  -0.0172806 -0.00188787 -0.00608162  0.371039  0.202711 0.0490967 0.130273  -0.1296 -9.80728 
             39.2996 -0.0200324    13.5053    172.177 -0.171675  -3.66484   0.25293  1.31453 -16.9249  3.00113  -0.0222672 -0.00301916 -0.00530144 0.00994443 -0.0745609 -0.0627727  -0.0180959 -0.00196298 -0.00707891  0.371641  0.207423 0.0503523  0.132858 -0.128047  -9.80726 
             39.3994 0.809726  13.8857  179.044 -0.166646  -3.67014  0.240317  1.32219 -16.9186  3.00326  -0.0227232 -0.00279894  -0.0053256 -0.013393 -0.195281 -0.108138  -0.0154041 -0.00349474 -0.00657387 0.369906 0.211997 0.049656   0.13482 -0.126914  -9.80725 
             39.4994 -0.584915    14.364  -173.079 -0.160859  -3.68521  0.249637 1.31973 -16.917 3.00908  -0.0226889  -0.0027632 -0.00533258 0.0393887 -0.104519  0.049663  -0.0142773 -0.00120742 -0.00754388   0.37091  0.212063 0.0483001 0.135223 -0.12743 -9.80724 
             39.5996 -0.719537   13.8467  -167.313 -0.166457  -3.67221  0.250194  1.32493 -16.9226  3.00428  -0.0232348 -0.00252381 -0.00552845   0.0582444  -0.0726838 6.01099e-05  -0.0148503 -0.00156909 -0.00612298  0.366967  0.215486 0.0481793  0.135433 -0.123889  -9.80728 
             39.6995   -1.074  13.8345 -160.434 -0.16388 -3.67275 0.249409  1.33089 -16.9156  3.00276  -0.0234764 -0.00234767 -0.00562185   0.071315 -0.0258293  0.0581515  -0.0128567 -0.00116083 -0.00581293  0.363385  0.217109 0.0483052  0.135142 -0.122412  -9.80731 
             39.7996 -0.240771   13.2666  -151.607 -0.15687  -3.6727  0.25142 1.33386 -16.913 2.99764  -0.0236575 -0.00226771 -0.00565826    0.0946142   -0.0247024 -0.000589111   -0.0136397 -0.000414859  -0.00663707   0.36179  0.217799 0.0484526 0.134949 -0.12174 -9.80732 
             39.8995 0.190899  12.7608 -142.764 -0.150673  -3.66339  0.253633  1.33058 -16.9071  3.00278  -0.0238426   -0.001895 -0.00565981   0.104111  0.0425396 -0.0222206   -0.0133823 -0.000508688  -0.00710014  0.359909   0.21889 0.0466682  0.135163 -0.120574  -9.80733 
             39.9995 0.0101219   12.9209  -135.303 -0.155145  -3.65807  0.244658  1.32967 -16.9061  3.00731   -0.024331 -0.00179879 -0.00575847 -0.0310289   0.157727  0.0674287  -0.0123238 -0.00028575 -0.00585048  0.357405  0.218478 0.0472935  0.134025 -0.119949  -9.80735 
             40.0995 0.724412  12.2547 -129.949 -0.159384  -3.64772  0.250414  1.33017 -16.9089  3.00698  -0.0244954 -0.00184092 -0.00580877 -0.0283329   0.132784  0.0228973  -0.0124499 0.000744529 -0.00424351  0.357457   0.21797 0.0470931  0.133592 -0.120097  -9.80735 
             40.1994 -0.925326   11.9571  -128.006 -0.168066  -3.63155  0.250344  1.33254 -16.9125  3.00875  -0.0244922 -0.00165567 -0.00582807 -0.0769023   0.165775  0.0169951  -0.0118227 0.000193893 -0.00200984  0.357298  0.218752 0.0475657  0.133318 -0.119783  -9.80736 
             40.2994 -1.40888  11.9487 -126.069 -0.168243   -3.6249  0.248525  1.33087 -16.9142   3.0059 -0.0249798 -0.0020626 -0.0058656 -0.0700735   0.160409 0.00801479  -0.0119183  7.5458e-05 -0.00201302  0.358476  0.216454 0.0484569  0.133561 -0.120842  -9.80735 
             40.3996 -1.44019  11.9066 -124.412 -0.167667  -3.61988  0.245687  1.32506 -16.9127  3.00231  -0.0255822  -0.0023508 -0.00597026 -0.0423732   0.144487 0.00767249   -0.012123 0.000162076 -0.00251561 0.358736 0.213279 0.049239  0.133779 -0.121827  -9.80733 
             40.4996 -1.76279  11.9377 -121.939 -0.161547  -3.61914  0.248712  1.32675 -16.9137  3.00013  -0.0262564 -0.00257218 -0.00609543 0.0113582  0.120746 0.0164392  -0.0113986 0.000334651 -0.00313663  0.359184   0.21102 0.0489706  0.133944 -0.122908  -9.80732 
             40.5995 -2.1019 12.1133 -118.91 -0.164341  -3.62089   0.25201  1.33055 -16.9097  2.99862    -0.02663 -0.00226548 -0.00614569 -0.00143414   0.0943592   0.0591275  -0.0113431 0.000215503 -0.00250891   0.35677  0.210382 0.0485408  0.133311 -0.123607  -9.80732 
             40.6995  -1.9919  11.9196 -115.246 -0.166251  -3.61828  0.258818  1.33534 -16.9049  2.99919  -0.0267705 -0.00224968 -0.00618393 -0.050289 0.0636899 0.0518623  -0.0121071 0.000647839 -0.00194909  0.355556  0.210381 0.0479877 0.133277 -0.12399 -9.80731 
             40.7994 -1.91407  11.9341 -112.352 -0.167582  -3.63426  0.256954 1.32859 -16.908 3.00784  -0.0272083  -0.0022087 -0.00632558 -0.0779701  0.0305328  0.0290391  -0.0115791  0.00067945 -0.00206988  0.354034   0.20667 0.0490492 0.133226 -0.12512  -9.8073 
             40.8995 -1.62275  11.9476 -111.253 -0.175484  -3.64218  0.256415  1.32888 -16.9061  3.00762  -0.0274137 -0.00211313 -0.00639527 -0.0959927  0.0257647  0.0176572   -0.0119289  0.000688011 -0.000853987  0.352454  0.205401 0.0494493  0.133185 -0.125696  -9.80729 
             40.9995 -1.19611  11.9605 -111.036 -0.176529  -3.65377  0.256503  1.32647 -16.9042  3.00283   -0.027843 -0.00199777 -0.00657984 -0.113615 0.0230187 0.0190284  -0.0121913   0.0007517 0.000526951   0.35131  0.202159 0.0495489  0.133641 -0.126451  -9.80727 
             41.0995 -1.23496    12.04 -111.729 -0.186203   -3.6608  0.254842  1.32382 -16.8981  2.99851  -0.0280568 -0.00182763  -0.0066426  -0.141728  0.0154527 0.00745173  -0.0121188 0.000555995  0.00160057 0.349362 0.200322 0.049889  0.133816 -0.126889  -9.80727 
             41.1994 -1.16275  11.8572 -113.876 -0.203831  -3.66463  0.260492  1.32061 -16.8954  2.99736  -0.0281005 -0.00160612 -0.00665058 -0.185619 0.0183318 0.0215815 -0.0126611 0.00088048 0.00299506  0.348308  0.199513 0.0484862  0.133795 -0.127185  -9.80726 
             41.2995 -1.50581  12.3594 -117.184 -0.213695  -3.66438  0.262105   1.3205 -16.8877  2.99667  -0.0285739 -0.00170593 -0.00675001 -0.192232 0.0162078 0.0266791  -0.0125573 0.000339161  0.00467311   0.34772  0.197789 0.0483616  0.134414 -0.127286  -9.80725 
             41.3995 -1.90443  12.8369 -120.428 -0.217165  -3.66338  0.256889  1.32283 -16.8851  2.99104  -0.0292171 -0.00187155 -0.00687289 -0.162143  0.013397 0.0346481  -0.0126391 0.000121984  0.00441884  0.348048  0.195452 0.0504461 0.135232 -0.12731 -9.80724 
             41.4994 -1.92082  12.7318 -125.463 -0.22272  -3.6618 0.259532  1.32464 -16.8757  2.97926  -0.0297585 -0.00205286 -0.00697887 -0.144532 0.0294984 0.0268977  -0.0137256 0.000225516   0.0061151  0.347371  0.193541 0.0503336  0.135938 -0.127425  -9.80723 
             41.5995 -2.13216  12.7665 -130.437 -0.215165  -3.66434  0.260468  1.33593 -16.8691  2.97001  -0.0307507 -0.00229624 -0.00715987 -0.0869751  0.0316812  0.0222423   -0.0137481 -8.78934e-05   0.00660416  0.347333  0.191471 0.0503993 0.137097  -0.1279 -9.80721 
             41.6995 -1.88803  12.9246 -135.299 -0.201962  -3.64463  0.257746  1.33065 -16.8664  2.96539  -0.0311861 -0.00318581 -0.00730649  -0.0411783   0.0886872 -0.00048179   -0.0144551 -0.000392611   0.00599417   0.35041  0.188684 0.0519017  0.138329 -0.127324   -9.8072 
             41.7993 -1.39914  12.8939 -140.422 -0.189779  -3.64727  0.256012  1.32928 -16.8697   2.9666  -0.0317835 -0.00322779 -0.00752018  -0.0024285   0.0847404 -0.00134182   -0.0151389 -0.000512649   0.00566439   0.35109  0.185338 0.0522827  0.139085 -0.128097  -9.80718 
             41.8994 -1.24607  12.7078 -145.465 -0.180819  -3.64121  0.252836  1.32841 -16.8671  2.97236  -0.0319558 -0.00337035 -0.00757878  0.0175195  0.0786187 -0.0220321   -0.0149432 -0.000554906   0.00543422  0.351364  0.184002 0.0525995  0.139573 -0.128371  -9.80717 
             41.9995 -1.32381  12.8275  -150.02 -0.179309  -3.65373   0.25159  1.33258 -16.8642  2.97046  -0.0321985 -0.00319156 -0.00766519  0.0190975  0.0481945 -0.0274057    -0.014727 -0.000839514   0.00443673  0.349096  0.182431 0.0517778  0.139327 -0.129441  -9.80716 
             42.0994 -1.22632  13.5218 -155.238 -0.177814  -3.65216  0.248609  1.33428 -16.8663   2.9744   -0.032267 -0.00314947  -0.0076774  0.0760529  0.0386139 -0.0219691  -0.0155773 -0.00173556  0.00461933  0.348705  0.182322 0.0519533  0.139113 -0.129692  -9.80716 
             42.1994  1.15668  13.6052 -159.141 -0.166676  -3.64536  0.243433   1.3372 -16.8715   2.9763  -0.0322347 -0.00324384 -0.00762543   0.124193 -0.0435423 -0.0313067  -0.0178964 -0.00134418  0.00383047   0.34987    0.1833 0.0531026  0.139264 -0.129476  -9.80716 
             42.2995  1.52115  13.4849 -162.772 -0.154721  -3.66017  0.240168  1.33532 -16.8767  2.97462  -0.0322304 -0.00330453 -0.00768577  0.0483569 -0.0778287 -0.0118326 -0.0154245 -0.0016957 0.00352453  0.350611  0.181887 0.0532534  0.139158 -0.129907  -9.80715 
             42.3995  1.56196  13.7389 -165.793 -0.159336  -3.67254  0.245098  1.33506 -16.8785  2.97314  -0.0323167 -0.00333535 -0.00771226 -0.0495641  -0.130911 -0.0571126  -0.0151441 -0.00192378  0.00333009  0.350309  0.181963 0.0514835  0.138775 -0.129771  -9.80716 
             42.4995 -0.0706047    14.2152   -168.638 -0.171257  -3.69237  0.244792  1.33684 -16.8761  2.97879  -0.0323465 -0.00358885  -0.0076577  -0.0292165   -0.057033 0.000765021 -0.0146069 -0.0024803 0.00249807   0.34822  0.180786 0.0506799  0.137833 -0.130183  -9.80717 
             42.5994 0.340452  14.2225 -171.252 -0.173459  -3.69884  0.247043  1.33447 -16.8741  2.98184  -0.0323623 -0.00360387 -0.00766452 0.0262533 -0.100154 0.0122231   -0.015684 -0.00206023  0.00148491 0.347614 0.180516 0.050616   0.13776 -0.130108  -9.80717 
             42.6993 0.273786   13.885 -174.152 -0.172978  -3.70899  0.246482 1.33256 -16.881 2.98211  -0.0324278 -0.00362013 -0.00770216   0.0290412   -0.118833 -0.00242846   -0.015541 -0.00179781  0.00180491  0.348272  0.180674 0.0504455  0.137632 -0.129779  -9.80718 
             42.7995 -1.45392  13.5812  -176.79 -0.176369  -3.70978  0.238899  1.33287 -16.8851  2.98014  -0.0325984 -0.00346152 -0.00790496  -0.02096  -0.13671 0.0348063  -0.0140136 -0.00172688  0.00204968  0.347867  0.182912 0.0516553   0.13799 -0.128687  -9.80719 
             42.8994  -1.8942  13.6885 -178.049 -0.191206  -3.72219  0.244791  1.33441 -16.8817  2.98001   -0.032669 -0.00370998 -0.00798517 -0.0448626  -0.163901  0.0018238   -0.0150857  -0.00198582 -0.000294248 0.345328 0.183495  0.04988  0.137361 -0.127836  -9.80721 
             42.9995 -2.15698  13.6832 -178.433 -0.197109  -3.72124  0.245854  1.33344 -16.8767  2.97895  -0.0329668  -0.0037175 -0.00815507 -0.00789564   -0.151199   0.0160068   -0.0152027  -0.00204124 -0.000182095   0.34348  0.186454 0.0495862  0.138153 -0.126431  -9.80721 
             43.0993 -2.21128  13.6163 -178.461 -0.197406  -3.73145    0.2487  1.33406 -16.8771   2.9773  -0.0330457 -0.00371016 -0.00818242 -0.0117204  -0.133413  0.0172229   -0.0153021  -0.00191681 -0.000361595  0.343513   0.18727 0.0494013  0.138401 -0.126168  -9.80721 
             43.1994 -1.85546  13.3851 -177.838 -0.196607  -3.72675  0.247424  1.33238 -16.8697  2.97485  -0.0333925 -0.00367987 -0.00823683 -0.0274459  -0.105475 0.00996952  -0.0155156 -0.00169216 -0.00111812  0.342133  0.190071 0.0499043   0.13963 -0.125194  -9.80721 
             43.2995 -1.88286   13.493 -177.655 -0.201963  -3.72706  0.247719  1.33312 -16.8712  2.97109  -0.0335937 -0.00375504 -0.00825949 -0.048367 -0.103168 0.0081149  -0.0151526 -0.00201782 -0.00096205   0.34155  0.192001 0.0499626  0.140135 -0.124326  -9.80721 
             43.3994 -1.84336  13.3215  -177.55 -0.201954  -3.71435   0.24516 1.33234 -16.867 2.97042  -0.0339507 -0.00378813 -0.00828791 -0.0429591 -0.0625957 0.00232482   -0.0153761  -0.00173391 -0.000601512  0.340596  0.196021 0.0506761  0.141778 -0.123106   -9.8072 
             43.4994 -2.05753  13.3043 -177.012 -0.201723  -3.71921  0.244156  1.32835 -16.8616  2.97504  -0.0340037 -0.00372531 -0.00829887  -0.0404766  -0.0745441 4.60811e-05  -0.0149289 -0.00169187 -0.00112715  0.340515   0.19613 0.0509946  0.142301 -0.123259  -9.80719 
             43.5995 -2.03412  13.2636 -176.893 -0.199114  -3.71165  0.245177   1.3297 -16.8599  2.97459  -0.0341877 -0.00375466 -0.00832327 -0.0373516 -0.0403271 0.00228169   -0.0151293  -0.00171966 -0.000873335   0.34094  0.199224 0.0510201  0.143639 -0.122771  -9.80718 
             43.6994 -1.99021   13.281  -177.08 -0.19873 -3.70167 0.246272 1.32724 -16.863 2.97432  -0.0342979 -0.00383212 -0.00832972 -0.0384695 -0.0113655 0.00450893   -0.0153634  -0.00180422 -0.000210338  0.341655  0.201499 0.0511193  0.144735 -0.122122  -9.80717 
             43.7994 -1.92006  13.1618 -176.413 -0.196407  -3.69792  0.250087  1.32533 -16.8596  2.98283  -0.0343682 -0.00383749 -0.00834145  -0.0340636 -0.00451575   0.0136694  -0.0151745 -0.00159001 -0.00104599  0.342225  0.202629 0.0505916  0.145485 -0.122222  -9.80716 
             43.8995 -1.80759  13.1632 -176.224 -0.192599   -3.6974   0.24826  1.32408 -16.8623  2.98888  -0.0344446 -0.00385054 -0.00836433   -0.029786 -0.00607233  0.00783802  -0.0152336 -0.00160635 -0.00122372  0.343854  0.203158 0.0516886 0.146052 -0.12259 -9.80715 
             43.9994 -1.88309  13.1593 -176.293 -0.191771  -3.68909  0.246562  1.3237 -16.863 2.98975   -0.034468 -0.00393685 -0.00836637  -0.0338798    0.011387 0.000407792   -0.0151254  -0.00161557 -0.000951976  0.344202  0.204929 0.0523593  0.146844 -0.122233  -9.80714 
             44.0993 -2.04907  13.1523 -176.723 -0.190827  -3.68358  0.241858 1.32335 -16.863 2.99343  -0.0344838 -0.00400235 -0.00837532 -0.0323091  0.0123498 -0.0101911  -0.0149945 -0.00162448 -0.00015503  0.344589  0.206041 0.0535687  0.147425 -0.122162  -9.80713 
             44.1995 -1.85188  13.1452 -176.335 -0.190601  -3.67421  0.243943 1.32156 -16.862 2.99671  -0.0344871 -0.00407806  -0.0083747 -0.0321616  0.0307436  -0.004646   -0.0151511  -0.00158105 -0.000708847  0.344897  0.207433 0.0530389  0.148115 -0.121879  -9.80712 
             44.2994  -1.8296  13.0828 -176.426 -0.188713  -3.66612  0.248141  1.32042 -16.8583  2.99532  -0.0344996 -0.00414285 -0.00837643 -0.0262869  0.0391083 0.00779045   -0.0151708  -0.00147029 -0.000470494  0.345266  0.208344 0.0521812  0.148772 -0.121881  -9.80711 
             44.3993 -1.93254  13.0881 -176.005 -0.184656  -3.66635  0.249711  1.31793 -16.8547  2.99872  -0.0345603 -0.00413046 -0.00839043 -0.0219299  0.0282719   0.010925  -0.0147727 -0.00146769 -0.00111116   0.34625  0.207642 0.0521892   0.14907 -0.122538   -9.8071 
             44.4995 -1.89961   13.122 -176.227 -0.187238  -3.66895  0.248302  1.32051 -16.8563  2.99706  -0.0345875 -0.00409685 -0.00839552 -0.0290922  0.0159509 0.00446498   -0.0148888  -0.00153404 -0.000666204  0.346658  0.207052 0.0527672  0.148786 -0.122885   -9.8071 
             44.5995 -1.92326  13.1465 -176.241 -0.189631  -3.67448  0.245041   1.3231 -16.8611  2.99253  -0.0346323 -0.00405743 -0.00840355  -0.0357412 0.000206044   -0.003472   -0.0148203  -0.00155573 -0.000611766  0.347708  0.206184 0.0537697 0.148462 -0.12333  -9.8071 
             44.6995 -1.98358  13.0869 -176.355 -0.195246  -3.68424  0.244835   1.3267 -16.8635   2.9945  -0.0346681 -0.00398946 -0.00840482  -0.0434645  -0.0202734 -0.00324632   -0.0147681  -0.00146693 -0.000285814  0.348167  0.205134 0.0537559  0.147863 -0.123824   -9.8071 
             44.7993 -1.82013  13.0888 -176.126 -0.192232  -3.68627  0.244833 1.32956 -16.866 2.99287  -0.0347261 -0.00402047 -0.00842077  -0.0329462  -0.0265472 -0.00208041   -0.0148739  -0.00148422 -0.000576298 0.349915 0.205846 0.054133  0.148306 -0.124221  -9.80709 
             44.8993 -1.80945  13.0737 -175.979 -0.18902 -3.68211 0.247374  1.32962 -16.8683  2.99559  -0.0347632 -0.00407977 -0.00843069 -0.0313696 -0.0116235 0.00486171    -0.014805  -0.00144583 -0.000674302  0.351407  0.207329 0.0539361 0.149024 -0.12421 -9.80708 
             44.9993 -1.84171   12.977 -176.172 -0.195971  -3.68805  0.247445 1.33088 -16.867 2.99634  -0.0347509 -0.00404137 -0.00842762 -0.0435898 -0.0271962 0.00502281   -0.0147895  -0.00131544 -0.000248515  0.350735  0.206674 0.0538258  0.148615 -0.124296  -9.80709 
             45.0994 -1.83809  13.0636 -176.278 -0.202034  -3.68371  0.244788   1.3291 -16.8679  2.99469  -0.0347171 -0.00408052 -0.00842161 -0.0530758 -0.0138714 -0.0014121  -0.0148362  -0.0014555 4.35054e-06  0.350203  0.207488 0.0544613  0.148859 -0.123792  -9.80709 
             45.1994 -1.73343  12.9633 -176.023 -0.196432  -3.67842  0.247696  1.32624 -16.8654  2.99265   -0.034769   -0.004133 -0.00843071  -0.0363835 -0.00250701  0.00420507   -0.0149182  -0.00125834 -0.000320048   0.35168  0.208377 0.0541758  0.149804 -0.123996  -9.80707 
             45.2994 -1.78171  12.9712 -176.082 -0.192289  -3.68837  0.245014  1.32304 -16.8668   2.9943  -0.0348508 -0.00408441 -0.00844676  -0.0268879  -0.0256435 -0.00435207   -0.0147989  -0.00126938 -0.000112962  0.353565  0.206625 0.0551814  0.149858 -0.124878  -9.80706 
             45.3993 -1.82684   12.924 -175.408  -0.1896 -3.68288 0.244887  1.32148 -16.8667  3.00043   -0.034887 -0.00412505 -0.00845897  -0.0219521  -0.0103622 -0.00276234  -0.0144565 -0.00114598 -0.00114724  0.354244   0.20807 0.0553729   0.15052 -0.124714  -9.80705 
             45.4994 -1.73161  13.0028 -175.751 -0.187929  -3.68201  0.245168  1.32095 -16.8688  3.00245  -0.0349171  -0.0041456 -0.00846927   -0.0206285   -0.0102317 -0.000200298   -0.0147274  -0.00128522 -0.000518925  0.355304  0.208517 0.0554996  0.150831 -0.124812  -9.80705 
             45.5995 -1.68595    12.97 -175.631 -0.189062  -3.67465  0.250281   1.3235 -16.8763  3.00411  -0.0349302 -0.00419967 -0.00847342 -0.0281475 0.00802237  0.0103008   -0.0147434  -0.00121175 -0.000612734  0.356677  0.210368 0.0547117  0.151185 -0.124475  -9.80704 
             45.6994 -1.81383  13.0082 -176.002 -0.191565   -3.6779  0.249602  1.32528 -16.8746  3.00219  -0.0349426 -0.00418501 -0.00847409 -0.0331229 -0.0045008 0.00693652  -0.0146229  -0.0012976 4.14089e-05  0.356599  0.210005 0.0550347  0.151079 -0.124707  -9.80704 
             45.7994 -1.75882  12.8733 -175.834 -0.196049  -3.68046  0.248367  1.32539 -16.8703  3.00394  -0.0349314 -0.00416961 -0.00847122  -0.0394933 -0.00731902  0.00159064   -0.0146168  -0.00105971 -0.000163578  0.355698  0.209686 0.0552467  0.150963 -0.124768  -9.80704 
             45.8994 -1.66749  12.9479 -176.177 -0.191638  -3.67372   0.24591  1.33007 -16.8714  3.00164  -0.0349617 -0.00425957 -0.00848286  -0.0304647  0.00467558 -0.00500756  -0.0149026 -0.00118645 0.000464967     0.357   0.21177 0.0562397  0.151685 -0.124807  -9.80703 
             45.9994 -1.56491  13.0011 -175.524 -0.184922  -3.67515  0.246523  1.32443 -16.8733   3.0096  -0.0350299 -0.00423735 -0.00850573  -0.0202332  0.00251692 -0.00170116   -0.0147512   -0.0012496 -0.000605938  0.359162  0.211062 0.0564696  0.152128 -0.125338  -9.80702 
             46.0993 -1.82751  12.9858  -175.92 -0.189616   -3.6734   0.24546  1.32465 -16.8742  3.01054  -0.0350117 -0.00424155 -0.00850341  -0.0292204 0.000753331 -0.00294253  -0.0144229 -0.00122256 0.000140582   0.35878  0.211368 0.0565786 0.152068 -0.12513 -9.80702 
             46.1993 -1.76893  12.9642 -175.967 -0.187501   -3.6748  0.244056  1.32455 -16.8758  3.00726   -0.035052 -0.00424903 -0.00851227   -0.025155 -0.00451116 -0.00491498  -0.0144943 -0.00117178 0.000244452  0.359969  0.211176 0.0570758  0.152281 -0.125425  -9.80702 
             46.2994 -1.73169  12.9671  -175.83 -0.189131  -3.67567  0.242943  1.32621 -16.8744  3.00369  -0.0350567 -0.00425267 -0.00851337  -0.0306987 -0.00384964  -0.0062014  -0.0144803 -0.00117529 9.47443e-05  0.359975  0.211258 0.0572087   0.15233 -0.125521  -9.80701 
             46.3993 -1.65745  12.8434 -175.905 -0.190866  -3.68079  0.244014 1.32421 -16.873 3.00682    -0.03507 -0.00422356 -0.00851612 -0.0291996 -0.0193418 -0.0054015   -0.0145368 -0.000979773  0.000295361  0.360222  0.210324 0.0568334 0.152236  -0.1258 -9.80701 
             46.4995 -1.69045  12.8591  -175.55 -0.187428  -3.67809  0.245368  1.32508 -16.8692  3.01042  -0.0350944 -0.00425381   -0.008521   -0.0250996   -0.0117986 -0.000884036   -0.0143046   -0.0010187 -0.000102088  0.360683  0.211534 0.0566123  0.152774 -0.125874    -9.807 
             46.5994 -1.67503  12.9386 -175.518 -0.189987    -3.681  0.243044 1.32297 -16.872 3.00909  -0.0351052 -0.00424155 -0.00852338  -0.0339186  -0.0180389 -0.00430796   -0.0142619  -0.00115501 -7.46416e-05  0.361161  0.210896 0.0571948   0.15272 -0.125945    -9.807 
                46.7  -1.5076  12.8844 -175.364 -0.192959  -3.69978  0.243892  1.31916 -16.8726  3.01022   -0.035128 -0.00414472  -0.0085361   -0.0376875   -0.0495708 -0.000987342   -0.0144371  -0.00104511 -0.000282431  0.361952  0.207697 0.0569536   0.15216 -0.126723    -9.807 
             46.7993 -1.52757   12.859 -175.625 -0.193586  -3.69188  0.242875  1.31655 -16.8748   3.0126  -0.0351226 -0.00421455  -0.0085348 -0.0368481 -0.0272703 -0.0027642   -0.0144596 -0.000996928  0.000177443   0.36249  0.209471 0.0573383  0.152774 -0.126265    -9.807 
             46.8994 -1.56655  12.8185   -175.9 -0.195204  -3.69323  0.242941  1.31674 -16.8748  3.01028  -0.0351308 -0.00423343 -0.00853688   -0.039303  -0.0277584 -0.00359089   -0.0144546 -0.000925755  0.000678835  0.362878  0.209741 0.0573582  0.152946 -0.126292  -9.80699 
             46.9994 -1.53693   12.861 -175.499 -0.192134   -3.6868  0.242552 1.31897 -16.875 3.00625  -0.0351551 -0.00429548 -0.00854716 -0.0323871 -0.0108391 -0.0030978   -0.0143302 -0.000964147  2.65832e-05  0.363891  0.211582 0.0576898 0.153598 -0.12619 -9.80699 
             47.0993 -1.52558  12.8799  -175.61 -0.188677  -3.69239  0.248971  1.31505 -16.8793  3.00583   -0.035216 -0.00427942 -0.00856193 -0.0231691 -0.0220317   0.013156   -0.0143518 -0.000970003  0.000209858 0.366219 0.210436 0.056685  0.153754 -0.126647  -9.80698 
             47.1994 -1.49663     12.9 -175.343 -0.186492  -3.69052  0.251064  1.31566 -16.8819  3.00624  -0.0352434 -0.00430387 -0.00857132 -0.0222362 -0.0123378  0.0142961   -0.0142905 -0.000970187 -0.000223435 0.367381 0.211269  0.05679  0.154087 -0.126671  -9.80697 
             47.2993 -1.42719  12.9491 -175.697 -0.186317  -3.69796  0.246004  1.31313 -16.8863  3.00552  -0.0352821    -0.00428 -0.00858217 -0.0223953 -0.0273831 0.00138211  -0.0145137 -0.00102998 0.000384292  0.368415   0.20992 0.0584295  0.153972 -0.126996  -9.80697 
             47.3997 -1.42175  12.8856 -175.418 -0.188747  -3.69249  0.246304  1.31182 -16.8851  3.00641   -0.035268  -0.0043162 -0.00858042    -0.030921  -0.00799751 -0.000214356   -0.0143915 -0.000889496  -7.0155e-05  0.368015  0.211009 0.0583321  0.154252 -0.126652  -9.80697 
             47.4993 -1.61863  12.9842 -175.665 -0.19255 -3.69461 0.245155  1.30941 -16.8853  3.00564  -0.0352694  -0.0043045 -0.00857922  -0.0381899  -0.0174766 -0.00323822  -0.0141185 -0.00105374  0.00035281  0.367988  0.210445 0.0585654  0.154215 -0.126664  -9.80697 
             47.5994 -1.44615   12.807  -175.63 -0.193386  -3.69933  0.246299  1.30587 -16.8826  3.00911  -0.0352854 -0.00428668 -0.00858025   -0.036104   -0.020692 0.000785288   -0.0143675 -0.000722858  0.000289946  0.368231  0.209546 0.0582851  0.154275 -0.126904  -9.80697 
             47.6993 -1.51911  12.9014 -175.631 -0.192562  -3.69107  0.243766  1.30461 -16.8846  3.00803  -0.0352981 -0.00434036 -0.00858577  -0.0335376 -0.00235926 -0.00499895   -0.0142299 -0.000859875  0.000313116  0.368988  0.211043 0.0590828 0.154809 -0.12664 -9.80696 
             47.7994 -1.63243  12.8659 -175.653 -0.197506  -3.69121  0.242898  1.30397 -16.8844  3.00299  -0.0352884 -0.00434062 -0.00858415   -0.041416 -0.00961506 -0.00501239   -0.0139969 -0.000777111   0.00033903  0.368697  0.210874 0.0590927  0.154781 -0.126552  -9.80696 
             47.8994 -1.48894  12.9345 -175.348 -0.188753  -3.68922  0.246901  1.30389 -16.8857  3.00433  -0.0353558 -0.00435502 -0.00860503 -0.0236414 0.00128394  0.0058342   -0.0141269  -0.00087691 -0.000162358  0.371329  0.211551 0.0586795  0.155413 -0.126948  -9.80695 
             47.9993 -1.24476  12.8315 -174.775 -0.186358  -3.68301  0.252781  1.30129 -16.8845  3.00995  -0.0353794 -0.00435798 -0.00860301 -0.0171665  0.0122683  0.0160359  -0.0142907 -0.00065215 -0.00114021  0.372051  0.212363 0.0576837  0.155814 -0.126882  -9.80694 
             48.0994 -1.59258  12.8239 -175.206 -0.182663  -3.67642  0.249032  1.29994 -16.8834  3.01103  -0.0353985 -0.00438517 -0.00861083 -0.0126732  0.0225583 0.00464716   -0.0138313   -0.0006461 -0.000377026  0.372486  0.213177 0.0590424  0.156242 -0.126845  -9.80694 
             48.1993 -1.52415  12.7437 -175.083 -0.182163  -3.67275  0.250074  1.29757 -16.8802  3.01147  -0.0353972 -0.00438858 -0.00860977 -0.00845541   0.0210533  0.00626321   -0.0138851 -0.000484269 -0.000576601  0.372268  0.213062 0.0588807  0.156387 -0.126847  -9.80693 
             48.2993 -1.48623  12.9025 -175.272 -0.178921  -3.67161  0.244345  1.29778 -16.8805   3.0147  -0.0354166 -0.00439813 -0.00861873 -0.00982675   0.0192943 -0.00789069   -0.0139926 -0.000751379 -0.000263465  0.372842  0.213135 0.0604284  0.156546 -0.127027  -9.80693 
             48.3993 -1.50351  12.9244 -175.299 -0.181339  -3.67739  0.241653  1.29437 -16.8818  3.01436  -0.0354325 -0.00435314  -0.0086197 -0.0166574 0.00514786 -0.0117169   -0.0139499 -0.000778308 -0.000200644 0.372951 0.211317 0.060789  0.156264 -0.127264  -9.80693 
             48.4993 -1.53696  12.9212 -175.537 -0.184248  -3.67989  0.243816  1.29112 -16.8841  3.01556  -0.0354436 -0.00433091 -0.00862038  -0.0231313 -0.00476688 -0.00529954   -0.0139594 -0.000748707  0.000196652  0.373361  0.210404 0.0600765 0.156137 -0.12732 -9.80693 
             48.5995 -1.54721  12.8985 -175.347 -0.186011  -3.67684  0.246021  1.28871 -16.8846  3.01552  -0.0354437 -0.00434215 -0.00862117   -0.030068  0.00410717 0.000602954   -0.0138518 -0.000697903 -0.000113664  0.373666  0.210566 0.0595522  0.156281 -0.127223  -9.80693 
             48.6993 -1.39786   12.944 -175.283 -0.183792  -3.67505  0.246238   1.2875 -16.8866  3.01673  -0.0354712  -0.0043525 -0.00862934 -0.0223056 0.00336008 0.00130733   -0.0140504 -0.000748625 -0.000223741  0.374883  0.210717 0.0598081 0.156519 -0.12734 -9.80692 
             48.7994 -1.43811  12.8242  -175.08 -0.191714  -3.66963  0.251024  1.28913 -16.8877  3.01701  -0.0354414 -0.00437383 -0.00862524 -0.039898 0.0185355 0.0105503   -0.0138864 -0.000512084 -0.000560094   0.37422  0.211718 0.0586536  0.156442 -0.126991  -9.80693 
             48.8994 -1.37759   12.912 -175.207 -0.190874  -3.67746  0.252027  1.28727 -16.8895  3.01554  -0.0354831 -0.00433635  -0.0086378  -0.0341927 -0.00292266   0.0128063    -0.014006  -0.00065902 -0.000312827  0.375593  0.209895 0.0589057  0.156351 -0.127503  -9.80693 
             48.9994 -1.50407  12.9353 -175.198 -0.18393 -3.66884 0.245305  1.28872 -16.8917  3.01409  -0.0355191 -0.00438464 -0.00865307  -0.0217174   0.0131152 -0.00699139   -0.0137586 -0.000671899 -0.000326986  0.377154  0.211648 0.0611235  0.156976 -0.127494  -9.80692 
             49.0994 -1.53308  12.8586 -175.248 -0.180022  -3.67308   0.24333  1.28886 -16.8903  3.01434  -0.0355532 -0.00437085 -0.00865561   -0.0121626 -1.63792e-05   -0.0104496    -0.013717 -0.000528531 -0.000213456 0.378028 0.210866 0.061583 0.157057 -0.12789 -9.80691 
             49.1993 -1.37081  12.8652 -175.326 -0.187118  -3.67656  0.249192  1.28739 -16.8894  3.01321  -0.0355313 -0.00433681 -0.00865124 -0.0296061 -0.0054445 0.00565967   -0.0139849 -0.000531261 -8.87006e-05  0.377347  0.209985 0.0598506 0.156773 -0.12785 -9.80691 
             49.2994 -1.54846   12.926 -175.539 -0.187608  -3.67821  0.245151 1.28881  -16.89 3.01458  -0.0355463 -0.00433919 -0.00865521  -0.0287912 -0.00684715 -0.00470675   -0.0137598 -0.000626551  0.000289476  0.377725  0.210107 0.0609565 0.156831 -0.12797 -9.80691 
             49.3993 -1.39797  12.8621 -175.072 -0.182299   -3.6659  0.247121  1.2894 -16.891 3.01179  -0.0355767 -0.00439091 -0.00865825  -0.0168992   0.0127015 0.000881474   -0.0137965 -0.000469182 -0.000508411  0.379128  0.212275 0.0608489   0.15747 -0.127778   -9.8069 
             49.4994 -1.51576   12.776 -175.422 -0.18575 -3.66768 0.246635  1.29076 -16.8876  3.00989  -0.0355671 -0.00437982 -0.00865543   -0.0238378     0.010496 -0.000117214   -0.0137282 -0.000336218  0.000115774 0.378378 0.211915 0.060771  0.157353 -0.127851   -9.8069 
             49.5995 -1.57744  12.7833 -175.699 -0.189528  -3.66914  0.247758  1.29487 -16.8837  3.01165  -0.0355553 -0.00437704  -0.0086523  -0.0258914 -0.00118825  0.00027541   -0.0137205 -0.000338554  0.000574856  0.377583  0.212258 0.0603448  0.157254 -0.127909  -9.80691 
             49.6993 -1.36218  12.8654 -175.665 -0.191114  -3.67284  0.252577  1.29607 -16.8821   3.0093  -0.0355673  -0.0043612 -0.00865805  -0.0323059 -0.00170769   0.0117466   -0.0140242 -0.000460896  0.000518779  0.377879  0.211771 0.0593281  0.157213 -0.128107   -9.8069 
             49.7994 -1.52679  12.8455 -175.135 -0.180594   -3.6675  0.251475   1.2959 -16.8832  3.01185  -0.0356219 -0.00436901 -0.00867554 -0.00438527  0.00321061  0.00625126   -0.0135264 -0.000357671 -0.000353272  0.380112  0.212848 0.0603931  0.157809 -0.128312  -9.80689 
             49.8993 -1.45033  12.8212 -175.434 -0.179476  -3.67387  0.251905  1.29494 -16.8819   3.0113  -0.0356348 -0.00434555 -0.00867877 -0.00808769 -0.00867181  0.00641354   -0.0137419 -0.000304964  0.000153441  0.380338  0.211666 0.0604373  0.157716 -0.128579  -9.80689 
             49.9994 -1.43753  12.7473 -175.364 -0.18468  -3.6825 0.251077  1.29386 -16.8795  3.01011  -0.0356202 -0.00431095 -0.00867648 -0.0172691 -0.0212999 0.00294603   -0.0137216 -0.000187559  5.96631e-05  0.379331  0.210191 0.0604443 0.157394  -0.1287 -9.80689 
             50.0994 -1.45998  12.9413 -175.375 -0.183736  -3.69098  0.244357  1.29344 -16.8825   3.0089  -0.0356371 -0.00429317 -0.00868316 -0.0180847 -0.0384143 -0.0135151   -0.0136487 -0.000486398  6.33169e-05  0.380096  0.209228 0.0620941  0.157329 -0.128942  -9.80689 
             50.1993 -1.54155  12.9108 -175.595 -0.187269  -3.68938  0.240634  1.29649 -16.8807  3.00411  -0.0356152 -0.00431595 -0.00868014 -0.0276916 -0.0270656 -0.0190747  -0.0135929 -0.00044412 0.000466749  0.379389  0.210354 0.0625224  0.157419 -0.128751  -9.80689 
             50.2994 -1.46415  12.8908 -175.515 -0.185106  -3.67672  0.240291  1.29445 -16.8796  3.00354  -0.0356119 -0.00437147  -0.0086802 -0.0201203 -0.0044905  -0.015423   -0.0136745 -0.000376068  0.000320448  0.379872  0.212397 0.0624108  0.157969 -0.128422  -9.80689 
             50.3994 -1.56156   12.879 -175.452 -0.184177  -3.66848  0.242994  1.29366 -16.8805  3.00129  -0.0356172 -0.00440565 -0.00868514  -0.0203658   0.0139034 -0.00664821   -0.0134661 -0.000340536  0.000222976  0.380653  0.213596 0.0616749  0.158293 -0.128255  -9.80688 
             50.4995 -1.53969  12.9134 -174.947 -0.181746  -3.67605  0.243604  1.29246 -16.8821  3.00185  -0.0356309 -0.00436688 -0.00868646  -0.0127605 -0.00833358  -0.0017482   -0.0132894 -0.000355039  -0.00062693  0.381881  0.212101 0.0616027  0.158218 -0.128638  -9.80688 
             50.5993 -1.53559   12.825 -174.916 -0.17896 -3.66806 0.243948  1.29217 -16.8821  3.00236  -0.0356461 -0.00439548 -0.00868919  -0.0109494  0.00761015 -0.00207426   -0.0132646 -0.000178991 -0.000668808  0.382472  0.213527 0.0616553  0.158571 -0.128481  -9.80688 
             50.6993 -1.47975  12.8372 -175.434 -0.18038 -3.65134 0.243788  1.29736 -16.8803  2.99853  -0.0356005 -0.00446551 -0.00867696  -0.0128529   0.0379816 -0.00289493   -0.0135793 -0.000215159  0.000233913  0.381911  0.216737 0.0616601  0.158948 -0.128025  -9.80688 
             50.7994 -1.52517  12.9135 -175.733 -0.17422 -3.64967 0.242254  1.30059 -16.8841  2.99394  -0.0356439 -0.00449638 -0.00869038 -0.00399422   0.0293079 -0.00525527   -0.0135819 -0.000332536  0.000727822  0.38377  0.21692 0.062372  0.159115 -0.128285  -9.80687 
             50.8994 -1.42426  12.8764 -175.068 -0.181051  -3.65366  0.245217  1.30106 -16.8816  2.98826  -0.0356158 -0.00447529 -0.00868568 -0.0199514  0.0217454 0.00212756   -0.0134996 -0.000238383 -0.000381958    0.3826  0.215598 0.0612747  0.158771 -0.128351  -9.80688 
             50.9994 -1.39136  12.9237 -175.037 -0.175258  -3.65162  0.245922  1.30062 -16.8857  2.98617  -0.0356533 -0.00447614 -0.00869689 -0.00789794   0.0170928  0.00435058   -0.0135104 -0.000285067  -0.00043911  0.384619  0.215544 0.0616286  0.158988 -0.128546  -9.80687 
             51.0995 -1.41347  12.8864 -175.051 -0.17815 -3.65214 0.246398  1.30067 -16.8842  2.99056  -0.0356455 -0.00446518 -0.00869527 -0.0180753  0.0187446 0.00511192   -0.0134686 -0.000216319 -0.000397714  0.384099  0.215265 0.0614769  0.158881 -0.128578  -9.80687 
             51.1995 -1.47231  12.8722 -174.843 -0.181146   -3.6432  0.245017  1.30183 -16.8855  2.99051  -0.0356427 -0.00449225 -0.00869828   -0.0225612    0.0253136 -0.000677937   -0.0132619 -0.000170069 -0.000748007  0.383919  0.216661 0.0618895  0.159008 -0.128328  -9.80687 
             51.2994 -1.5321 12.9683 -175.35 -0.182932  -3.65256  0.243255  1.30386 -16.8866  2.98971  -0.0356812 -0.00446059 -0.00870046  -0.0293401  0.00421006 -0.00547978   -0.0133431 -0.000349652  0.000114994  0.384349   0.21504 0.0622966   0.15875 -0.128703  -9.80687 
             51.3995 -1.41685  12.8495 -175.305  -0.1833 -3.65272 0.246904  1.30262 -16.8861  2.99176  -0.0356889 -0.00445766 -0.00870125 -0.0224206 0.00316823 0.00446964   -0.0135199 -0.000123538  6.07699e-05  0.384871  0.214783 0.0614961  0.158805 -0.128791  -9.80687 
             51.4993 -1.48629  12.9367 -175.205 -0.178489  -3.66654  0.245075  1.30412 -16.8878  2.99131  -0.0357368 -0.00442622 -0.00871109  -0.0153421  -0.0268986 -0.00100026   -0.0133381 -0.000260725 -0.000129164  0.386482  0.212912 0.0622547 0.158707 -0.12935 -9.80686 
             51.5994 -1.45186  12.8401 -174.737 -0.185481  -3.67448  0.245302  1.30358 -16.8828  2.98868  -0.0357057 -0.00441445 -0.00870561 -0.0274534 -0.0327129 0.00267094   -0.0132286 -7.89533e-05 -0.000894387 0.384838 0.211841 0.061814  0.158469 -0.129373  -9.80687 
             51.6992 -1.43667   12.878 -175.431 -0.185051  -3.67834  0.243771  1.30485 -16.8837  2.98909  -0.0357206  -0.0044307 -0.00870998  -0.0247235  -0.0395857 -0.00304267   -0.0135015 -0.000159346  0.000285115  0.385478  0.212042 0.0623453  0.158552 -0.129463  -9.80686 
             51.7994 -1.42695  12.8644 -174.959 -0.181415  -3.68392  0.248039  1.30382 -16.8843  2.99077  -0.0357448 -0.00442222 -0.00871528  -0.017773 -0.0376405 0.00620118   -0.0133151 -0.000119271  -0.00049979  0.386929  0.211682 0.0616321  0.158696 -0.129673  -9.80686 
             51.8994  -1.4972  12.8553 -175.619 -0.184422  -3.68123  0.244658  1.30646 -16.8833  2.98829  -0.0357169 -0.00444458 -0.00871158  -0.0202173  -0.0324332 -0.00181729   -0.0134273 -0.000117556  0.000604147  0.386252  0.213057 0.0624885  0.158797 -0.129467  -9.80686 
             51.9995 -1.45383  12.9364 -175.464 -0.188977  -3.67915  0.243394  1.30753 -16.8845  2.98469  -0.0357035 -0.00446092 -0.00870756  -0.0331674  -0.0203607 -0.00499681   -0.0134234 -0.000244265  0.000340838  0.385971  0.213941 0.0627029  0.158839 -0.129277  -9.80686 
             52.0992 -1.43802  12.8965 -175.084 -0.180342  -3.68132  0.244004  1.30803 -16.8865  2.97985  -0.0357453 -0.00445597 -0.00871832   -0.0155558   -0.0248677 -0.000222575    -0.013292 -0.000137581 -0.000278588 0.388451 0.213912  0.06301  0.159161 -0.129566  -9.80685 
             52.1993 -1.47417  12.9496 -175.283 -0.180607    -3.681  0.241451  1.30798 -16.8875  2.97942  -0.0357523 -0.00446791 -0.00872173  -0.0441181  -0.0224362 -0.00448084   -0.0132803 -0.000242081  6.85615e-05  0.388909  0.214418 0.0636566  0.159293 -0.129536  -9.80685 
             52.2993 -1.60334  12.8572 -175.654 -0.191207   -3.6835  0.236008  1.30719 -16.8857  2.98086  -0.0357422 -0.00446283 -0.00872089  -0.144432 -0.0601558 -0.0353557   -0.0132313 -0.000129548  0.000708137  0.388188  0.214524 0.0643707  0.159291 -0.129462  -9.80685 
             52.3994 -1.90333  13.1364 -175.695 -0.209428   -3.6861  0.237894  1.30859 -16.8877  2.97607  -0.0357486 -0.00449567  -0.0087295  -0.210268 -0.0713186 -0.0313584   -0.0128852 -0.000433721  0.000341488  0.388681  0.215357 0.0632037  0.159369 -0.129352  -9.80685 
             52.4994 -2.37219  13.5006 -175.571 -0.234195  -3.69393  0.233704  1.30774 -16.8884  2.97256  -0.0357499 -0.00449587  -0.0087221  -0.252814 -0.0592689 -0.0638791   -0.0127538  -0.00059026 -3.28566e-05  0.388576  0.214955 0.0629939   0.15931 -0.129336  -9.80685 
             52.5994 -2.11728  14.3678 -175.404 -0.262954  -3.69099  0.227828  1.30861 -16.8896  2.97129 -0.0357579 -0.0045124 -0.0087339   -0.361319 -0.00491423  -0.0724825   -0.0137246  -0.00115739 -0.000696286  0.388976  0.215804 0.0629372  0.159427 -0.129254  -9.80685 
             52.6994  -1.5096  15.2458 -175.619 -0.297375  -3.69619   0.22814  1.30562 -16.8905  2.97192  -0.0358145 -0.00447837 -0.00879069    -0.3817 -0.0729503   0.040304   -0.0131333 -0.000882266 -0.000194479 0.390197 0.215243 0.062013 0.159527 -0.12938 -9.80685 
             52.7995 -2.06919  14.0785 -175.543 -0.333101  -3.71037  0.235633  1.30492 -16.8884  2.97106  -0.0357939 -0.00445386 -0.00877763    -0.3646 -0.0413079  0.0101377   -0.0127839   0.00139879 -0.000661239 0.390466 0.213806 0.060797  0.159416 -0.129627  -9.80685 
             52.8993 -1.23757  13.8918  -176.43 -0.363429  -3.70042  0.246158  1.30521 -16.8893  2.97025   -0.035762 -0.00447756 -0.00872823 -0.344842    0.0978  0.118914      -0.0145  0.000437494 -6.67741e-05  0.391592  0.214979 0.0599208 0.159667 -0.12957 -9.80684 
             52.9994 -0.413987   13.6097  -178.534 -0.404815  -3.69495  0.251485   1.3058 -16.8853  2.97042  -0.0357953 -0.00448435 -0.00876762 -0.409289  0.081268 0.0918448  -0.0142825 0.000135551  0.00188447  0.389864   0.21465 0.0611252  0.159537 -0.129527  -9.80685 
             53.0995 -0.848575   13.0856   178.615 -0.436233  -3.70279  0.260693  1.30526 -16.8925  2.96864  -0.0360866 -0.00466276 -0.00878187   -0.419914 -0.00617401    0.193435  -0.0140524 0.000616048  0.00254661  0.392936  0.212331 0.0619741  0.159475 -0.130124  -9.80684 
             53.1994 -2.19459  13.0822  175.505 -0.480713  -3.70185  0.264815  1.30613 -16.8902  2.96707  -0.0360976 -0.00451941 -0.00879439 -0.436002 0.0478629 0.0660002   -0.0130556 -0.000322915    0.0032084  0.391606  0.212419 0.0638905  0.159425 -0.130026  -9.80684 
             53.2994 -1.25872  13.6289   173.89 -0.532704  -3.69085  0.258145  1.30708 -16.8907  2.96808  -0.0359752 -0.00440204 -0.00874214 -0.467407 0.0537346 0.0129305   -0.0157235 -0.000711588   0.00159869  0.389275  0.213193 0.0660968   0.15928 -0.129628  -9.80685 
             53.3993 -0.820682   14.0644   172.508 -0.575853  -3.68167  0.248851  1.30786 -16.8938  2.97075   -0.035907 -0.00450274   -0.008745 -0.513968 0.0745122 -0.065469   -0.0151598 -0.000646616   0.00107202  0.390505  0.214359 0.0679824  0.159579 -0.129675  -9.80684 
             53.4993 -0.12515  14.7078  172.622 -0.615172  -3.69894  0.244209 1.30649 -16.896 2.97243  -0.0359442 -0.00449131 -0.00887704   -0.42875 0.00706498  0.0651309   -0.0149423 -0.000574638 -0.000880249  0.392766  0.211131 0.0693295 0.159319 -0.13043 -9.80684 
             53.5993 -0.662469   13.1544   171.811 -0.645212  -3.68722  0.248943  1.30823 -16.8988  2.97357  -0.0359765 -0.00447232 -0.00883961 -0.324934 0.0378576 0.0381544    -0.014869   0.00120207 -0.000667668  0.394485  0.213123 0.0694582  0.159744 -0.130475  -9.80683 
             53.6994 0.210301  13.2408  171.477 -0.676072  -3.66867  0.249404  1.30974 -16.9022  2.97179   -0.036039 -0.00451232 -0.00882956 -0.316806  0.100767 0.0193763   -0.0152508  0.000275164 -0.000693605  0.394662   0.21521 0.0702594  0.160072 -0.130219  -9.80683 
             53.7992 0.620138  12.9291  171.555 -0.706652    -3.654  0.241362  1.31005 -16.9088  2.97354  -0.0361264  -0.0045157 -0.00882805 -0.367733  0.116471 -0.044675  -0.0145209 0.000200076 -0.00109078  0.395803  0.216235 0.0721776  0.160272 -0.130219  -9.80683 
             53.8994 0.532423  13.5216  170.531 -0.747931  -3.64606  0.225495  1.31003 -16.9146  2.97068  -0.0361252 -0.00452052 -0.00882952 -0.394233 0.0390092 0.0382789  -0.0141299 -0.00142931 4.43042e-05  0.396184  0.216371 0.0746027  0.160292 -0.130178  -9.80683 
             53.9995 -0.490413   13.9367    170.03 -0.784071  -3.64264  0.229454  1.31099 -16.9181  2.96824  -0.0361546 -0.00452839  -0.0088637  -0.373601  0.0276999 0.00805604    -0.013112  -0.00021441 -7.94165e-05  0.396949  0.217159 0.0746717  0.160441 -0.130152  -9.80682 
             54.0993 -0.901487   13.4916   169.931 -0.81834 -3.64698 0.233085  1.31062 -16.9182  2.97048  -0.0361253 -0.00451765 -0.00880505   -0.376747   0.0113137 -0.00838237    -0.014513  0.000251769 -0.000245515  0.397929  0.215949 0.0740183  0.160226 -0.130444  -9.80682 
             54.1995 -1.60666  12.7422  169.449 -0.864478  -3.64828  0.228446  1.31081 -16.9207  2.97123  -0.0361095 -0.00454105 -0.00881087  -0.431172  0.0173747 -0.0745947  -0.0134471 0.000506683 0.000404302  0.397468  0.215581 0.0739597   0.16004 -0.130268  -9.80683 
             54.2994 -0.886473   13.1055   169.941 -0.903075  -3.63974  0.223776  1.31235 -16.9245  2.96884  -0.0361442 -0.00454415 -0.00881948 -0.354689 0.0270254 0.0157622    -0.014979 -0.000782983  -0.00101187  0.398541  0.216483 0.0738525  0.160212 -0.130301  -9.80683 
             54.3993 -1.29234  12.5902  170.718 -0.926707  -3.64835  0.227727  1.31372 -16.9237    2.971  -0.0360835 -0.00448485 -0.00876584   -0.204891  -0.0147373 -0.00368681   -0.013076 0.000811869 -0.00183806  0.399957    0.2156 0.0728979  0.160029 -0.130705  -9.80682 
             54.4992 -0.603926    12.451   172.414 -0.937188  -3.65225  0.231435  1.31528 -16.9209   2.9704  -0.0361028 -0.00439172 -0.00875292  -0.138808  -0.116667 -0.0406286  -0.0137429 0.000323393 -0.00289502   0.4008 0.216256 0.071983  0.160216 -0.130935  -9.80682 
             54.5993 -0.879392   12.6156   174.298 -0.948019  -3.66141  0.232093   1.3168 -16.9222  2.97257  -0.0361478  -0.0044059 -0.00876146 -0.0836431  -0.106081  -0.024911   -0.0131845 -6.10856e-06  -0.00322302  0.400898   0.21712 0.0718265  0.160316 -0.130865  -9.80682 
             54.6995 -0.831768   12.7955   177.086 -0.95693 -3.64301 0.228979  1.31531 -16.9253  2.98302  -0.0365181  -0.0045807 -0.00881262 -0.0477593 -0.0584592 -0.0305263   -0.0133816 -9.07651e-05  -0.00378307  0.399347  0.221146 0.0717432  0.161036 -0.130122  -9.80681 
                54.8 -0.875357   12.7341  -179.565 -0.957375  -3.64264  0.220227  1.31437 -16.9228  2.98537  -0.0366182  -0.0045485 -0.00883352 -0.00979622   -0.075959  -0.0146463  -0.0128464 0.000282691 -0.00392874 0.398784 0.222171 0.073074  0.161302 -0.130066  -9.80681 
             54.8994 -0.341109   13.0802   -175.67 -0.959127  -3.64816  0.226073  1.31607 -16.9206  2.98321  -0.0366599 -0.00457048 -0.00883302 -0.0133814 -0.0805722  0.0605448  -0.0128337 0.000304364 -0.00405436  0.398331  0.222585 0.0718266  0.161327 -0.129994  -9.80681 
             54.9995 0.858889  13.8983 -171.224 -0.962002  -3.66318  0.231884 1.31662 -16.919 2.98331  -0.0365656 -0.00459361 -0.00882777 0.00544254  -0.100732  0.0495211   -0.0129941 -8.24568e-05  -0.00408274  0.398062  0.221816 0.0714691  0.161166 -0.130064  -9.80681 
             55.0993 0.640505  14.0908 -166.246 -0.952353  -3.67841  0.226694  1.31379 -16.9198  2.98672  -0.0363971 -0.00439877 -0.00885036 -0.0130784  -0.116352 -0.0840715  -0.0114062  0.00109911 -0.00561686  0.399616  0.220865 0.0726368  0.161235 -0.130346  -9.80681 
             55.1995  1.28433  14.1665 -161.667 -0.958291  -3.68028   0.23156 1.31397 -16.917 2.98554  -0.0365125 -0.00439268 -0.00885507 -0.0390719 -0.0977002  0.0200992  -0.0114428  0.00036123 -0.00468842  0.398945  0.221764 0.0719839  0.161341 -0.130206  -9.80681 
             55.2992 -0.729813   14.6209  -159.349 -0.958709  -3.67101  0.227866  1.31438 -16.9165  2.98301  -0.0366201 -0.00430339 -0.00898725 -0.0107432  0.0258719 -0.0210917 -0.00950993 0.000858808 -0.00356316  0.398699  0.224091 0.0727352  0.161595 -0.129916  -9.80681 
             55.3994 -1.37431  14.7485 -156.738 -0.954802   -3.6728  0.227309  1.31776 -16.9181  2.98649  -0.0365848 -0.00434587 -0.00890983 0.0172184 0.0322048 0.0500161  -0.0108748 0.000974569 -0.00326589 0.399752 0.223582  0.07306    0.1616 -0.130113  -9.80681 
             55.4994 -1.57449  14.3541 -154.384 -0.951941  -3.67053  0.230066  1.31447 -16.9185  2.98705  -0.0365828 -0.00434579 -0.00891145 0.0253262 0.0411761 0.0252693  -0.0105032   0.0017372 -0.00348759  0.399896  0.223125 0.0727798  0.161609 -0.130093  -9.80681 
             55.5993  -1.3484   14.183 -152.496 -0.946944  -3.66656   0.23437  1.31374 -16.9186  2.98798  -0.0365849 -0.00438987 -0.00889904 0.0364743 0.0493901 0.0229208  -0.0113214  0.00171291 -0.00259044  0.400358  0.222771 0.0725044  0.161659 -0.130104   -9.8068 
             55.6994 -1.37064  13.9215 -150.993 -0.942698  -3.65606  0.236721  1.31209 -16.9192   2.9868  -0.0365381 -0.00439589 -0.00888343 0.0171118 0.0912363 0.0118252  -0.0110654  0.00182414 -0.00199148  0.400735  0.223094 0.0725819  0.161669 -0.130005  -9.80681 
             55.7992 -1.11833  14.0136  -149.38 -0.946613  -3.64006  0.231996 1.31453 -16.919 2.98456  -0.0364686  -0.0043637 -0.00886289 -0.000113048     0.084416   0.00403757  -0.0115576  0.00129509 -0.00179432   0.40031  0.224425 0.0733725  0.161575 -0.129936  -9.80681 
             55.8993 -1.22241  14.0423 -147.615 -0.943912  -3.62832  0.229555  1.31344 -16.9182  2.98654  -0.0364077 -0.00437875 -0.00884084   0.0235524   0.0808417 0.000369157  -0.0104135  0.00197149 -0.00184705  0.400356  0.224996 0.0741374  0.161545 -0.129829  -9.80681 
             55.9994 -0.66517  13.7449 -145.807 -0.948216  -3.61587   0.23371  1.31348 -16.9184  2.98586  -0.0363596 -0.00426679 -0.00882139  0.0271915  0.0970024 0.00567557   -0.0116715   0.00199019 -0.000958291  0.399729  0.226022 0.0732999  0.161362 -0.129896  -9.80681 
             56.0994 -0.126659   13.6024  -142.718 -0.945474  -3.59467  0.230027  1.31312 -16.9176  2.98395  -0.0363116 -0.00430161 -0.00877376   -0.03166   0.168796 -0.0320571  -0.0115019    0.001848 -0.00220021  0.400367   0.22679 0.0742179  0.161288 -0.129701  -9.80682 
             56.1994  1.45111  13.7745 -138.102 -0.950435  -3.58693  0.227439  1.31571 -16.9126  2.98063  -0.0363325  -0.0043186 -0.00879115  0.0133107  0.0886898 0.00816848  -0.0114059  0.00154128 -0.00464041  0.399012  0.226562 0.0734001  0.161373 -0.129866  -9.80681 
             56.2994  1.60876  13.1896 -133.169 -0.938147  -3.60713  0.226353  1.31705 -16.9144   2.9809  -0.0361722 -0.00447697 -0.00890124    0.14399  0.0128694 -0.0428909 -0.0102501 0.00243758 -0.0056996 0.397601  0.22326 0.072747  0.161978 -0.130207   -9.8068 
             56.3994 0.330904  13.2165 -127.589 -0.921569  -3.62095  0.219952 1.31816 -16.914 2.97909  -0.0360541 -0.00468248 -0.00886664   0.121445  0.0260169 -0.0463385 -0.00744768  0.00198013 -0.00611832  0.396033   0.22146 0.0725111  0.162387 -0.130484  -9.80679 
             56.4994 0.473305  12.5037  -122.46 -0.913503  -3.61407  0.221141  1.31819 -16.9136  2.97955  -0.0360502 -0.00470155 -0.00886533  0.0798985  0.0299531 -0.0559687 -0.00907316  0.00217878  -0.0050126  0.396148  0.221599 0.0717809  0.162368 -0.130482  -9.80679 
             56.5993 0.396522  12.0617 -118.509 -0.915052  -3.61825  0.224618 1.31804 -16.913 2.97365  -0.0362604 -0.00484119 -0.00897412  0.104835 -0.060438 -0.011135 -0.00760452  0.00247237 -0.00262082  0.394456  0.223318 0.0704917  0.162077 -0.131124  -9.80678 
             56.6994 -0.522792   11.9098  -113.721 -0.911217  -3.62776  0.215034  1.31335 -16.9167  2.97084  -0.0363566 -0.00486133 -0.00903552   0.128517 -0.0454522  -0.126358 -0.00848401  0.00167843 -0.00324378  0.394143  0.223225 0.0706829  0.161985 -0.131447  -9.80678 
             56.7994 0.117508  12.5354 -107.014 -0.902924  -3.64044  0.213663  1.31665 -16.9168  2.97443  -0.0364472  -0.0050943 -0.00900513  0.111472 0.0188951 0.0201691 -0.00857285  0.00224597 -0.00509047  0.392437  0.223403 0.0693282  0.162347 -0.131936  -9.80677 
             56.8993 -0.449632   11.8939  -101.208 -0.896086    -3.646  0.223605   1.3127 -16.9173  2.97671   -0.036575 -0.00527835 -0.00903435   0.106333  0.0710044 -0.0111105 -0.00594771  0.00243667 -0.00424574  0.391231  0.223055 0.0670498  0.162613 -0.132464  -9.80676 
             56.9993 -1.11375  11.4234 -95.9597 -0.886247  -3.64101  0.223578  1.30925 -16.9186  2.97798  -0.0365677 -0.00535621 -0.00902672   0.0614505    0.105909 -0.00268289 -0.00692063  0.00303092 -0.00413231  0.390759  0.221852 0.0671917  0.162929 -0.132475  -9.80675 
             57.0994 -1.07072  11.1332 -89.5805 -0.88242 -3.62668 0.233174  1.3077 -16.918 2.97804  -0.0365725 -0.00530278 -0.00902421   0.025579   0.110682 0.00650439 -0.00674933  0.00343235 -0.00464725  0.391397  0.222055 0.0654757  0.162744 -0.132482  -9.80676 
             57.1995 -1.35898  10.8651 -84.5044 -0.891959  -3.61914  0.235869  1.31168 -16.9153   2.9734  -0.0367254 -0.00513438 -0.00905095  0.0129542  0.0897315 0.00557136 -0.00659914  0.00367565 -0.00397808  0.390554  0.225099 0.0650676  0.162234 -0.133419  -9.80675 
             57.2994 -0.867689   11.0116  -79.3742 -0.901326  -3.62361  0.230482  1.31462 -16.9159  2.97206  -0.0369194 -0.00510082  -0.0090437 -0.0363503  0.0804057 -0.0109753 -0.00724507  0.00325499 -0.00360532  0.388489  0.227388 0.0657859  0.162382 -0.134579  -9.80673 
             57.3995 -0.351644   10.9156  -73.7904 -0.901401   -3.6478  0.221551  1.31357 -16.9136  2.97176  -0.0373661 -0.00527736 -0.00910161 0.0699068 0.0688779 -0.147361 -0.00646784  0.00325138 -0.00353539  0.382493  0.228037 0.0646467 0.164152 -0.13627 -9.80668 
             57.4994 -1.97528  12.1853 -68.3364 -0.898243  -3.64352  0.212163  1.30907 -16.9121   2.9716   -0.037383 -0.00521282 -0.00910089 -0.0613112  0.0630662   0.043153  -0.0044875  0.00268946 -0.00288874   0.38164  0.227855 0.0652452  0.164224 -0.136595  -9.80667 
             57.5993 -2.10984  11.3037 -62.2261 -0.894655   -3.6497   0.22097  1.30863 -16.9091  2.96715   -0.037638 -0.00547488  -0.0091607  -0.0526249   0.0856912 -0.00438583 -0.00465408  0.00457904 -0.00276399  0.377886  0.226892 0.0627564  0.165873 -0.137001  -9.80664 
             57.6995 -2.16793  11.3759 -57.2296 -0.891231  -3.65105  0.229137  1.30491 -16.9069  2.96998  -0.0378328 -0.00564663 -0.00920819 -0.0507865    0.11333  0.0356524 -0.00523895  0.00398538 -0.00263945   0.37504  0.225341 0.0601812  0.167318 -0.137034  -9.80662 
             57.7993 -2.96424  11.0116  -52.751 -0.888487  -3.64497  0.233557  1.30592 -16.9085  2.96874   -0.037996  -0.0057566 -0.00925758 -0.0570162   0.101328 0.00360643 -0.00324629  0.00494026 -0.00116698  0.373085  0.224482 0.0596332  0.168445 -0.136925   -9.8066 
             57.8992  -3.0591  10.7669 -48.4784 -0.887675  -3.64937  0.233054    1.307 -16.9079  2.96762   -0.038234 -0.00576342 -0.00935223 -0.0545815   0.074328 0.00156181 -0.00444153   0.0049296 -0.00116634  0.369586  0.224676 0.0594886  0.169925 -0.137391  -9.80657 
             57.9992 -2.58073  10.8331 -44.8874 -0.885079  -3.65629  0.229018  1.30792 -16.9059  2.96544  -0.0384895 -0.00572622 -0.00944231 -0.0889781  0.0643797 -0.0186684  -0.00513672   0.00459924 -0.000876528  0.365308  0.224595 0.0594119  0.171703 -0.137742  -9.80653 
             58.0995 -3.04001   10.813 -41.5059 -0.889552  -3.65744  0.214713   1.3073 -16.9038  2.96798  -0.0385675 -0.00565167 -0.00946539 -0.0427497  0.0721455 -0.0976172  -0.00350017   0.00433092 -0.000924664  0.363075  0.225274 0.0605725  0.172369 -0.138248  -9.80651 
             58.1993 -3.25551  11.4386 -39.2462 -0.882614  -3.65222  0.214359  1.30985 -16.8956  2.96119  -0.0388076 -0.00562343 -0.00948374  -0.048612  0.0189159 -0.0335683 -0.00478388  0.00455722 0.000496989 0.359166 0.222844 0.059188  0.173883 -0.137174   -9.8065 
             58.2993 -4.15294  11.2371 -37.8169 -0.880006  -3.64902  0.215679  1.30916 -16.8937  2.95788  -0.0390263  -0.0055466 -0.00949504    -0.099162 -0.000406394   -0.0072157 -0.00359464  0.00455339  0.00231516  0.356835   0.22053 0.0580741  0.175041 -0.136242  -9.80649 
             58.3998 -4.07525  11.1276   -37.03 -0.888578  -3.65582  0.214299  1.30957 -16.8934  2.95794  -0.0390261 -0.00542185 -0.00949427  -0.0958644 -0.00670777  -0.0120942 -0.00504545   0.0047666  0.00276756  0.355451  0.221236 0.0579973  0.175643 -0.136591  -9.80648 
             58.4994 -4.68448  10.9442 -36.8024 -0.890364  -3.67156  0.219622  1.30895 -16.8916  2.95999  -0.0389774 -0.00508536 -0.00949546 -0.0948956 -0.0314547 0.00641057 -0.00478305  0.00477556  0.00286821  0.351862  0.222942 0.0559901  0.177349 -0.137454  -9.80643 
             58.5994 -4.35783  11.0164 -36.2319 -0.88233 -3.67624 0.214444  1.30896 -16.8893  2.95685   -0.039207 -0.00477202 -0.00955035   -0.078007  -0.0370117 -0.00550808 -0.00560124  0.00463014   0.0021327  0.347305  0.220494 0.0561896  0.179273 -0.136376  -9.80641 
             58.6993 -4.66089  10.8468 -36.7032 -0.891613  -3.68985  0.223263  1.31112 -16.8869  2.95618  -0.0390179 -0.00468123 -0.00950617 -0.0866065 -0.0453883  0.0171471 -0.00530191   0.0047792  0.00292738  0.346365  0.223154 0.0541185  0.179755 -0.137447  -9.80639 
             58.7994 -4.69096  10.8142 -36.9602 -0.891282  -3.69525  0.225081   1.3125 -16.8877  2.95974  -0.0390713 -0.00450325 -0.00951866 -0.0722125 -0.0441109  0.0193405 -0.00538444  0.00471392  0.00329642  0.344298  0.222616 0.0536484  0.180784 -0.136998  -9.80638 
             58.8995   -4.718  10.8462 -37.0379 -0.886443  -3.69737  0.223963  1.31475 -16.8875  2.96016  -0.0391479 -0.00436065 -0.00953992 -0.0204407 -0.0867641 -0.0035854 -0.00543377  0.00457694  0.00333598  0.342046  0.221067 0.0536919  0.181745 -0.136066  -9.80637 
             58.9993  -4.5037  10.9878 -36.6011 -0.881127  -3.71272   0.22186  1.31604 -16.8873  2.95842  -0.0390985 -0.00430957 -0.00952331   0.0392975   -0.142625 -0.00585148 -0.00573686  0.00433825  0.00260463  0.340422  0.221369 0.0538653  0.182455 -0.136119  -9.80636 
             59.0993 -4.13077  11.2473 -37.0089 -0.870079  -3.72297  0.221072 1.31721 -16.885 2.95471  -0.0391097 -0.00425858 -0.00954089    0.083709   -0.133768 -0.00278814 -0.00603149  0.00414849  0.00346291  0.339248  0.220038 0.0536617   0.18282 -0.135454  -9.80636 
             59.1994 -4.13865  11.3081 -37.1999 -0.853892  -3.73541  0.218791  1.31684 -16.8827  2.95503  -0.0390655 -0.00420028 -0.00953139  0.0926826  -0.127037 -0.0165845 -0.00578604   0.0042659   0.0038153  0.337302  0.219108 0.0534569  0.183539 -0.135019  -9.80635 
             59.2993 -3.87847  11.4897 -37.0688 -0.835876  -3.73346  0.216019  1.31562 -16.8855  2.95611  -0.0390783 -0.00406888 -0.00957581   0.112244  -0.110846 -0.0121639 -0.00612089  0.00425797  0.00367824  0.336904  0.215011 0.0533615  0.183828 -0.133157  -9.80637 
                59.4 -3.87528  11.3722 -36.7552 -0.814873  -3.73668   0.21591  1.31654 -16.8844  2.95455  -0.0389997  -0.0039991 -0.00957103   0.121608 -0.0801649 3.3292e-05 -0.00565973  0.00453584   0.0034774  0.335256  0.212894 0.0529039  0.18449  -0.1321 -9.80638 
             59.4992 -3.45544  11.3521 -36.4081 -0.788547     -3.74  0.216042  1.31605 -16.8836  2.95224   -0.038829 -0.00393123 -0.00956815   0.131826 -0.0880002 -0.0176994 -0.00630876  0.00427279   0.0029729  0.332487  0.210097 0.0518585  0.18573 -0.13081 -9.80637 
             59.5994 -2.92119  11.2499 -36.5088 -0.776925  -3.75359  0.216441 1.31518  -16.88  2.9499  -0.0388035 -0.00398578 -0.00955127   0.115194 -0.0537341 -0.0145615 -0.0064792 0.00429198 0.00365815  0.331354  0.211161 0.0514262  0.186072 -0.131388  -9.80635 
             59.6993 -2.81889  11.2847 -35.8357 -0.754828  -3.77275  0.208276  1.31516 -16.8804  2.94941 -0.0387969 -0.0041104 -0.0095432    0.32163 -0.0669705 -0.0538997 -0.00560144  0.00400716  0.00293934  0.329791  0.213192 0.0528183  0.186697 -0.132334  -9.80633 
             59.7993 -3.87627  11.6171 -36.4015 -0.712606   -3.7893  0.220281  1.31601 -16.8819  2.94807  -0.0386925 -0.00422983 -0.00948426  0.279101 -0.107732  0.151712 -0.00529507  0.00422113  0.00371323  0.327291  0.213708 0.0509841   0.18811 -0.132434   -9.8063 
             59.8994 -4.32738  11.0127  -36.681 -0.691252  -3.80198  0.234959   1.3182 -16.8817  2.94412  -0.0387348 -0.00423214  -0.0095024    0.24223 -0.0912909   0.115699 -0.00492628  0.00417407   0.0041376  0.328082  0.214358 0.0514249  0.187709 -0.132651  -9.80631 
             59.9992 -5.58751  10.4163 -36.1415 -0.66155 -3.78867 0.233595   1.3225 -16.8807  2.94038  -0.0387626 -0.00393521  -0.0093214   0.293623 -0.0443684  0.0326964 -0.00456725  0.00465179  0.00387243  0.328591  0.210608 0.0532141  0.187132 -0.130793  -9.80634 
             60.0993 -6.03054  10.0294 -35.3348 -0.625136   -3.8011  0.238855  1.32453 -16.8798  2.93918  -0.0386729 -0.00402236  -0.0093357  0.287514 -0.098515 0.0479316 -0.00578551  0.00454042  0.00340359   0.32649  0.211146 0.0527404  0.188024 -0.130879  -9.80632 
             60.1995 -4.87035  10.0196 -34.3728 -0.584304   -3.8193  0.238098  1.32388 -16.8803  2.94176  -0.0385374 -0.00410905 -0.00935435   0.309918  -0.178914 -0.0361336 -0.00671283  0.00446434  0.00310592  0.32376 0.210666 0.052581   0.18924 -0.130642   -9.8063 
             60.2994 -3.96292  10.7788  -32.161 -0.546647  -3.83745  0.244608  1.32467 -16.8786   2.9396  -0.0383758 -0.00427401 -0.00933201  0.231082 -0.142675  0.022638 -0.00527106  0.00420474  0.00143825  0.320684  0.210403 0.0522646 0.190473 -0.13047 -9.80628 
             60.3994 -3.37443  9.98752 -31.8595 -0.524695  -3.84251  0.243558  1.32653 -16.8827  2.93911  -0.0383633 -0.00427393 -0.00936455   0.195598 -0.0958976   0.043129 -0.00608122  0.00451654   0.0021776   0.32145  0.209446 0.0536101  0.190258 -0.129958  -9.80629 
             60.4993 -2.62298  9.36181 -31.4311 -0.505148  -3.87073  0.239155  1.32856 -16.8852  2.94098  -0.0384394 -0.00447614 -0.00932157    0.220756   -0.169027 -0.00167016 -0.00613571  0.00461801  0.00208573  0.320641   0.21251 0.0549023  0.190689 -0.131138  -9.80627 
             60.5994  -2.2452  9.38121 -31.1766 -0.471861   -3.8976  0.225045  1.33216 -16.8807  2.93272  -0.0383959 -0.00462117 -0.00929681     0.279934    -0.135498 -0.000989904 -0.00557717  0.00366534  0.00270973   0.31769  0.214041 0.0566184 0.191499 -0.13171 -9.80625 
             60.6994 -2.82555  10.0777 -31.1878 -0.438816  -3.90161  0.235207   1.3327 -16.8789  2.93131   -0.038383 -0.00457919 -0.00925922   0.254932 -0.0475404   0.111649 -0.0059927 0.00418733 0.00263628  0.316376  0.212441 0.0551571 0.192022 -0.13096 -9.80625 
             60.7995 -3.54475  9.30165 -31.0233 -0.411998  -3.91263  0.248135   1.3343 -16.8753  2.92832  -0.0383412 -0.00463041 -0.00926356   0.216926 -0.0823049   0.128048 -0.00562808  0.00446687  0.00297765 0.314836 0.213542 0.054473  0.192504 -0.131339  -9.80623 
             60.8994 -2.43332  9.34114 -29.1416 -0.382822  -3.92138  0.254045  1.33678 -16.8754  2.92808  -0.0382966 -0.00465775 -0.00924835   0.28634 -0.040901  0.105518 -0.0067546 0.00422418 0.00215722  0.313367  0.213708 0.0557324  0.19299 -0.13125 -9.80622 
             60.9993  -3.0284  8.77421 -27.4157 -0.343247  -3.93522  0.253809   1.3364 -16.8733  2.92861  -0.0382555 -0.00469929 -0.00924465  0.317562 -0.142288 0.0248407 -0.00570115  0.00434897  0.00106139  0.310638  0.213914 0.0572082  0.193857 -0.131346   -9.8062 
             61.0992 -1.68343  9.19081 -25.5243 -0.315332  -3.94548  0.253553  1.33801 -16.8741  2.92784  -0.0382388 -0.00475593 -0.00924206   0.239637 -0.0766414  0.0289403 -0.00641511  0.00428839 0.000528752  0.310381  0.214193 0.0587559  0.193887 -0.131392   -9.8062 
             61.1994 -1.95663  8.54859  -23.011 -0.293003  -3.95507  0.246905  1.34018 -16.8727  2.92758  -0.0382874 -0.00482093 -0.00924905   0.199018 -0.0286759   0.033843  -0.00549674   0.00456718 -3.89849e-05  0.309244  0.215306 0.0609958  0.194104 -0.131757  -9.80619 
             61.2994 -2.24618  8.51536 -20.1903 -0.263798  -3.95586  0.233738  1.34116 -16.8755  2.92691   -0.038276 -0.00483854 -0.00924524   0.32442 0.0882839 -0.117264  -0.00481059   0.00367754 -0.000613123  0.308719  0.215417 0.0630529  0.194327 -0.131753  -9.80619 
             61.3995 -4.15049  9.32939 -19.0748 -0.228983  -3.94528  0.229527  1.34164 -16.8729  2.92361  -0.0381861 -0.00485055 -0.00913622  0.259983  0.107377 -0.011291 -0.00449555  0.00397595 0.000831832  0.306728  0.214627 0.0631629  0.194923 -0.131381  -9.80618 
             61.4994  -4.3652  8.98677 -16.0827 -0.205256  -3.92855  0.229776  1.34249 -16.8732   2.9238  -0.0381186 -0.00483503 -0.00907891  0.171407 0.0916988  0.025569  -0.00508292   0.00486436 -0.000117525  0.306631  0.213521 0.0628595  0.194934 -0.130853  -9.80619 
             61.5994 -3.83306  9.11955 -12.5835 -0.175533   -3.9154  0.232307  1.34625 -16.8733  2.91806  -0.0379608  -0.0048898 -0.00902406  0.269253 0.0608013 0.0239096 -0.00623821   0.0043408 -0.00117076  0.305211  0.212037 0.0623012  0.195425 -0.129975  -9.80619 
             61.6993 -2.83316  9.09379 -10.3517 -0.155103  -3.92929  0.229528  1.34407 -16.8729  2.92012  -0.0381339 -0.00497175 -0.00899947   0.267448 -0.0168789  0.0572796 -0.00621412  0.00508609 0.000304956  0.305841  0.215016 0.0635198  0.195302 -0.131383  -9.80618 
             61.7994 -2.27778  8.87833 -8.53293 -0.116639  -3.93686  0.232595  1.34287 -16.8663  2.91338   -0.038073 -0.00499859 -0.00898211   0.259208 -0.0514849  0.0276231 -0.00616994  0.00462047  0.00126056  0.302284  0.215023 0.0624876  0.196426 -0.131334  -9.80615 
             61.8992 -2.23248  8.52054 -6.46912 -0.084998  -3.95817  0.231402  1.34162 -16.8635  2.91137  -0.0381029 -0.00506778 -0.00891824  0.376416 0.0453571 -0.113645 -0.00506144  0.00470882  0.00132208  0.301332  0.218522 0.0618176  0.197028 -0.132774  -9.80612 
             61.9993  -3.8021  9.09088 -6.00488 -0.0521527   -3.96721   0.230286   1.3434 -16.8638  2.91143  -0.0380693 -0.00508741 -0.00893407   0.268557 -0.0389394 -0.0332263 -0.00523536  0.00477337  0.00156162  0.300718  0.220304 0.0617736 0.197418  -0.1333 -9.80611 
             62.0995 -3.02629  8.23815 -5.87069 -0.0291019   -3.97445   0.228488  1.34396 -16.8604  2.90949  -0.0380327 -0.00505186 -0.00893538   0.149067 -0.0864038 -0.0217568 -0.0060173 0.00531107   0.002639   0.29971  0.220516 0.0612381  0.197664 -0.133312   -9.8061 
             62.1994 -2.76796  7.88303 -5.52209 -0.0159301   -3.97495   0.228013  1.34535 -16.8586   2.9035  -0.0380943 -0.00502875 -0.00895036   0.131796 -0.0734981 -0.0477534 -0.0060481 0.00492617 0.00302684    0.2996  0.219042 0.0607407  0.197465 -0.132741  -9.80611 
             62.2998 -2.48555  8.51651 -5.25308 0.0116876  -3.97545  0.226517  1.34564 -16.8586  2.90451  -0.0381807 -0.00492437 -0.00895833   0.334844  -0.126984 -0.0532402 -0.00629739   0.0038182  0.00266521  0.298614  0.217336 0.0601694  0.197639 -0.131917  -9.80612 
             62.3998 -2.23295  9.18604 -5.53989 0.0414752  -3.99477  0.226567  1.34603 -16.8603  2.90614  -0.0380993 -0.00496867 -0.00893473  0.302315 -0.156824 -0.089597 -0.00597652   0.0045525  0.00364263  0.299205   0.21935 0.0596189   0.19779 -0.132647  -9.80611 
             62.4995 -1.54775  8.84915 -5.71143 0.0812302  -4.01996  0.215113  1.34676 -16.8628  2.90521  -0.0379833  -0.0048594 -0.00886881  0.309169 -0.207466 -0.143456 -0.00691713  0.00418501  0.00368608  0.297672  0.221055 0.0588359  0.198751 -0.132939  -9.80609 
             62.5993 -2.34299  8.95962 -7.54927 0.120264 -4.03855 0.206851  1.34936 -16.8623  2.90378  -0.0379929 -0.00482843 -0.00885446  0.385027 -0.205359 -0.200593 -0.00591341  0.00423173   0.0049052  0.296975   0.22125 0.0564329  0.199084 -0.132706  -9.80608 
             62.6993  -3.0483  9.02549 -9.64363 0.152795 -4.03742  0.21701  1.35066 -16.8596  2.90262  -0.0382868 -0.00496973 -0.00883142   0.312359  -0.119119 -0.0343868 -0.00640058  0.00461091  0.00507218  0.297434  0.218233 0.0521104  0.198605 -0.131523  -9.80611 
             62.7998   -3.793   8.3327 -10.5341 0.189578 -4.03179 0.224388  1.35117 -16.8587  2.90562  -0.0383887 -0.00499063 -0.00874636   0.317151  -0.138363 -0.0827895 -0.00633257  0.00494252  0.00367341  0.296686  0.215476 0.0484814  0.198638 -0.130251  -9.80612 
             62.8993  -3.2104  8.75255 -11.7565 0.219685 -4.04504 0.229895  1.35248 -16.8578   2.9057  -0.0384359 -0.00496814 -0.00874617   0.317152  -0.160223 -0.0734407 -0.00852423  0.00358745  0.00384984  0.297115  0.215017 0.0455502  0.198518 -0.129984  -9.80613 
             62.9993  -2.1325   9.1584 -12.3086 0.262215 -4.04065 0.232713  1.35437 -16.8569  2.90379  -0.0385246 -0.00475535 -0.00880456    0.38965  -0.111173 -0.0852748 -0.00746755  0.00384463  0.00373671  0.296091  0.212193 0.0427375  0.198592 -0.128683  -9.80615 
             63.0994 -2.12466  9.47539 -12.5789 0.293408 -4.03709 0.237281  1.35567 -16.8581  2.90029  -0.0385938 -0.00464726 -0.00885905   0.307486 -0.0372971  0.0285673 -0.00661347    0.003961  0.00313888   0.29771  0.210474 0.0411668  0.197956 -0.128142  -9.80617 
             63.1994 -2.23501  8.85344 -12.8521 0.321717 -4.03422 0.238886  1.35648 -16.8594  2.89897   -0.038571   -0.004591 -0.00886047   0.231693 -0.0454068 -0.0146347 -0.00764519  0.00430252  0.00297536  0.297864   0.20891 0.0408611  0.197792 -0.127533  -9.80618 
             63.2993 -1.62273  8.84046  -12.693  0.33674 -4.03882 0.240898  1.35875 -16.8593  2.89566  -0.0386162 -0.00454471 -0.00885207    0.209563  -0.0500406 -0.00634113 -0.00733207   0.0042138  0.00305912  0.299181  0.209303 0.0407658  0.197345 -0.127721  -9.80618 
             63.3994 -1.42686  8.61307 -12.0098 0.370504 -4.05299 0.243924  1.36162 -16.8589  2.89377  -0.0385845 -0.00469667 -0.00886054   0.303974 -0.0627997 -0.0316419 -0.0068519  0.0038875 0.00221177  0.297484  0.211115 0.0393004  0.198143 -0.128016  -9.80616 
             63.4993  -1.9546  9.21982 -12.0749 0.419289 -4.06292 0.247436   1.3611 -16.8621   2.8957  -0.0385525 -0.00491047 -0.00883529     0.338356 -0.000801292    0.0860731 -0.00575444   0.0026195  0.00225935  0.295268  0.212375 0.0381048  0.199276 -0.128155  -9.80614 
             63.5994 -3.10461  9.51412 -12.9014 0.454799  -4.0461 0.257306  1.36039 -16.8603  2.89578   -0.038473 -0.00487542 -0.00874324  0.322351 0.0267078 0.0432704 -0.00573865  0.00422966  0.00242078  0.294681  0.209709 0.0371878  0.199194 -0.127221  -9.80615 
             63.6994 -2.98199  9.28844 -12.6892 0.481367 -4.03938 0.257433   1.3579 -16.8568  2.89215  -0.0384529 -0.00475606 -0.00871413  0.314216 0.0242844 0.0265821 -0.00776528  0.00393129  0.00173731  0.295094  0.207776 0.0380441  0.198709 -0.126847  -9.80617 
             63.7998 -2.82913  8.64695 -12.4985  0.51332 -4.03633 0.255343  1.35951 -16.8591  2.89014  -0.0385012 -0.00473485 -0.00870849   0.375723  -0.015721 -0.0369985 -0.00654614  0.00441596  0.00205583 0.296026 0.207878 0.038894   0.19845 -0.126882  -9.80617 
             63.8994 -1.62094  9.29919 -12.4948 0.550093 -4.03066 0.250703  1.35963 -16.8553  2.88427  -0.0384339 -0.00470567  -0.0087319   0.282235  -0.012422 -0.0293004 -0.00830648  0.00324931   0.0020983  0.294966  0.206231 0.0389658 0.198487 -0.12636 -9.80618 
             63.9995 -1.34888  8.38526   -12.33 0.568924 -4.02602 0.239238  1.36035 -16.8542  2.88207  -0.0384768  -0.0046792 -0.00872342  0.211099 0.0188133 -0.118884 -0.00777376  0.00430568   0.0026471 0.295907  0.20557 0.039779  0.198017 -0.126245  -9.80619 
             64.0993 -1.07986  7.52112 -11.4467 0.596268 -4.02463 0.231055  1.35958 -16.8519   2.8773  -0.0383633 -0.00466577 -0.00874202   0.271128 -0.0266508  -0.188062 -0.00777098  0.00453726   0.0017688  0.294942  0.204892 0.0382485 0.198288 -0.12602 -9.80619 
             64.1993 -1.27844  7.43456 -11.5863  0.64659 -4.02771 0.222998  1.35944 -16.8519  2.87677  -0.0382406 -0.00476112 -0.00876487    0.366611 -0.00188867  -0.0547989 -0.00638345  0.00272548  0.00281483  0.292751  0.206258 0.0347673 0.199305 -0.12621 -9.80616 
             64.2992 -2.64321  7.94953 -12.4025 0.676613 -4.03957 0.223787  1.35845 -16.8485  2.87636  -0.0382991 -0.00497319 -0.00886662    0.304299 -0.00984444  -0.0912975 -0.00810493  0.00417436  0.00260146  0.293026  0.208897 0.0325438  0.199423 -0.127148  -9.80615 
             64.3994  -2.8448  7.52164 -12.1967  0.71422 -4.03663 0.228691  1.35913 -16.8439  2.87373  -0.0382396 -0.00508051 -0.00883878   0.324248  0.0159742 -0.0682734 -0.00869655  0.00404619  0.00213095  0.291317  0.208336 0.0289307  0.199892 -0.126811  -9.80614 
             64.4994 -2.72684  6.71841 -12.7502 0.749081 -4.05398  0.22723  1.35282 -16.8426   2.8791  -0.0381909 -0.00512622 -0.00886252   0.285443 -0.0450751 -0.0279505 -0.00868253  0.00349368  0.00300478  0.291308   0.20914 0.0270096  0.200084 -0.127291  -9.80613 
             64.5995 -1.55149   7.0341 -11.9537 0.776512 -4.05446 0.239559  1.35479 -16.8452  2.88078 -0.0382097 -0.0049682 -0.0088779    0.22055 -0.0449305 -0.0285496 -0.00730932  0.00401578  0.00312843  0.292046  0.208549 0.0236992  0.200038 -0.126926  -9.80614 
             64.6999 -0.973159   6.17593  -11.4576 0.799788 -4.04969 0.248304  1.35247 -16.8438  2.87981   -0.038127 -0.00482621 -0.00890432   0.266339 -0.0177655 -0.0485617 -0.00818893   0.0043712  0.00220826  0.291866  0.206528 0.0214702  0.200007 -0.126362  -9.80615 
             64.7999 -2.10831  6.37022 -11.6191 0.837993 -4.05648 0.238721  1.35188 -16.8437  2.88158  -0.0380978   -0.004848 -0.00890818  0.303769 0.0322478 0.0431228 -0.00567565  0.00220164  0.00301619  0.290538  0.208249 0.0221758  0.200513 -0.126823  -9.80613 
             64.8994 -2.85688  6.53545 -12.2116 0.869688 -4.05696 0.247965  1.35089 -16.8414  2.87787  -0.0380914 -0.00493226  -0.0088954   0.250626 -0.0230045  0.0375379 -0.00828861  0.00381003   0.0026885  0.289433  0.208223 0.0203452  0.200855 -0.126805  -9.80612 
             64.9993 -3.25189  6.07002 -12.8806 0.894913 -4.04852 0.257021 1.35101 -16.845 2.88041  -0.0381347 -0.00491866 -0.00885207   0.253227 -0.0185751  0.0350233 -0.00867839  0.00344185  0.00320268  0.290359   0.20631 0.0190459  0.200633 -0.126177  -9.80614 
             65.0993 -3.00221  5.46544 -12.8564 0.937741 -4.05241 0.257296  1.35136 -16.8467  2.87733  -0.0380853 -0.00488742  -0.0088458   0.244217 -0.0509262  0.0733498 -0.00788812  0.00351306  0.00342266  0.288113  0.205404 0.0189731  0.201312 -0.125721  -9.80613 
             65.1994 -1.44092  5.89061 -11.6757 0.976615 -4.06539 0.263587  1.35478 -16.8448  2.86828  -0.0380316 -0.00501406 -0.00876381   0.257699 -0.0125355  0.0503256 -0.00709909  0.00359616    0.002497  0.285073  0.206876 0.0186657  0.202231 -0.125887  -9.80611 
             65.2993  -1.8191   5.4962 -11.8581 0.999061 -4.08028 0.263588  1.35276 -16.8467  2.86848  -0.0380744  -0.0050753 -0.00874988   0.314802 -0.0185761 -0.0245602 -0.00726975  0.00344228  0.00256306  0.285675  0.208489 0.0196545  0.202257 -0.126495   -9.8061 
             65.3994 -3.64443  6.15088 -12.9153  1.03325 -4.06433 0.253764  1.35102 -16.8522  2.86786  -0.0380647 -0.00492929 -0.00870027   0.356784  0.0863155 -0.0580289 -0.00526115  0.00157806  0.00446679  0.286876  0.206188 0.0212546  0.201947 -0.125942  -9.80611 
             65.4993 -4.03632  5.88433 -12.8154  1.07176 -4.05946  0.24682  1.35454 -16.8526  2.86644  -0.0380387 -0.00496728 -0.00867099   0.293642  0.0300421 -0.0975138 -0.00718207  0.00359031  0.00335868  0.285681  0.206758 0.0204615  0.202325 -0.125856  -9.80611 
             65.5998 -3.42436  5.56214 -12.4272  1.10455 -4.07502 0.246935  1.35468 -16.8523  2.86337  -0.0380104 -0.00500442 -0.00867026   0.306971 -0.0653909 -0.0759005 -0.00922658  0.00310731  0.00202563  0.285086   0.20864 0.0179184  0.202708 -0.126309  -9.80609 
             65.6994 -2.82873  5.41041 -12.6032  1.13936 -4.08344 0.243355  1.35404 -16.8541  2.85952  -0.0380012 -0.00496768 -0.00866285   0.38952 -0.159008 -0.113785 -0.00785891  0.00368201   0.0030487  0.285373  0.208786 0.0166122  0.202777 -0.126363  -9.80609 
             65.7999 -0.744891   6.43212  -12.3379  1.18352 -4.09577 0.246266  1.35462 -16.8553  2.85868  -0.0380495  -0.0047842 -0.00861907   0.358692  -0.101401 -0.0307487 -0.00964372  0.00214868  0.00243621 0.284361 0.208667 0.014566  0.203146 -0.126172  -9.80608 
             65.8995 -1.28899  5.62017 -12.0083  1.21746 -4.12041 0.255513   1.3531 -16.8582  2.86114  -0.0380516 -0.00479049 -0.00854032  0.354985 -0.119738 -0.037993 -0.00797838  0.00379142  0.00212081  0.284355    0.2111 0.0121637  0.203514 -0.126785  -9.80607 
             65.9993 -2.46935  5.78008 -12.1584  1.26506  -4.1248 0.251487  1.35446 -16.8561  2.85837  -0.0380288 -0.00482367 -0.00853234   0.428719 -0.0591666   0.038025 -0.0052815 0.00189739 0.00314072  0.283558  0.211351 0.0114209 0.203678 -0.12678 -9.80607 
             66.0998 -3.28346  6.27463 -12.8147  1.29837 -4.13045 0.259576  1.35415 -16.8557  2.85459   -0.038078 -0.00492726 -0.00858104   0.351516 -0.0750639  0.0360626 -0.00834056  0.00361625  0.00276312  0.284889  0.211353 0.0101931  0.203369 -0.126885  -9.80607 
             66.1994  -2.9021  6.04338 -12.5832  1.32823   -4.139 0.265867   1.3544 -16.8551  2.84994  -0.0380904 -0.00492144 -0.00858248  0.355196 -0.108684 0.0295376 -0.00954982  0.00304068  0.00185559   0.285982   0.210904 0.00937086  0.203064 -0.126844  -9.80608 
             66.2993 -2.96652  5.92556 -13.0526 1.36981 -4.1479 0.26621  1.35585 -16.8542  2.84739  -0.0380798 -0.00490875 -0.00857821   0.447503   -0.22165 -0.0465856 -0.00784986  0.00334752  0.00326549   0.285581   0.210395 0.00906977 0.203098 -0.12665 -9.80608 
             66.3999 -1.51986  7.38491 -11.9643  1.41524 -4.15413  0.27053  1.35714 -16.8544   2.8418  -0.0380204 -0.00490218 -0.00860012  0.386228 -0.122738 0.0528105 -0.00789272  0.00201747  0.00186502   0.285028   0.208986 0.00914148  0.203166 -0.126229  -9.80608 
             66.4993 -1.40312  6.72763 -11.7187  1.45219 -4.15561 0.280057  1.35578 -16.8491  2.83828  -0.0379407  -0.0048083 -0.00862385  0.370377 -0.139993 0.0213029 -0.00838333  0.00367808  0.00186132   0.284331   0.206716 0.00749646  0.203087 -0.125695  -9.80609 
             66.5999 -1.24002  6.59507 -12.0418  1.50181 -4.16902 0.271406  1.36202 -16.8515   2.8329  -0.0379694 -0.00486488 -0.00863089  0.570753 -0.013112  -0.11304 -0.00763736  0.00245914  0.00300426   0.283895    0.20808 0.00922605  0.203245 -0.125834  -9.80609 
             66.6993 -3.28231  8.65421 -12.8385  1.56781 -4.16804 0.283271  1.36095 -16.8487  2.83069  -0.0380409 -0.00493708  -0.0083945    0.52809 -0.0791784  0.0913602 -0.00750927  0.00187947  0.00282011  0.281014  0.206452 0.0072736  0.203869 -0.125306  -9.80608 
             66.7997   -2.666  8.51242 -12.2003  1.61184  -4.1726 0.291377  1.36191 -16.8471  2.82418  -0.0380679 -0.00492382 -0.00841921   0.525715 -0.0599202  0.0182263 -0.00846719  0.00273176   0.0018523     0.2825   0.205962 0.00665133  0.203438 -0.125286  -9.80609 
             66.8993 -2.55543  7.68185 -12.1933  1.67494 -4.18077 0.288789  1.35991 -16.8472  2.82555  -0.0380488 -0.00493401 -0.00845496   0.622661  -0.109967 -0.0472352 -0.00754339  0.00349118  0.00242716   0.281132   0.205782 0.00679878  0.203791 -0.125231  -9.80608 
             66.9994 -1.53375  9.74127 -11.0601  1.72552 -4.19233 0.291624   1.3592 -16.8473   2.8229  -0.0380884 -0.00488638 -0.00853276   0.551763 -0.0668666  0.0399998  -0.0081359 0.000592223 0.000958947   0.282975   0.206291 0.00743912  0.203359 -0.125523  -9.80609 
             67.0993  -1.5183  9.09887 -10.0783  1.77145 -4.19556 0.291892 1.35607 -16.847 2.82382  -0.0380826 -0.00480972  -0.0085221   0.509141 -0.0618041 -0.0637329 -0.00864541  0.00324931  0.00089335   0.284046   0.205081 0.00731705  0.203059 -0.125389   -9.8061 
             67.1994 -1.60395  9.08288 -9.81997  1.81903 -4.21017 0.282407   1.3551 -16.8451  2.82157  -0.0381672 -0.00480003 -0.00850305   0.592205 -0.0708068  -0.107841 -0.00806003  0.00265619  0.00183559   0.284847   0.206038 0.00819027  0.202835 -0.125768   -9.8061 
             67.2993 -2.07086  9.66371 -9.35276  1.88304 -4.20614 0.285893  1.35437 -16.8431  2.82126  -0.0381125 -0.00480219 -0.00847226   0.583038 -0.0292596  0.0901756 -0.00771397  0.00155345  0.00131212   0.284242   0.204209 0.00661758  0.202881 -0.125309   -9.8061 
             67.3997 -2.58583  10.2454 -9.69112  1.92745 -4.20464 0.296076  1.35576 -16.8434  2.82372  -0.0381682 -0.00483404 -0.00847806    0.53493 -0.0489222  0.0101215 -0.00809464  0.00238253  0.00159297   0.286877   0.203654 0.00543641  0.202267 -0.125243  -9.80611 
             67.4994 -2.12269  10.4306 -9.19445   1.9892  -4.1989 0.298371  1.35173 -16.8425  2.82607  -0.0381372 -0.00477993 -0.00846682   0.616958 -0.0418431 -0.0511481 -0.00843686  0.00258054  0.00178336   0.286192    0.20129 0.00436774  0.202346 -0.124752  -9.80612 
             67.5994 -1.89833  11.0258 -8.48819  2.05384 -4.19331 0.289579  1.3528 -16.845 2.82723  -0.0381031 -0.00477887 -0.00846531  0.580805  0.060637 0.0932542 -0.00841807  0.00173856 0.000949995    0.28607    0.20001 0.00591396  0.202281 -0.124385  -9.80613 
             67.6993 -3.25932  10.0035 -8.36827  2.10377 -4.19021 0.305801   1.3527 -16.8436  2.83197  -0.0379521 -0.00490533 -0.00845858  0.454241 0.0327661 0.0899624 -0.00774658  0.00377012  0.00122717   0.286244   0.200546 0.00327934   0.20236 -0.124457  -9.80612 
             67.7999 -2.17095  10.5508  -7.8968  2.15066 -4.17924 0.310829  1.35191 -16.8441  2.82969  -0.0379486 -0.00485486 -0.00846061    0.51685 0.00137299  0.0139639 -0.00878709  0.00223603  0.00127426    0.28678   0.198744 0.00301228  0.202168 -0.124101  -9.80613 
             67.8993 -2.48692  11.1576 -7.54335  2.20596 -4.19072 0.305397  1.3475 -16.846 2.83258  -0.0379458 -0.00489922 -0.00846206    0.580225   0.0393474 -0.00389148 -0.00801277  0.00205738  0.00129137   0.286706   0.200356 0.00434323  0.202348 -0.124599  -9.80612 
             67.9997 -3.20666  11.0908 -6.39101  2.26077 -4.18451 0.317613  1.34618 -16.8463  2.83358  -0.0379416 -0.00491452 -0.00846545 0.513687 0.145437   0.1316 -0.00752111  0.00318337 -7.8447e-05   0.286437   0.200414 0.00402824  0.202456 -0.124621  -9.80612 
             68.0994 -3.96661  10.5625 -3.54506  2.31783 -4.17095 0.331167  1.34899 -16.8472  2.83417  -0.0378972 -0.00505932 -0.00850389  0.531061  0.187173 0.0776303 -0.00663231   0.0033112 -0.00155227  0.285747  0.201469 0.0026081   0.20275 -0.124671  -9.80611 
             68.1997   -4.9975   9.85126 -0.818685  2.38363 -4.17396 0.328938  1.35015 -16.8492  2.83571  -0.0382071 -0.00525011 -0.00879822   0.606607   0.123959 -0.0474633 -0.00626628  0.00399481 -0.00104329  0.283946  0.205152 0.0038275  0.203406 -0.125338  -9.80609 
             68.2994 -3.82159  10.5426  1.20412  2.43773 -4.16718 0.322155  1.35194 -16.8472  2.83293  -0.0382559 -0.00532181 -0.00878409  0.479911  0.129676 0.0906795  -0.00867847   0.00247413 -0.000560496   0.283715   0.206062 0.00590897 0.203342 -0.12557 -9.80609 
             68.3998 -3.51648  10.1851  3.35182  2.47545 -4.16682 0.327763  1.35064 -16.8496  2.83241  -0.0383718 -0.00524417 -0.00874696  0.424592 0.0372788 0.0347649  -0.00809581   0.00368946 -0.000309965   0.285541   0.207022 0.00633475 0.203115 -0.12596 -9.80609 
             68.4997 -2.89933  9.85098  4.21896  2.51224 -4.17755 0.320285 1.35916 -16.848 2.82426  -0.0384814 -0.00536549 -0.00865315   0.460227    0.02336 -0.0426377 -0.00836801  0.00345326   0.0013465  0.286351   0.21034 0.0084763  0.202988 -0.126639  -9.80608 
             68.5994 -2.84995  10.0893  4.94937  2.55523 -4.17678 0.311511   1.3604 -16.8485   2.8225  -0.0384951 -0.00539614  -0.0086342   0.462913  0.0716793 -0.0691819 -0.00743052  0.00249967  0.00165851   0.287448   0.211351 0.00876464  0.202853 -0.126942  -9.80608 
             68.6994 -3.80991  10.5651   5.3758   2.6055 -4.17638 0.310714  1.35925 -16.8482  2.81972    -0.03847 -0.00538803 -0.00861806   0.444481  0.0243118 -0.0748875 -0.0060399 0.00280311 0.00177719    0.28649   0.212344 0.00789037  0.203231 -0.127062  -9.80607 
             68.7998 -3.40997  10.0991  5.79879  2.65002 -4.15952 0.315401  1.35659 -16.8461  2.81876  -0.0385369  -0.0053493 -0.00863662   0.441241  0.0853411 -0.0518625 -0.00771133  0.00375929  0.00191996   0.286151   0.209885 0.00456738  0.203138 -0.126543  -9.80608 
             68.8997 -3.76822   9.8424  6.49943  2.71782  -4.1389 0.311679  1.35331 -16.8449  2.82381  -0.0385301 -0.00516328 -0.00864106  0.533091 0.0989537 -0.113021 -0.00743093  0.00353133   0.0014391   0.28221  0.208174 0.0023973  0.203784 -0.125707  -9.80608 
             68.9993 -3.24508  10.5407  7.09951  2.76695  -4.1277 0.312925  1.35037 -16.8449  2.82389  -0.0385975 -0.00514537 -0.00866808 0.461983 0.104625   0.0816 -0.00817405   0.0024635  0.00109284    0.283191    0.207704 0.000429941 0.203685 -0.12576 -9.80608 
             69.0993 -2.96939  9.85212  8.57778  2.80957 -4.11265 0.323859  1.35103 -16.8485  2.82512  -0.0385815 -0.00509835 -0.00867786  0.395316 0.0742385 0.0500398 -0.00888648  0.00347465 0.000275423    0.283649     0.20699 -0.00109813  0.203625 -0.125513  -9.80608 
             69.1994 -1.92101  9.95874  9.82609  2.85457 -4.09111 0.325211  1.34897 -16.8487  2.82418  -0.0385583 -0.00506739 -0.00875425    0.437144    0.113657 -0.00671842 -0.00830011  0.00277253  0.00068956    0.282453    0.204559 -0.00124413  0.203567 -0.124932  -9.80609 
             69.2993 -2.31561  9.82048  9.76361  2.89212 -4.07853 0.321524 1.35154  -16.85 2.82987  -0.0385769 -0.00510777 -0.00876025  0.467846  0.211486 -0.063972 -0.00764082  0.00288892  0.00183895     0.284093     0.205306 -0.000651561  0.203292 -0.125202  -9.80609 
             69.3997 -3.30579  10.3699  9.86276  2.93536 -4.04449  0.33337  1.35555 -16.8524  2.82843   -0.038666  -0.0051111 -0.00867429 0.371959 0.260713 0.137765 -0.00665969  0.00256003  0.00211289    0.283731    0.203799 -0.00168432  0.203121 -0.124683   -9.8061 
             69.4994 -3.66503  10.4951  11.6106   2.9762 -4.03046 0.347225  1.35432 -16.8555  2.83783  -0.0387026 -0.00520632 -0.00876821 0.362747 0.281042 0.081594  -0.00706564   0.00294961 -0.000253687    0.284089     0.20632 -0.00274234  0.203543 -0.125059  -9.80609 
             69.5993 -4.58686   9.8471  13.2984  3.01227 -4.00639 0.346689  1.35362 -16.8562   2.8367  -0.0387809 -0.00512023 -0.00882845      0.39822     0.293615 -2.26111e-05 -0.00619905  0.00360404 0.000625522    0.284518     0.20718 -0.00110508  0.203584 -0.125338  -9.80609 
             69.6997 -4.08824  10.0051   15.148    3.057 -3.99223 0.340187  1.35379 -16.8586  2.83742  -0.0388784  -0.0051607 -0.00885978  0.340387  0.279652 0.0421854 -0.00868295  0.00262387 0.000629336    0.284874    0.209245 0.000176571  0.203856 -0.125724  -9.80608 
             69.7997 -4.05102  9.78487  17.0295  3.09513 -3.97113 0.345211   1.3558 -16.8601  2.84019  -0.0389149 -0.00528158 -0.00887571  0.256785  0.207826 0.0182239 -0.00664916  0.00386215 0.000920326    0.283494    0.210793 0.000252397  0.204294 -0.125672  -9.80607 
             69.8998 -3.06921  9.68349  19.3117  3.11535 -3.96081 0.343566  1.35729 -16.8609  2.83802  -0.0390254 -0.00532102 -0.00883674   0.206001   0.203245 -0.0617307 -0.00801214  0.00332505 7.95454e-05   0.284356   0.212401 0.00143664  0.204373 -0.126082  -9.80606 
             69.9995 -3.93286  10.3318  21.5856   3.1332 -3.94992 0.332482  1.35372 -16.8602   2.8417  -0.0391141 -0.00530994 -0.00884782   0.11721  0.177188 0.0153491 -0.00564013  0.00168046 0.000597686   0.284609   0.213987 0.00383189  0.204611 -0.126566  -9.80605 
             70.0993 -4.19865  10.4397  22.5166   3.1484 -3.95772 0.331502 1.35503 -16.861 2.84165  -0.0391692  -0.0053678 -0.00890355  0.0415433  0.0596708 -0.0218959 -0.00733307  0.00313144  0.00083164   0.284656   0.218088 0.00387913  0.205309 -0.127154  -9.80603 
             70.1993 -4.49129  10.3265  23.3924  3.14969 -3.95674 0.328259 1.35418 -16.863  2.8419   -0.039165 -0.00537175 -0.00891627 -0.0207809  0.0249413 -0.0116253 -0.00686083  0.00320807  0.00115232   0.285138    0.21877 0.00420099  0.205423 -0.127306  -9.80602 
             70.2995 -4.36125  9.95614  25.1473  3.15798 -3.95276 0.329402 1.34719 -16.862 2.84693   -0.039122 -0.00534446  -0.0089291  -0.035324   0.029951 -0.0153108 -0.00721594  0.00375103 0.000622043  0.282855  0.218683 0.0033491  0.205932 -0.126973  -9.80602 
             70.3993 -4.79657  9.75439  27.1266  3.15844 -3.95432 0.327269  1.34474 -16.8617  2.84912  -0.0391211 -0.00535069 -0.00894921 -0.0589227  0.0388888 -0.0289944 -0.00679279  0.00346289 0.000322227   0.282406   0.219759 0.00328409  0.206271 -0.127074  -9.80601 
             70.4993 -4.74681  9.99955   29.708  3.15705 -3.94661 0.331473  1.35016 -16.8674  2.85767  -0.0391256 -0.00538196 -0.00895571 -0.0580693  0.0886169  0.0278266  -0.00713249    0.0031728 -0.000589487   0.282378   0.220853 0.00260619  0.206353 -0.126863  -9.80601 
             70.5996 -4.26139  10.7236  31.5148  3.14949 -3.93715 0.330406 1.34832 -16.868  2.8583  -0.0391035 -0.00538803 -0.00896668 -0.055136  0.069776 0.0196306  -0.0071332   0.0027492 3.36487e-05   0.282622   0.220199 0.00326276  0.206248 -0.126871  -9.80601 
             70.6996 -4.07411  11.0285  33.4409  3.14242 -3.93435 0.333272   1.3495 -16.8679  2.86052  -0.0391215 -0.00537668 -0.00897206 -0.0551452    0.04236  0.0183141 -0.00699195  0.00337056 0.000377688    0.28321   0.220856 0.00288372  0.206266 -0.127032  -9.80601 
             70.7998 -3.70101  11.1704  35.2444  3.13938 -3.93283 0.335713  1.34712 -16.8687  2.85985  -0.0391277 -0.00537033 -0.00895598 -0.0504328  0.0226792  0.0140705 -0.00701614  0.00356692 0.000802199   0.283212   0.221023 0.00275695  0.206409 -0.127044  -9.80601 
             70.8995 -3.37162  11.3765  36.7611  3.13859  -3.9408 0.335849  1.34331 -16.8669   2.8642   -0.039106 -0.00538523  -0.0089062  -0.0520376 0.000252168   0.0169348 -0.00696527  0.00344412 0.000737936   0.283158   0.222631 0.00339049  0.206866 -0.127324  -9.80599 
             70.9993  -3.469 11.4466  37.322  3.13263 -3.94161 0.334073  1.34317 -16.8669  2.86256  -0.0391086 -0.00538377 -0.00890681  -0.0596856 -0.00365937   0.0121004 -0.00667556  0.00333936  0.00151439   0.283116   0.222602 0.00426471  0.206867 -0.127361  -9.80599 
             71.0994 -3.39443  11.3058  38.1116 3.13717 -3.9418 0.33276   1.3414 -16.8664  2.86585  -0.0390476 -0.00530767 -0.00890628 -0.0294129 -0.0134959 0.00300061 -0.00671117  0.00369069  0.00128212   0.281402   0.223599 0.00466831  0.207279 -0.127098  -9.80599 
             71.1996 -3.31924     11.4  38.3233  3.13956 -3.94732 0.333703  1.34133 -16.8672  2.87008  -0.0389706 -0.00529398 -0.00890003  -0.017095 -0.0293245  0.0135984 -0.0069693 0.00353296 0.00147431  0.281198  0.224906 0.0047101  0.207582 -0.127112  -9.80598 
             71.2993 -3.03669  11.5279  38.1524  3.13664 -3.94701 0.336879  1.33957 -16.8653  2.87243  -0.0389988 -0.00526724 -0.00890425  -0.0398652 -0.00790779   0.0208618 -0.00727354  0.00336677  0.00197333   0.280762   0.224229 0.00412207 0.207499 -0.12702 -9.80598 
             71.3993 -3.20059   11.549    38.48  3.12586 -3.94893 0.338656  1.33735 -16.8665  2.87398  -0.0390416  -0.0053216 -0.00890624 -0.0610684   0.006217  0.0187099 -0.00665378  0.00350742  0.00159213   0.282024   0.223452 0.00436551  0.207315 -0.127247  -9.80598 
             71.4994 -3.22969  11.7585  39.1308  3.12151 -3.95453  0.33325  1.33685 -16.8676  2.87817  -0.0390025 -0.00533944  -0.0089167 -0.0575588 0.00763639 0.00606674 -0.00679072  0.00320419  0.00153178   0.282471   0.224551 0.00635738  0.207524 -0.127475  -9.80598 
             71.5998 -2.92833  11.9488  40.4885  3.11605 -3.95977 0.333957  1.33429 -16.8689  2.88286  -0.0390166 -0.00534961 -0.00892567  -0.0490692 -0.00988556   0.0087119 -0.00698488  0.00318261 0.000964644   0.283507   0.225035 0.00650416  0.207655 -0.127713  -9.80597 
             71.6998 -2.65765  12.1777  41.6486  3.11917 -3.95957 0.337788  1.33306 -16.8696  2.88289   -0.039013 -0.00536321 -0.00891415 -0.0332985 -0.0184618  0.0319813 -0.00705223  0.00314502  0.00102422   0.282517    0.22572 0.00570622  0.207938 -0.127458  -9.80597 
             71.7998 -2.47194  12.1306  42.6718  3.13141 -3.95954 0.336267   1.3309 -16.8679  2.88333  -0.0390016  -0.0054237 -0.00890843 -0.00500296 -0.00737009   0.0202222  -0.0067122  0.00343151 0.000759735   0.279926   0.227442 0.00637109  0.208561 -0.127053  -9.80596 
             71.8994 -2.30563  12.2324  42.6406  3.12544 -3.95698 0.337882  1.33197 -16.8715  2.88567  -0.0390267  -0.0054097 -0.00891682 -0.0173778  0.0207365  0.0084297 -0.00688552  0.00325323  0.00169965   0.280664   0.226625 0.00680833  0.208274 -0.127057  -9.80597 
             71.9998 -3.02358  12.4868  43.0441  3.11832 -3.96616 0.334911  1.33376 -16.8724  2.88418  -0.0390525  -0.0054601 -0.00898494  -0.0328797   0.0522198 -0.00610908 -0.00605781  0.00272753  0.00137783  0.283503  0.228302 0.0076342  0.208471 -0.127806  -9.80595 
             72.0996 -3.28767  13.0533  43.8817   3.1194 -3.96668 0.339879  1.33652 -16.8713  2.88041  -0.0390425 -0.00548308 -0.00899998 -0.0147774 -0.0199938  0.0633736 -0.00658231  0.00348765  0.00165656    0.28313   0.229388 0.00758219  0.208659 -0.127799  -9.80595 
             72.1994 -4.28114  12.5323  43.9688  3.11646 -3.96419 0.339957  1.33465 -16.8712  2.88362  -0.0390661 -0.00541001 -0.00896189 -0.0247461 -0.0149898  0.0303318 -0.00621221  0.00395754   0.0020157    0.28232   0.228282 0.00830724  0.208471 -0.127609  -9.80595 
             72.2993 -4.97802   12.273  43.8794  3.11542 -3.96155 0.337334  1.33124 -16.8702  2.88955  -0.0390836 -0.00532886 -0.00897267 -0.0444499  0.0216546  0.0159795 -0.00638276  0.00385223  0.00227059   0.281178   0.227867 0.00937773  0.208495 -0.127433  -9.80596 
             72.3997 -5.32563  12.3161  44.0202  3.11623 -3.96167 0.337547  1.33147 -16.8712  2.89028  -0.0390526 -0.00533589 -0.00900423 -0.0492964  0.0213328  0.0127022 -0.00688276   0.0036795  0.00186346   0.280953   0.229095 0.00972624  0.208777 -0.127402  -9.80595 
             72.4993 -5.24158  12.4238  44.5184  3.11054 -3.95285 0.336732  1.32875 -16.8697  2.89069  -0.0390431 -0.00530899 -0.00900728 -0.0821613  0.0502492  0.0114888 -0.0072498 0.00358238  0.0015709  0.279629  0.227785 0.0100064  0.208619 -0.127128  -9.80596 
             72.5993 -5.33993  12.6477   46.944  3.10281 -3.94086 0.337849  1.33091 -16.8693  2.88617  -0.0389987 -0.00536127  -0.0090071 -0.133241 0.0810053 0.0413096  -0.00631531   0.00367848 -0.000309885    0.2783  0.227804 0.0100019  0.208617 -0.126838  -9.80596 
             72.6995 -5.76921  12.5736  50.0543  3.09638 -3.93382 0.337728  1.32886 -16.8724  2.88515  -0.0391193 -0.00541979 -0.00903167 -0.112623  0.116416 0.0205875 -0.00619419  0.00410981 -0.00130771  0.278292  0.228707 0.0109925  0.208915 -0.126804  -9.80596 
             72.7998 -5.8603 12.7333 52.9675  3.09218 -3.92687 0.340441 1.32785 -16.873 2.88553  -0.0393463 -0.00544159 -0.00905811 -0.105546   0.13652 0.0131155 -0.00620198  0.00407655 -0.00116038  0.278553  0.230598 0.0110504  0.209382 -0.126905  -9.80594 
             72.8997 -5.94602   12.836  56.5222  3.10073 -3.91958 0.342254   1.3271 -16.8715  2.88532  -0.0397495 -0.00560533 -0.00910851 -0.0440651   0.109763  0.0186853 -0.00608013  0.00416607 -0.00125371  0.277306  0.234016 0.0110667  0.210246 -0.126765  -9.80593 
             72.9996 -5.9002 12.7616 58.4622  3.10018   -3.927 0.340608  1.32314 -16.8711   2.8889  -0.0399391 -0.00547956 -0.00907458 -0.0226875  0.0435144  0.0247398 -0.00653937  0.00430519 0.000265724  0.279196  0.235618 0.0126294  0.210732 -0.127322  -9.80591 
             73.0994 -5.36142   12.878  60.0207  3.10925 -3.92154 0.340266  1.32137 -16.8688  2.88845  -0.0399532 -0.00553988 -0.00902098 -0.00486978   0.0325851   0.0153029 -0.00694025  0.00419122 0.000670705  0.277398  0.236952 0.0128941  0.211153 -0.127002   -9.8059 
             73.1993 -5.28613  12.8523  60.6859  3.12142 -3.92297 0.338209  1.31629 -16.8736   2.8911  -0.0398903 -0.00554744 -0.00893974 0.0104591 0.0101903 0.0178009 -0.00670838  0.00407464  0.00130145  0.277415  0.238695 0.0140195  0.211752 -0.126835  -9.80589 
             73.2996 -5.23416  12.6633  60.9214  3.12683 -3.92943 0.339977  1.31523 -16.8704  2.88917  -0.0397959 -0.00559402 -0.00889066 0.0343263 -0.018095 0.0223368 -0.00673028  0.00418951  0.00173706  0.277713  0.239634 0.0140465   0.21207 -0.126999  -9.80588 
             73.3998 -4.89404  12.6752  61.3611  3.13204 -3.93345 0.339827  1.31254 -16.8716  2.89087  -0.0397626 -0.00561298 -0.00887353  0.0356948 -0.0185096   0.020018 -0.00693806  0.00403053  0.00157396  0.27802 0.239701 0.014734  0.212193 -0.127041  -9.80588 
             73.4997 -4.85422  12.6011  61.0806  3.12121  -3.9431 0.344285   1.3114 -16.8743  2.88845  -0.0399291 -0.00583265 -0.00893641 0.00532463  -0.028478  0.0272253 -0.00689659   0.0039853  0.00213602    0.281 0.237802 0.014599  0.211855 -0.127699  -9.80588 
             73.5994  -4.768 12.5744 60.5161  3.12518 -3.94567 0.344621  1.31035 -16.8743  2.89066  -0.0399186  -0.0057955 -0.00893139 0.0541139 -0.043095 0.0340298 -0.0071232  0.0038835 0.00291799 0.280535 0.237769 0.015295 0.211868 -0.12762 -9.80588 
             73.6998 -4.62097  12.5821  57.7578  3.12521 -3.93977 0.345065  1.30884 -16.8729  2.89368   -0.040232 -0.00557575 -0.00898587  0.0749811 -0.0398787   0.020799 -0.00771342  0.00358057  0.00528985  0.278684  0.235528 0.0156264    0.2113 -0.127351   -9.8059 
             73.7998 -4.84153  12.7265  54.2292   3.1305 -3.93092   0.3482  1.3102 -16.872 2.89152  -0.0405692 -0.00528604 -0.00899928  0.0885014 0.00414141  0.0273274 -0.00814178  0.00311287  0.00619784  0.276824    0.2341 0.0148873  0.210821 -0.126992  -9.80591 
             73.8994 -5.33509  13.0981  50.3589  3.12929 -3.91947 0.354306  1.31154 -16.8728  2.89213  -0.0410767 -0.00518374 -0.00903174  0.057754 0.0438098 0.0641389 -0.00808797  0.00275587  0.00615231    0.2761  0.231889 0.0142197  0.210178 -0.126887  -9.80593 
             73.9994 -5.94892  13.2849  44.6067  3.13299 -3.91281 0.362435  1.31317 -16.8719  2.89466  -0.0412257 -0.00515997 -0.00903771 0.0379127 0.0488938 0.0813421 -0.0085904 0.00256509 0.00712803  0.275712  0.231637 0.0137516  0.210026 -0.126845  -9.80593 
             74.1031 -6.17146   13.265  38.1731  3.13052 -3.91028  0.37041  1.32216 -16.8813  2.89562  -0.0414321  -0.0053989 -0.00910035  0.0410803 0.00686288  0.0608819 -0.00885729   0.0024311  0.00700859   0.27777  0.232145 0.0142736  0.209765 -0.127052  -9.80593 
             74.1997 -5.91212  12.6871    29.81  3.13237 -3.90428 0.362032  1.32459 -16.8832  2.89496  -0.0418457 -0.00529407 -0.00918921   0.0203635 -0.00172082 0.000917295 -0.0101727 0.00225901 0.00811344  0.276443  0.231244 0.0171071  0.209473 -0.126879  -9.80594 
             74.2994 -4.80364  12.6651  22.8785  3.12732 -3.90424 0.353264  1.32223 -16.8826  2.89638  -0.0419582 -0.00559886 -0.00925802 -0.0381521  0.0100176 -0.0117855 -0.0114938 0.00153436  0.0079312  0.276426  0.230002 0.0192171  0.209311 -0.127004  -9.80594 
             74.3999 -4.14892  12.2981  19.2718  3.12721 -3.90273 0.352293  1.32213 -16.8832  2.89634  -0.0419033  -0.0054435 -0.00920245 -0.0844998  0.0598128 -0.0102057 -0.0106833 0.00182385 0.00499212  0.276097  0.231043 0.0190895  0.209526 -0.126943  -9.80594 
             74.4995 -4.35552  12.2064  16.1356  3.11511 -3.89745 0.343995  1.32309 -16.8837  2.89713  -0.0418924 -0.00545844   -0.009197   -0.13749  0.0589533 -0.0280888 -0.00978239  0.00158194  0.00393382   0.27618  0.230971 0.0207178  0.209462 -0.127012  -9.80594 
             74.5996 -4.28373  12.0983  14.6453  3.11291 -3.90632 0.345763  1.32369 -16.8811  2.89803  -0.0423046 -0.00534658  -0.0092627 -0.134258 0.0693129 0.0255091 -0.0103309 0.00183735   0.002139  0.275746   0.23431 0.0205007  0.209961 -0.127317  -9.80593 
             74.6993 -2.6068 11.8802 12.3631  3.10687 -3.89842 0.344994  1.32186 -16.8803  2.89935  -0.0425049 -0.00541307 -0.00928186    -0.12116     0.12915 -0.00660662 -0.0110949  0.0015588 0.00274526  0.274822  0.235086 0.0205644  0.210181 -0.127342  -9.80592 
             74.7998 -2.56377  11.4888  11.8721  3.11501 -3.88887 0.343421  1.32168 -16.8811  2.90035   -0.042929 -0.00583226 -0.00944783   -0.046238   0.0837084 -0.00417549  -0.010426 0.00151117 0.00145542  0.272257  0.236652 0.0206735  0.210645 -0.127282  -9.80591 
             74.8993 -1.80005  11.7666  11.8521  3.11533 -3.87269 0.342175   1.3162 -16.8816  2.90172  -0.0428532 -0.00614363  -0.0094763 -0.0590492   0.103516 0.00252943  -0.0106962  0.00113407 0.000740735  0.270791  0.235224 0.0209486 0.210795 -0.12707 -9.80591 
             75.0006 -1.57954  11.6912  12.0818  3.12128 -3.86027 0.346417   1.3113 -16.8802  2.90405  -0.0430867 -0.00657152 -0.00955663 -0.0482744   0.109793  0.0175958  -0.0105742  0.00132277 0.000665328    0.2687  0.235297 0.0194905 0.211157 -0.12704  -9.8059 
             75.0996 -1.57601  11.7625  12.7635  3.12467 -3.86246 0.348108  1.31387 -16.8792  2.90372  -0.0436078 -0.00664743 -0.00970658 -0.0252812  0.0725006  0.0242493  -0.0103603    0.001241 0.000128045 0.267981 0.238259 0.019226  0.211355 -0.127384   -9.8059 
             75.1993 -1.67359  11.8009  12.4547  3.13285 -3.87368 0.344111  1.31157 -16.8766  2.90154  -0.0440646 -0.00665222 -0.00989009  0.0204007 0.00416946 0.00674447 -0.0104451 0.00127601 0.00115531  0.266477  0.240957 0.0205403   0.21158 -0.127784  -9.80589 
             75.2998 -1.65215  12.0214   11.135  3.13479 -3.87322  0.34975  1.30933 -16.8761  2.90357  -0.0440687   -0.006664 -0.00988855   0.0362789 -0.00889842   0.0170636 -0.0106163 0.00098805 0.00200883 0.266795 0.240539 0.019416  0.211575 -0.127774  -9.80589 
             75.3996 -2.0446 12.0977 8.11268  3.14021 -3.87828 0.347915  1.30805 -16.8772  2.90563  -0.0440552 -0.00661846 -0.00991327   0.047083 -0.0306479  0.0109907 -0.0106735 0.00089859 0.00298566  0.266834  0.241079 0.0201196  0.211583 -0.127851  -9.80588 
             75.4994 -2.3857 12.1153 5.57037  3.15062 -3.88566 0.349952 1.30731 -16.877 2.90775  -0.0440122 -0.00655007 -0.00991632   0.028251 -0.0686797  0.0298283 -0.0115334 0.00127738 0.00221931  0.265426  0.241464 0.0202114  0.211757 -0.127866  -9.80588 
             75.5996 -1.28769    12.02  3.78359  3.14937 -3.89252 0.352645  1.30545 -16.8775     2.91  -0.0440108 -0.00658251 -0.00991224  0.0173107 -0.0398137  0.0542012  -0.0114503 0.000742579  0.00164777  0.266383  0.241605 0.0203235   0.21166 -0.127923  -9.80588 
             75.6994 -1.21332  11.7446   2.7242  3.14849 -3.88888 0.352097  1.30385 -16.8758  2.91272   -0.044049 -0.00659253 -0.00991473 0.00857298  0.0347521  0.0254059 -0.0114461 0.00124094 0.00115333  0.266329  0.240645 0.0211085  0.211603 -0.127826  -9.80588 
             75.7998 -1.85602  11.3716  1.99577   3.1568  -3.8807 0.354395  1.30262 -16.8758  2.91476   -0.044029 -0.00658205 -0.00991657  0.0888909  0.0662701 0.00662199 -0.0106525 0.00152663 0.00122183   0.26539  0.240054 0.0208974  0.211723 -0.127756  -9.80588 
             75.8996 -2.35856  11.0927  1.61888  3.17369 -3.87077 0.351938  1.29837 -16.8737  2.91328  -0.0440089 -0.00656229 -0.00990223   0.204341  0.0314628 -0.0196917  -0.0106639  0.00106512 0.000984064   0.26456  0.238763 0.0210752  0.211795 -0.127679  -9.80588 
             75.9996 -1.90735  11.1115 0.912007  3.20239 -3.87793 0.345489  1.29763 -16.8738  2.91078  -0.0440452 -0.00660374 -0.00991333   0.349905 0.00174486 -0.0657195 -0.0119926 0.00100162 0.00145175  0.264016  0.239832 0.0222289 0.211817 -0.12784 -9.80588 
             76.0997  -1.47394   11.4595 -0.283607  3.25115 -3.88136 0.332221  1.29591 -16.8724  2.91179  -0.0440238 -0.00664492 -0.00988468   0.461501  0.0568903 -0.0416645  -0.0119897 0.000385637  0.00149027  0.262674  0.240179 0.0228251  0.211936 -0.127922  -9.80588 
             76.1996  -2.50355   10.8862 -0.629406   3.3055 -3.87559 0.334997  1.29468 -16.8735  2.91337  -0.0440093 -0.00668429  -0.0098943       0.497    0.074075 -0.00506346 -0.00959979  0.00224261  0.00150965  0.261295   0.24026 0.0224965  0.212134 -0.127974  -9.80587 
             76.2996  -1.36859   10.8492 -0.243543  3.36529 -3.87477 0.339707  1.29217 -16.8731  2.91647  -0.0440037 -0.00669306 -0.00988882   0.580417  0.0143867 -0.0258891  -0.0117159 0.000356194 0.000487303   0.26027  0.240343 0.0207422  0.212304 -0.128052  -9.80587 
             76.3998  -2.0696  10.8047 -1.24031  3.43213 -3.86499 0.346374 1.29074 -16.875 2.91371  -0.0439825 -0.00669031 -0.00987432  0.757481 0.0140569 -0.020019  -0.0100956 0.000712949  0.00195043  0.260894  0.238949 0.0182577  0.212374 -0.127927  -9.80587 
             76.4997 -2.93192  10.3287 -3.70193   3.5169 -3.87885 0.347233  1.28916 -16.8757  2.91854  -0.0439359 -0.00665835 -0.00989624  0.785549 -0.316809 -0.140756  -0.012177 0.00149774  0.0030789 0.258991 0.238842 0.017085  0.212644 -0.127988  -9.80586 
             76.5996 -2.92528   10.959 -8.27627  3.59043 -3.91865 0.334944  1.28747 -16.8781  2.92057   -0.043955  -0.0067068 -0.00991467  0.728264 -0.437108 -0.226665   -0.0127085 -0.000321479   0.00391031  0.259958  0.239263 0.0153834  0.212609 -0.128051  -9.80586 
             76.7006 -2.21901  11.2547 -15.2161  3.66828 -3.95991 0.323923   1.2914 -16.8747  2.92893  -0.0444695 -0.00653078  -0.0100255   0.73597 -0.604843 -0.296955   -0.0141777 -0.000147802   0.00523676   0.25937  0.238059 0.0116609  0.212789 -0.127876  -9.80586 
             76.7997 -0.595855   11.5175  -22.8453   3.7175 -4.01597  0.33417  1.29674 -16.8747  2.93357  -0.0444233 -0.00673897  -0.0100484  0.489291 -0.593292 0.0435313  -0.0138493 4.64812e-05  0.00645671   0.262512   0.239694 0.00665635  0.212547 -0.127842  -9.80586 
             76.8993  1.43308  11.6903 -29.0746  3.75187 -4.05176 0.358281  1.29729 -16.8763  2.93453  -0.0452528 -0.00709092  -0.0105682   0.388528   -0.63923 -0.0471926   -0.0151701 -0.000510697   0.00544429   0.266799    0.23564 0.00136835  0.212552 -0.127211  -9.80587 
             76.9993  1.90242  11.7033 -36.8003  3.79209 -4.08956 0.360152  1.29891 -16.8767  2.93238  -0.0458283 -0.00758864  -0.0108559  0.305555  -0.53879 0.0739513  -0.0143011 -0.00133218  0.00587737    0.269161    0.232326 -0.00124712  0.212717 -0.126709  -9.80587 
             77.0996  1.99296  11.6756 -41.7728  3.81561 -4.12516 0.370042  1.30357 -16.8763  2.92896  -0.0457901 -0.00791175    -0.01083  0.295724 -0.435007 0.0108749  -0.0150656 0.000557596  0.00440046    0.271487    0.231949 -0.00215936  0.212637 -0.126355  -9.80588 
             77.1991   1.4393  11.6318 -46.0854  3.85167 -4.15704 0.367577  1.30763 -16.8781  2.92816 -0.0459149 -0.0080804 -0.0108098    0.30977  -0.445562 -0.0518328 -0.0148905 -0.0004528 0.00395875    0.271595    0.230389 -0.00194424   0.21294 -0.126187  -9.80588 
             77.2991 1.39133 11.3967 -48.076  3.89781 -4.19546 0.362728  1.30923 -16.8771  2.92929  -0.0459769 -0.00831583  -0.0108181  0.373309 -0.298074 0.0371981   -0.0137128 -0.000828946   0.00234822   0.269399    0.22911 -0.0015262  0.213326 -0.126399  -9.80587 
             77.4006 -0.0597971    10.8004   -48.7501  3.94061 -4.20821 0.368862  1.31111 -16.8775   2.9315  -0.0456965 -0.00851948  -0.0106042  0.352342 -0.183599   0.00679   -0.0133565 -0.000611108 -0.000198676    0.269747    0.227271 -0.00240676  0.213733 -0.126247  -9.80586 
             77.4992 0.380513  11.4433 -45.5981  3.98005 -4.21753 0.369105  1.31151 -16.8789  2.92871  -0.0455949 -0.00843351  -0.0105552    0.43929 -0.0881122  0.0103316  -0.0129137 -0.00140353 -0.00325842     0.27046    0.226703 -0.00253942 0.213813 -0.12613 -9.80586 
             77.5993 -1.29345  11.7412 -40.7354  4.03647 -4.23504 0.369652 1.30843 -16.881 2.93147 -0.0458798 -0.0095255 -0.0106359   0.449938 -0.0188311   0.136569   -0.0110553 -0.000763985  -0.00571434   0.267521   0.226751 -0.0025562 0.213841 -0.12684 -9.80585 
             77.6996 -2.44004  10.1277  -34.921    4.082 -4.23524 0.385983  1.30798 -16.8833   2.9271  -0.0460932 -0.00975581  -0.0107383  0.477678 0.0720365   0.13043  -0.0101045   0.0012619 -0.00609842    0.267412    0.227066 -0.00314711  0.213748 -0.127004  -9.80585 
             77.8006 -3.42528  10.4739  -27.077  4.12421 -4.22996 0.392204  1.31082 -16.8839  2.92501  -0.0466742 -0.00932533  -0.0109024  0.494358  0.127605 0.0354977   -0.0102244 -0.000237888  -0.00887259    0.268095     0.22908 -0.00312821  0.213369 -0.126931  -9.80586 
             77.8998 -4.05321  10.4416 -19.8512  4.17737 -4.22355  0.39094  1.30772 -16.8828   2.9235   -0.046686 -0.00984674  -0.0109376  0.433846  0.084293 0.0551938   -0.010656  0.00132963 -0.00786202    0.266393    0.228169 -0.00223809  0.213485 -0.127201  -9.80585 
             77.9996 -3.99893  9.95556 -14.8592  4.21099 -4.22753 0.394803  1.30864 -16.8818  2.92646  -0.0472374 -0.00996185  -0.0110606    0.301542 -0.00115291   0.0739172  -0.0115437  0.00185773 -0.00591183    0.265096    0.229967 -0.00150231  0.213188 -0.127448  -9.80585 
             78.0996 -2.17101  9.34646 -10.0665  4.24038  -4.2381 0.385693   1.3085 -16.8811  2.92647 -0.0476195 -0.0100634 -0.0110313    0.30173 -0.0120301 -0.0994981  -0.0130937  0.00188669 -0.00583665   0.264264   0.231431 1.1213e-05  0.212909 -0.127591  -9.80586 
             78.1997 -3.63113  9.99744 -8.43381  4.26825 -4.24716 0.377466     1.31 -16.8832  2.93033  -0.0479798 -0.00999408  -0.0110181   0.316226  0.0319677 -0.0679473 -0.00907114  0.00054548  -0.0026192     0.264145     0.234515 -0.000848751  0.212456 -0.127838  -9.80587 
             78.2996 -3.52459  9.84174 -7.24838  4.29691 -4.23607 0.377378  1.31131 -16.8837  2.93214 -0.0480041 -0.0100346  -0.011073   0.237747 -0.0126699 -0.0381216  -0.0115992   0.0018403 -0.00189114   0.265028   0.233099 -0.0016936  0.212682 -0.127635  -9.80586 
             78.3996 -2.92189  8.80128 -6.12821  4.32297 -4.24923 0.376375  1.31232 -16.8817  2.93488  -0.0479052 -0.00986923  -0.0109888    0.29761 -0.0202455 -0.0701055   -0.0112558   0.00255672 -0.000512512    0.263681    0.235167 -0.00268019  0.212526 -0.127906  -9.80586 
             78.4997 -2.11866  9.09624 -4.79704  4.36274 -4.25705 0.374016  1.31746 -16.8846  2.93461  -0.0479844 -0.00968531  -0.0110276  0.274764 -0.131227  0.028011   -0.0129946   0.00023728 -0.000855435    0.263149    0.235439 -0.00322283  0.212661 -0.127954  -9.80586 
             78.5992 -1.61206  8.78027 -3.09493  4.39235 -4.26062 0.378835  1.31777 -16.8854  2.93567  -0.0480797 -0.00958933  -0.0110852   0.226917 -0.0870323  0.0301327  -0.0113716  0.00171677 -0.00107574    0.263042    0.234678 -0.00439615  0.212782 -0.127906  -9.80586 
             78.6995 -1.43961  7.84594 -2.12242  4.41872 -4.27896 0.381564  1.31713 -16.8859  2.93446  -0.0479633 -0.00945023   -0.011037   0.284375 -0.0673545 -0.0452739   -0.0115167   0.00227261 -0.000791081    0.262484    0.235692 -0.00525277  0.212771 -0.128045  -9.80586 
             78.7998 -3.64458  8.78867  -1.8206  4.46878 -4.27792 0.380908  1.31626 -16.8859  2.92759  -0.0480874 -0.00903012  -0.0109722  0.311372 0.0186722 0.0312517   -0.0078262  0.000327706 -5.99893e-05    0.259136    0.234951 -0.00641968  0.213125 -0.128137  -9.80585 
             78.8992 -4.11554  8.41507 -2.23157  4.49979 -4.29101 0.387232  1.32317 -16.8859  2.92729  -0.0478882 -0.00893827  -0.0109869   0.263874 -0.0694378  0.0366545  -0.0101981  0.00189741 0.000359226    0.258039     0.23775 -0.00720675   0.21315 -0.128333  -9.80584 
             78.9996 -2.85118  8.01469 -1.10244  4.53533 -4.28137 0.385853  1.32293 -16.8882  2.93574  -0.0481885 -0.00889208  -0.0110637   0.337182 -0.0594211 0.00982387  -0.0119445  0.00150737 -0.00117769    0.257424    0.235049 -0.00647124  0.213315 -0.128074  -9.80584 
             79.0993 -1.67583  7.27649 -1.71306  4.57202  -4.2869 0.392676 1.32311 -16.887 2.93807  -0.0482555 -0.00881612  -0.0111067  0.312431   -0.1308 0.0884107  -0.0131891  0.00108825 0.000197743    0.257277     0.23421 -0.00804048  0.213347 -0.127991  -9.80584 
             79.1996 -1.56509  7.09936 -1.21534  4.59816  -4.2854 0.390419  1.32306 -16.8863   2.9383  -0.0483995 -0.00885847  -0.0111741   0.226614 -0.0663833  0.0394023  -0.0110307  0.00194799 0.000216205    0.257496    0.232386 -0.00668701  0.213334 -0.127829  -9.80585 
             79.2996  -1.17676   6.33678 -0.625725  4.62311 -4.28874 0.384963  1.32354 -16.8868  2.94034  -0.0484539 -0.00889101   -0.011192  0.308689 0.0074877 -0.069127  -0.0112825  0.00188107 -8.9333e-05   0.257438   0.232044 -0.0051992  0.213338 -0.127787  -9.80585 
             79.3993  -3.6335  6.63038 -1.37088  4.66074 -4.28756 0.385981  1.32122 -16.8874  2.94272  -0.0484001 -0.00891387  -0.0112013    0.262236   0.0451633 -0.00895316 -0.00864816 0.000874696  0.00129599    0.256109    0.232567 -0.00658676  0.213481 -0.127857  -9.80584 
             79.4995 -3.56901   6.0517 -1.87274  4.67547 -4.27947 0.392115 1.31781 -16.888 2.94202  -0.0484998 -0.00896656  -0.0111653    0.17187 -0.0289534  0.0314909 -0.0113254 0.00206204 0.00140405    0.257865     0.23072 -0.00789449  0.21335 -0.12773 -9.80585 
             79.5995 -3.09848  5.83446 -1.46271   4.6959 -4.28431 0.389735   1.3176 -16.8892  2.94074  -0.0484985 -0.00895536  -0.0111587    0.18766 -0.0492169  0.0244818  -0.0118986  0.00180093 0.000562145   0.257378   0.230647 -0.0066724 0.213404 -0.12773 -9.80585 
             79.6996 -2.30741  5.33724 -1.77871  4.72546 -4.29543 0.399092  1.32032 -16.8898  2.94007  -0.0484674 -0.00892428  -0.0111528   0.192561 -0.0193916   0.123866 -0.0128711 0.00168222 0.00104434    0.256357    0.231031 -0.00850933  0.213498 -0.127735  -9.80584 
             79.8006 -2.15528  5.65449 -1.52509  4.75581 -4.29216 0.400568  1.31994 -16.8921  2.94028  -0.0484361 -0.00892882  -0.0111074  0.178167 0.0146803   0.06251 -0.0112383 0.00148094 0.00118498    0.254484    0.229974 -0.00759041  0.213696 -0.127649  -9.80584 
             79.8995  -2.1709  5.40682 -0.83881  4.78538 -4.28018 0.392649  1.31972 -16.8941  2.94481  -0.0483948 -0.00895492  -0.0110884   0.256087  0.0961804 -0.0258187  -0.0108338  0.00156503 0.000344778    0.252913    0.228751 -0.00545147  0.213868 -0.127529  -9.80584 
             80.0006  -3.9284  5.70515 -1.46813   4.8193 -4.26456 0.382931  1.31861 -16.8962  2.94427  -0.0483465 -0.00887857  -0.0110286 0.247474 0.119151 0.017145 -0.00968982 0.000931946  0.00136357    0.251516    0.228168 -0.00362594  0.214019 -0.127498  -9.80584 
             80.0996 -4.52161  5.38232 -1.71218  4.85065 -4.25381 0.380364  1.31685 -16.8942  2.94072  -0.0483039 -0.00885138  -0.0110042 0.212456 0.086239 0.013455 -0.0109669 0.00149908 0.00141307    0.249577    0.227669 -0.00331452  0.214173 -0.127499  -9.80583 
             80.1993 -4.59824  4.76367 -1.73383  4.87447 -4.25618 0.395146  1.31529 -16.8951    2.943   -0.048267 -0.00890614  -0.0110246   0.216796 -0.0369352  0.0488108    -0.01213  0.00212098 0.000656206    0.249164    0.228378 -0.00593866  0.214213 -0.127567  -9.80583 
             80.2996 -3.20126    5.432 -1.01299  4.90558  -4.2583 0.394078  1.31072 -16.8938  2.95069  -0.0482373 -0.00893186   -0.010991   0.324123 -0.0931993 0.00436954  -0.0126382  0.00142628 0.000254063     0.24778    0.227709 -0.00514874  0.214338 -0.127546  -9.80583 
             80.3995 -1.97749  5.57246  -1.2383  4.94224 -4.26237 0.395774  1.31048 -16.8937  2.94845   -0.048207 -0.00895059  -0.0109697   0.293815 -0.0324075  0.0232488   -0.013387 0.000891579 0.000125918    0.246628    0.227211 -0.00479358  0.214443 -0.127522  -9.80583 
             80.4995  -2.25642   4.96523 -0.766494  4.96598 -4.26098 0.392097    1.309 -16.8928  2.94873  -0.0482225 -0.00895839  -0.0109798   0.253976 0.00334833  0.0211644   -0.0115728   0.00214106 -0.000155259    0.246754    0.226603 -0.00324512  0.214438 -0.127494  -9.80583 
             80.5997 -2.77321  4.59219 -1.17582  4.99648 -4.27292 0.384786  1.31054 -16.8942  2.94655  -0.0482509 -0.00901481  -0.0109802   0.337643  0.0760925 -0.0806333 -0.0107553 0.00132807 0.00103179    0.246763    0.229372 -0.00228164  0.214436 -0.127724  -9.80582 
             80.6996 -4.84052  5.14605 -1.99494  5.02282 -4.25997 0.384213  1.30965 -16.8949  2.94745  -0.0482768 -0.00899493  -0.0109212   0.258559  0.0330327 -0.0246965  -0.0116408  0.00181295 0.000863197    0.247158    0.227977 -0.00223245  0.214421 -0.127611  -9.80583 
             80.7992 -4.64901  4.35571 -2.16739  5.04477 -4.25263  0.39023   1.3093 -16.8955  2.94626  -0.0482724 -0.00901165  -0.0108901   0.208547 -0.0394756 0.00400343 -0.0118308 0.00201664 0.00108722    0.247513    0.226896 -0.00367409  0.214397 -0.127519  -9.80583 
             80.8997 -3.60813  4.39627 -1.34798  5.07267  -4.2634 0.402029  1.30944 -16.8922  2.94249  -0.0482423 -0.00899637  -0.0108706    0.27641 -0.0749245  0.0278368   -0.0134006    0.0015662 -0.000331269    0.246495    0.227364 -0.00593853  0.214429 -0.127568  -9.80583 
             80.9996 -2.53184  4.87663 -1.56394  5.10674 -4.27559 0.404259  1.30327 -16.8909  2.94186  -0.0482311 -0.00898589  -0.0108296  0.292296 -0.112751  0.110852  -0.0128577  0.00183654 0.000229509    0.245608    0.226851 -0.00610791 0.214501  -0.1276 -9.80582 
             81.0993  -1.7963  5.12998 -2.07403  5.13075 -4.27196 0.405228  1.30028 -16.8931  2.94327 -0.0482375 -0.0089842 -0.0109188   0.214492 0.00682352  0.0900673   -0.012596  0.00177405 0.000888453    0.246465    0.224706 -0.00485824  0.214483 -0.127453  -9.80583 
             81.1996 -2.39619  4.68201 -1.64197  5.14799  -4.2652 0.403487  1.30069 -16.8972  2.94531  -0.048277 -0.0089726 -0.0109413  0.263417 0.0815701 0.0422122   -0.011319  0.00175123 0.000210023    0.248087    0.224052 -0.00286642  0.214409 -0.127384  -9.80583 
             81.2996 -4.01257  5.36272 -2.19927  5.17185 -4.24564 0.399876  1.30358 -16.9006  2.95058  -0.0482944 -0.00893402  -0.0109219  0.243102  0.109245 0.0282449 -0.00951047 6.73826e-05  0.00133108    0.249134     0.22356 -0.00152634  0.214367 -0.127293  -9.80583 
             81.4006 -4.64798  4.55836 -2.47284  5.19523 -4.22845  0.39783  1.30521 -16.9021  2.95131  -0.0483106 -0.00890337  -0.0108731  0.186737 0.0670558 0.0112494 -0.0111303 0.00189031 0.00097993     0.24907    0.222514 -0.00108065  0.214393 -0.127193  -9.80583 
             81.5005 -4.70711   4.1433 -3.03357  5.22167 -4.21699 0.401735  1.30704 -16.8989  2.95025  -0.0482735 -0.00887725  -0.0108603    0.21266 -0.0240011  0.0167415 -0.0119685 0.00189438 0.00131044  0.247101  0.221335 -0.001878   0.21452 -0.127101  -9.80583 
             81.6006 -3.12152  5.18961 -2.06026  5.25806 -4.21394 0.395228  1.30616 -16.8999  2.94945  -0.0482323 -0.00893884  -0.0108128   0.327045 0.00112194  -0.023607  -0.0132833 0.000594595 -0.00016094     0.245252     0.220436 -0.000537849  0.214693 -0.127061  -9.80583 
             81.6995 -2.53883  5.31724 -2.15403  5.28964 -4.21386 0.394741  1.30336 -16.8987    2.947  -0.0482291 -0.00893235  -0.0108125   0.291277  0.0381763 0.00747782   -0.0130612   0.00084081 -0.000195385     0.245236     0.219961 -0.000355889  0.214691 -0.127062  -9.80583 
             81.7998  -2.35349   5.82026 -0.110566  5.31437 -4.21262 0.392886  1.30278 -16.9005  2.94662  -0.0483086 -0.00894267  -0.0107917   0.241492   0.144811 -0.0133449  -0.0113028  0.00105712 -0.00170594     0.245795     0.221407 -0.000276799  0.214652 -0.127176  -9.80583 
             81.8996 -3.01175  5.89145  2.98753  5.34139 -4.19611  0.38705  1.30237 -16.9008  2.94444 -0.0483421  -0.008971 -0.0107928  0.278108  0.259754 -0.106191   -0.010817  0.00114092 -0.00330568     0.245602     0.221676 -0.000397842 0.214667 -0.12721 -9.80583 
             81.9995 -4.55611  7.38857  6.95663  5.36671 -4.16138 0.389115  1.30029 -16.9006  2.94671  -0.0482915 -0.00893863  -0.0107776  0.230165  0.307941 0.0460508 -0.00930473 0.000119935 -0.00460949    0.245939    0.220602 -0.00158421  0.214644 -0.127135  -9.80583 
             82.1005 -5.22331  8.13255  10.7396  5.39636 -4.14915 0.397195  1.29775 -16.8972  2.94947  -0.0486208 -0.00917364   -0.010876  0.242398  0.284148 0.0687191 -0.00926826  0.00136572 -0.00382921   0.244002   0.223122 -0.0019625  0.214776 -0.127354  -9.80582 
             82.2006 -5.98475  9.47791  15.0461  5.41687 -4.13704 0.415937   1.2966 -16.8971  2.95153  -0.0488842 -0.00912569  -0.0110065  0.275393  0.237725 0.0554539  -0.0101125  0.00135634 -0.00416849     0.24494     0.22495 -0.00372731  0.214715 -0.127509  -9.80582 
             82.3005 -4.63761  10.2531  19.0742  5.44389 -4.12231  0.42339   1.2957 -16.8979  2.95065   -0.048986 -0.00904779  -0.0110449  0.279877  0.172591 0.0559347  -0.0106095   0.0015565 -0.00357774    0.245709    0.225661 -0.00429641  0.214673 -0.127585  -9.80582 
             82.3996 -3.4033 10.0721 22.0118  5.47119 -4.12712 0.429907  1.29297 -16.9038  2.95123  -0.0492941 -0.00905118  -0.0110369  0.266779  0.103033 0.0387775 -0.00908944  0.00271607 -0.00154546     0.24641    0.228227 -0.00366828 0.214743 -0.12778 -9.80582 
             82.4995 -3.27514  9.31309   24.164  5.49407 -4.13496 0.430151  1.29209 -16.9045   2.9527  -0.0494703 -0.00902686  -0.0110191   0.251527   0.135533 0.00774935 -0.00986475  0.00304385 -0.00162368    0.246909    0.230507 -0.00257973 0.214789 -0.12797 -9.80581 
             82.6006 -3.47893  9.19254  25.2394  5.51748  -4.1154 0.430639 1.29057 -16.905  2.9542  -0.0494754 -0.00901571  -0.0110259   0.19704  0.141431 0.0544891  -0.00871937   0.00253132 -0.000136623    0.246815    0.229967 -0.00243467  0.214784 -0.127934  -9.80581 
             82.6996 -2.84513  8.73584  26.4597  5.53183 -4.10756 0.427668  1.28839 -16.9052   2.9521   -0.049536 -0.00906298  -0.0109957  0.150172  0.117333 0.0137659   -0.0094478   0.00310091 -0.000190806     0.24754     0.22992 -0.00142419  0.214757 -0.128026  -9.80581 
             82.7996 -3.36316  8.93818  28.0851  5.54443 -4.07594 0.419486   1.2876 -16.9042  2.95181 -0.0496504 -0.0090494 -0.0110066 0.0685124  0.139927 0.0637149  -0.00898095   0.00278488 -0.000879072    0.246191    0.227023 0.000612949  0.214609 -0.127835  -9.80582 
             82.8993 -3.58915  9.12355  30.6999  5.54357 -4.05628 0.435265  1.28498 -16.9054  2.95919  -0.0496481 -0.00908318  -0.0109898 -0.0154678   0.181259  0.0898471 -0.00856598  0.00276686 -0.00220791    0.247099    0.226109 -0.00101496  0.214528 -0.127845  -9.80582 
             83.0005 -4.10708  9.55202  33.4628  5.54259 -4.03472 0.439009  1.28393 -16.9062  2.96089  -0.0496638 -0.00906752  -0.0109805 -0.0223496   0.173496  0.0827118 -0.00811992  0.00230023 -0.00227607     0.246823     0.225494 -0.000201909   0.21449 -0.127797  -9.80582 
             83.0995 -4.56037  10.5407  35.3756  5.54629 -4.01418 0.435021 1.28247 -16.906 2.95872  -0.0496498 -0.00901329   -0.010939 0.0289211  0.146799 0.0651008 -0.00813759  0.00174982 -0.00121272     0.2455   0.224916 0.00159956  0.214494 -0.127664  -9.80582 
             83.2005 -4.49368  11.6957  37.6741  5.55757 -3.99779 0.442793  1.28207 -16.9048   2.9609  -0.0496316 -0.00900541  -0.0109142  0.125967  0.237237 0.0796987 -0.00861606  0.00217133 -0.00182073   0.244723   0.225667 0.00195867  0.214608 -0.127605  -9.80582 
             83.2992 -4.61073  11.2316  39.2065  5.59049 -3.98171 0.432907   1.2821 -16.9056  2.96045  -0.0495776 -0.00896849  -0.0109197   0.373543   0.195181 -0.0260343 -0.00842401   0.0035926 -0.00102568   0.242945   0.228371 0.00421263  0.214986 -0.127409  -9.80582 
             83.3995 -2.94162  10.8875  40.9586  5.61963 -3.96943 0.446806  1.27814 -16.9082  2.96349  -0.0495302 -0.00894136  -0.0108421  0.288825  0.204442 0.0514423  -0.00856392   0.00346811 -0.000879579   0.243928   0.230101 0.00354757  0.215284 -0.127447  -9.80581 
             83.4992 -3.11998  10.4853  42.0939  5.66443 -3.92404 0.434681  1.27501 -16.9129  2.96732  -0.0496306 -0.00885069  -0.0109261   0.353852   0.265195 -0.0491698   -0.0092281   0.00302326 -0.000571684   0.240172   0.228483 0.00547401  0.215121 -0.126839  -9.80582 
             83.5996 -3.70865  10.7156  42.2229  5.69447 -3.89823 0.432387  1.27329 -16.9142  2.96751  -0.0496214 -0.00888661  -0.0109157  0.279829  0.290839 0.0731569 -0.00770834  0.00237204 0.000453602   0.241424   0.228613 0.00529478  0.215179 -0.126976  -9.80582 
             83.6995 -4.32256  10.8311  42.8127  5.70436  -3.8813 0.441437 1.27243 -16.918 2.97013  -0.0496509 -0.00901784  -0.0108961  0.130314  0.321367 0.0540083  -0.00777652   0.00385898 -9.81754e-05   0.244657   0.228737 0.00533471  0.215223 -0.127377  -9.80581 
             83.8005 -5.50131  10.3844  44.7628  5.70949 -3.86168 0.443425  1.27138 -16.9173  2.96945  -0.0496534 -0.00903985  -0.0108504  0.120526  0.287533 0.0355997 -0.00734797  0.00383098   -0.001953   0.246583   0.228818 0.00613886  0.215304 -0.127712  -9.80581 
             83.8996 -4.90037  10.6997  47.8486  5.72073 -3.83539  0.44515  1.26952 -16.9194  2.97229  -0.0496779 -0.00905026  -0.0108607 0.0930307  0.361963 0.0134775 -0.00796085  0.00365359 -0.00245958  0.247235  0.229546 0.0065431  0.215457 -0.127739   -9.8058 
             84.0006 -5.32946  10.8073  50.3426  5.74007 -3.79746 0.433114  1.26843 -16.9206  2.97452  -0.0497059 -0.00904876  -0.0108675  0.106442  0.380496 0.0182494 -0.00854969  0.00268899 -0.00270746   0.246517   0.229549 0.00859411  0.215466 -0.127652   -9.8058 
             84.0996 -4.62515  10.3182  52.1352  5.75002 -3.77432 0.428381  1.26657 -16.9179   2.9728  -0.0497196 -0.00905539  -0.0108568  0.0736415   0.272972 -0.0253889  -0.00754707   0.00415367 -0.000839486   0.246855   0.229817 0.00946712  0.215607 -0.127776   -9.8058 
             84.1997 -3.96249  9.86492  53.8918  5.76533 -3.75479 0.432172  1.26523 -16.9165  2.97412 -0.0497243 -0.0090622 -0.0108012   0.114018   0.294356 -0.0333888  -0.00855697   0.00401292 -0.000965891    0.24671   0.231287 0.00879958  0.215883 -0.127682  -9.80579 
             84.2995 -4.33261  9.84632  54.8795  5.77939 -3.72789 0.426661  1.26377 -16.9154  2.97528  -0.0496962 -0.00907472   -0.010764 0.0299514  0.351097 0.0291338 -0.00650962   0.0026212 0.000427015   0.246604   0.233323 0.00930464  0.216272 -0.127581  -9.80579 
             84.4005 -4.95432  9.87543  54.7879  5.78289  -3.7114 0.432287  1.26268 -16.9159  2.97617  -0.0496819 -0.00912733  -0.0107633  0.036694  0.240274 0.0424834 -0.00752979  0.00330329  0.00112774   0.248432   0.234297 0.00905568  0.216545 -0.127798  -9.80578 
             84.5005 -4.44226  9.11694   55.891  5.79751 -3.66825 0.432768  1.26058 -16.9146  2.97778  -0.0496339 -0.00902298  -0.0107929 0.0850769  0.294096 0.0302762 -0.00838365  0.00355288 4.23393e-05    0.24498   0.233647 0.00900695  0.216312 -0.127254  -9.80579 
             84.6005 -4.15469  8.28948  55.9437  5.81796 -3.64823  0.42486  1.25695 -16.9141  2.98182  -0.0495541 -0.00905479  -0.0107439 0.0810751  0.320544 0.0610365 -0.00801185  0.00367467 0.000835146  0.245285  0.235428 0.0108374  0.216765 -0.127197  -9.80578 
             84.6993 -3.51365  8.56038  56.1809  5.82722 -3.64377 0.422986 1.25526 -16.915  2.9812  -0.0494993 -0.00920486  -0.0106723  0.0518954   0.241797 0.00624797 -0.00750439  0.00328761  0.00149155  0.248313  0.237232 0.0123715  0.217342 -0.127573  -9.80576 
             84.8005 -3.29635  8.10842  57.0195   5.8395 -3.60798 0.427548  1.25287 -16.9174  2.98276  -0.0494632 -0.00912926  -0.0106647  0.0670319   0.310638 -0.0271882 -0.00805839  0.00347435 0.000703377  0.246746  0.237383 0.0115018  0.217264 -0.127165  -9.80577 
             84.8994 -4.96439  8.59622  56.7287  5.85171 -3.55948 0.430438  1.25218 -16.9182  2.98167  -0.0493998 -0.00906338  -0.0106533 0.00270909   0.375782  0.0108813 -0.00563906  0.00189361  0.00228792  0.244641  0.238323 0.0102081  0.217251 -0.126654  -9.80578 
             84.9988 -5.88587  8.67242  56.5021  5.86509 -3.51492 0.428228  1.25266 -16.9187  2.98244  -0.0493182 -0.00897093  -0.0106609  0.057016  0.319522 0.0176601 -0.00748209   0.0029339  0.00173659  0.242282  0.239396 0.0104909  0.217239 -0.126163  -9.80578 
             85.1004 -5.79765   7.8681  56.8713  5.87806 -3.49285 0.426255  1.25071 -16.9186  2.98413  -0.0492964 -0.00898342  -0.0106895  0.128134  0.270675 0.0200545 -0.00809803  0.00341265 0.000918024  0.242786  0.240278 0.0113733  0.217501 -0.126172  -9.80578 
             85.1995 -4.12698  7.92635  57.2871  5.90107 -3.45092 0.421613  1.25032 -16.9171  2.98768  -0.0492602 -0.00897659  -0.0106084   0.176125   0.369913 -0.0486869 -0.00898736   0.0030417  0.00096197 0.240245 0.241154 0.011923  0.217491 -0.125721  -9.80578 
             85.3006 -3.86305  7.87444  56.6493  5.91926 -3.42721 0.422434  1.24783 -16.9165  2.98597  -0.0492436 -0.00904448  -0.0105723    0.137533    0.331064 -0.00571829 -0.00890027  0.00281188   0.0014975  0.241653  0.242137 0.0125156  0.217868 -0.125859  -9.80577 
             85.4005 -3.69381   7.5132  57.8641  5.92807 -3.40699  0.42627  1.24587 -16.9164  2.98939 -0.0492704 -0.0090558 -0.0105678  0.101003  0.299455 0.0226826 -0.00817249  0.00352734 0.000151312  0.243414  0.242527 0.0123685  0.218114 -0.126099  -9.80576 
             85.4995 -4.37242  7.56043  57.7487  5.93734 -3.36406 0.423541  1.24411 -16.9166  2.99322  -0.0492598 -0.00904073  -0.0105604 0.0507502  0.361173 0.0697789 -0.00726862   0.0026833  0.00108014  0.242581  0.242437 0.0121497   0.21806 -0.125938  -9.80577 
             85.6005 -5.74119  7.93031  57.3555  5.94471 -3.33921 0.435371  1.24371 -16.9186  2.99484  -0.0492844 -0.00911058   -0.010629 0.0701407  0.302084 0.0426332 -0.00844518  0.00345159 0.000866077  0.244105  0.243569 0.0113285  0.21832 -0.12603 -9.80576 
             85.6996 -6.20067  6.96373  57.2022  5.95164 -3.32221 0.437006  1.24142 -16.9182  2.99764  -0.0493055 -0.00910968  -0.0106548  0.111028  0.223509 0.0316771 -0.00797083  0.00380827  0.00065077  0.245282  0.243889 0.0121662  0.218547 -0.126194  -9.80575 
             85.8005 -4.80505  6.89265  57.4003  5.97648 -3.32175 0.431107  1.24064 -16.9182  2.99888  -0.0493497 -0.00921323  -0.0105917   0.183587   0.232872 0.00393808  -0.0101539  0.00309461 0.000504148  0.247426  0.246861 0.0144157  0.219281 -0.126345  -9.80573 
             85.9005 -3.94562  6.89479  57.0006  6.00314 -3.30422 0.420711  1.24218 -16.9169  2.99858  -0.0493299 -0.00932221  -0.0105114   0.199479   0.207522 -0.0303706 -0.00921957  0.00323519  0.00125814  0.247094  0.248722 0.0166757  0.219605 -0.126241  -9.80573 
             86.0005 -3.47959  6.91221  57.3166  6.02221 -3.28807 0.422079  1.24372 -16.9167  2.99792  -0.0493379 -0.00932436  -0.0104686   0.114849    0.17938 -0.0225769 -0.00848951  0.00298129  0.00116735   0.24738  0.250076 0.0156651   0.21978 -0.126194  -9.80573 
             86.0995 -3.52955  6.17186  57.2339  6.03233   -3.278 0.417371  1.24322 -16.9168  2.99755 -0.0493668 -0.0093396 -0.0104551 0.0910041   0.26965 -0.111553 -0.00846189  0.00340088  0.00159779  0.248899  0.250502 0.0158782   0.21998 -0.126397  -9.80572 
             86.2004 -5.64362   6.8315  56.8809  6.03796 -3.24985 0.403068  1.24213 -16.9161  2.99764  -0.0493415 -0.00925675  -0.0104402  0.0552749   0.256549 -0.0723874 -0.00653649  0.00234251  0.00202946  0.248515  0.250039 0.0174639  0.219957 -0.126394  -9.80572 
             86.2996 -5.86574  6.13209  57.0314  6.04336 -3.22136 0.397468  1.24502 -16.9154  2.99983  -0.0493158 -0.00926527  -0.0104165  0.0420174    0.19274 -0.0572766 -0.00819722  0.00342815  0.00134621  0.247431  0.250089 0.0170306  0.219806 -0.126279  -9.80572 
             86.4005 -5.65362  6.06833  58.1488  6.05474 -3.20524 0.401381  1.24354 -16.9175   3.0015  -0.0493407 -0.00928705   -0.010434   0.106282   0.220605 -0.0298694 -0.00924949  0.00301642 3.25576e-05  0.247992  0.250868 0.0156028  0.219929 -0.126223  -9.80572 
             86.5005 -4.37832  7.04726  60.5775  6.06947 -3.16002 0.413473  1.24214 -16.9176  3.00177  -0.0493405 -0.00932572  -0.0103799    0.110549    0.327256 -0.00287865  -0.00916165    0.0021551 -0.000365391  0.245625  0.250778 0.0124606  0.219698 -0.125803  -9.80573 
             86.6006 -3.31262  8.08192  64.8435  6.07127 -3.13743 0.413422  1.24087 -16.9173  3.00261  -0.0494855 -0.00915993  -0.0104116 -0.0287696   0.347481  -0.126379 -0.00843019  0.00243872 -0.00132646   0.24754  0.251473 0.0120506  0.219958 -0.126038  -9.80572 
             86.7006 -4.22684  9.16014  71.2219  6.06246 -3.11666 0.402816  1.23805 -16.9155  3.00154  -0.0495752 -0.00886104  -0.0104925 -0.0647439   0.325781  -0.130297 -0.00669426  0.00260964 -0.00354633  0.249371   0.25148 0.0124068  0.220196 -0.126326  -9.80571 
             86.7997 -4.57312  10.5151  74.4184  6.05909 -3.07697 0.393468  1.24128 -16.9161  2.99376  -0.0496983 -0.00899039  -0.0104741  -0.037979   0.349466 -0.0059006 -0.00640993  0.00172046 -0.00159737  0.248751  0.252459 0.0116638  0.220212 -0.126164  -9.80572 
             86.8995 -3.94665  11.1705  77.0558  6.06094 -3.05059 0.405453  1.24137 -16.9182  2.99135  -0.0499052 -0.00893206  -0.0105196 -0.0439711   0.338814  0.0715303   -0.0072252   0.00328847 -0.000782368  0.249959  0.254114 0.0104242  0.220502 -0.126136  -9.80571 
             86.9995 -5.04156  11.2691  78.5999  6.05214 -3.01494 0.418652  1.24179 -16.9183  2.99085  -0.0498951 -0.00896784  -0.0104665 -0.0166862   0.339111  0.0213589  -0.00662947   0.00367259 -0.000851064   0.250049   0.252998 0.00929698  0.220296 -0.126251  -9.80571 
             87.1006 -4.46962  11.0847  79.7577  6.05662 -3.00263 0.420563  1.23989 -16.9171  2.98975  -0.0498949 -0.00890187  -0.0104914  0.0312388   0.355341 -0.0120193  -0.0071294  0.00320108 0.000396264  0.253171  0.254825 0.0095133  0.220967 -0.126524  -9.80569 
             87.2005 -3.57855  11.7959  81.2998  6.06939 -2.97242 0.426253  1.23951 -16.9171  2.99024   -0.049816 -0.00887514  -0.0104626 0.0900861  0.302358 0.0518471 -0.00826196  0.00217182 0.000275032   0.253923   0.256577 0.00854513  0.221302 -0.126393  -9.80569 
              87.299 -3.02349  11.1473  82.5878  6.07352 -2.94419 0.433339  1.23744 -16.9181  2.99021  -0.0498454 -0.00885051  -0.0104854 0.0811561  0.243952 0.0152631 -0.00749597  0.00395594 0.000767664   0.254031   0.255483 0.00767519  0.221149 -0.126466  -9.80569 
             87.3994 -3.05011  10.4716  82.6738   6.0801 -2.93556 0.431351   1.2373 -16.9175  2.98852  -0.0499267 -0.00894179  -0.0104449 0.111028 0.182405  0.10928 -0.00691814  0.00400968   0.0021616   0.255584   0.255256 0.00934846   0.22138 -0.126779  -9.80568 
             87.4992 -3.75204  9.85563  81.6481  6.08843 -2.92069 0.420057 1.23789 -16.918 2.98774 -0.0500593 -0.0090068 -0.0104144 0.132408 0.205846 0.118427 -0.00506523  0.00331687  0.00348554  0.256749  0.255009 0.0121078  0.221552 -0.127064  -9.80567 
             87.5993 -4.8678 9.53876 76.7248  6.08794 -2.89175 0.440043  1.23871 -16.9174  2.98715  -0.0506644 -0.00892948  -0.0103463  0.145188  0.180599 0.0782069 -0.00749535  0.00418329  0.00481518   0.255444   0.252106 0.00971266 0.220868 -0.12732 -9.80569 
             87.7005 -5.88976  8.99201  70.3895  6.10908 -2.88166  0.43965  1.2406 -16.919 2.98308  -0.050583 -0.0089877 -0.0103502  0.258499  0.110675 0.0195853 -0.0075642 0.00301831 0.00600137  0.256202  0.252631 0.0113597  0.221024 -0.127386  -9.80568 
             87.8007 -4.74388  10.4941  63.9249  6.13849 -2.87253 0.442838 1.23986 -16.919 2.98196  -0.0506087 -0.00902518  -0.0103502    0.283527    0.109886 -0.00564744  -0.0102241 0.000488197  0.00636138  0.256642  0.252499 0.0107236  0.221068 -0.127431  -9.80568 
             87.8996 -3.52841  11.5617  58.8842  6.15974 -2.85732 0.437654  1.24155 -16.9184  2.97791   -0.050789 -0.00911368  -0.0104558  0.137824  0.226393 0.0441775 -0.0102945 0.00129777  0.0056218  0.256673   0.25167 0.0109538  0.220947 -0.127607  -9.80568 
             88.0005 -4.4296 11.0321 55.1356  6.16128 -2.83153 0.446779  1.24161 -16.9182  2.97664 -0.0512144 -0.0090134 -0.0105403 0.146028 0.130275 0.156184 -0.00825234  0.00313179  0.00433185  0.255382  0.248843 0.0114707  0.220376 -0.127809  -9.80569 
             88.0996 -3.27145  11.0659  52.1921  6.16522 -2.81428 0.456682  1.24173 -16.9188  2.97521  -0.0514176 -0.00899942  -0.0107002 0.172879 0.093724 0.110989 -0.00996893  0.00167581  0.00431887  0.254963  0.245581 0.0115492  0.219825 -0.128105   -9.8057 
             88.2005 -2.5608 10.5556 47.7504  6.18785 -2.79292 0.462433  1.24337 -16.9205    2.975  -0.0514891 -0.00886029  -0.0107169   0.21161  0.230008 0.0418466 -0.00981132  0.00252746  0.00456162  0.253452  0.246142 0.0119349  0.219672 -0.127842  -9.80571 
             88.3005 -4.72066  10.6983  43.0476  6.20323 -2.77515 0.471841  1.24224 -16.9224  2.97858  -0.0514878 -0.00886264  -0.0107097 0.145237 0.166441 0.113287 -0.00699125  0.00156913  0.00404198  0.253995  0.245677 0.0121843  0.219641 -0.127906  -9.80571 
             88.4004 -5.18885  10.1762  36.9641 6.22163 -2.7633  0.4684  1.24208 -16.9248  2.97887  -0.0515355 -0.00881492  -0.0107144   0.228325  0.0781722 0.00115956 -0.00927754  0.00109281  0.00427171  0.253977  0.245332 0.0141176  0.219589 -0.127924  -9.80571 
             88.5005 -4.27474  11.3126  30.4742  6.24254 -2.76963 0.452884  1.24212 -16.9253  2.97708  -0.0514212 -0.00888812  -0.0107119   0.214071 0.00573039  -0.077176    -0.011438 -0.000205515   0.00432499  0.254723  0.245253 0.0170696 0.219671 -0.12809  -9.8057 
             88.5997 -3.64796  11.5209  22.9882  6.26808 -2.75077 0.444623  1.24274 -16.9239  2.97594  -0.0516238 -0.00868266  -0.0106991 0.0728334 0.0969575  0.032698  -0.0117814 0.000149815  0.00481574  0.252046  0.245341 0.0165698  0.219564 -0.127808  -9.80571 
             88.7006 -4.39686  11.6934  16.3354  6.28502 -2.72985 0.448786  1.24187 -16.9249  2.97631  -0.0519085 -0.00835724   -0.010667 -0.00684142   0.0257842   0.0864797  -0.0116473 0.000279795  0.00453753   0.24873  0.245966 0.0170512  0.219573 -0.127502  -9.80571 
             88.8005 -3.42649  11.4463  12.4792  6.29516 -2.72647 0.447779  1.24123 -16.9238  2.97568   -0.052084 -0.00826547  -0.0106777 -0.0420706  0.0666521  0.0663005  -0.0124777 1.97137e-05  0.00406635  0.246602  0.247105 0.0180975  0.219728 -0.127437  -9.80571 
             88.9004 -2.75031  11.1586  9.87608  6.29472 -2.71282 0.455311  1.23991 -16.9222  2.97853  -0.0521853 -0.00830182  -0.0107178 -0.0441459   0.116716  0.0664442 -0.0122258 0.00027649 0.00214855  0.245237  0.246919 0.0175619  0.219751 -0.127363  -9.80571 
             88.9996 -3.46427  11.2257  7.32013  6.30149 -2.70619 0.460081   1.2406 -16.9224  2.97822  -0.0523783 -0.00840447  -0.0107775 -0.0193354   0.069735  0.0664943   -0.0110819 -0.000154702   0.00218184  0.243734  0.248087 0.0178695  0.219903 -0.127412  -9.80571 
             89.1005 -3.75334  10.8081  3.91213  6.30319 -2.69883 0.464434  1.23965 -16.9221  2.97688  -0.0524029 -0.00844714  -0.0107922 -0.000466939    0.0211136    0.0691823   -0.0112414 -0.000108089   0.00247927  0.243171  0.247681 0.0180577  0.219923 -0.127392  -9.80571 
             89.2004 -3.55366  10.6309 -1.10461  6.30606 -2.70648 0.465094  1.23889 -16.9214  2.97968  -0.0524883 -0.00841144  -0.0108222 -0.0464104 -0.0335503  0.0480195   -0.0127013 -0.000263331   0.00318391  0.242333  0.248425 0.0191957  0.219981 -0.127488   -9.8057 
             89.3005   -2.755  10.3345 -8.16419  6.30272   -2.721 0.466952  1.24004 -16.9206  2.98228  -0.0525477 -0.00832926  -0.0108379  -0.122364 -0.0976105  0.0391301   -0.0137793 -0.000648708   0.00472927   0.24152  0.249567 0.0199759   0.22002 -0.127606   -9.8057 
             89.4005 -2.22489  10.0728 -16.3464  6.30744 -2.74863 0.462373 1.24072 -16.921 2.98409  -0.0527667 -0.00790799  -0.0109046 -0.144287 -0.162786 0.0059289   -0.013489 -0.00113969  0.00589329  0.238668  0.251705 0.0210212  0.220163 -0.127996  -9.80569 
             89.5004 -1.20654  10.6304 -24.8277  6.30549 -2.77085 0.467636  1.23988 -16.9213  2.98434   -0.053069 -0.00768495    -0.01098 -0.147532 -0.333456 -0.105123  -0.0160619 -0.00262496  0.00575887 0.237023 0.251181  0.01824  0.220382 -0.128163  -9.80569 
             89.5996 0.271489  13.1863  -33.288  6.30331 -2.78533 0.455117 1.23524 -16.922 2.98488  -0.0532067 -0.00773192  -0.0110021 -0.0557588  -0.160933   0.124055  -0.0159281 -0.00300547  0.00511726  0.235094  0.248995 0.0206624  0.220593 -0.128223  -9.80568 
             89.7004 -1.69763  11.5021 -42.1369  6.33218 -2.78448 0.464385  1.23606 -16.9229   2.9876  -0.0540279 -0.00747345  -0.0110923  0.0840179 -0.0264479 -0.0218123    -0.01401 -0.00128496  0.00502097  0.230925  0.247103 0.0194175  0.221155 -0.128721  -9.80566 
             89.8004 -2.60602  11.6122 -47.2373  6.35012 -2.77883  0.45989  1.23668 -16.9205  2.99235  -0.0543836 -0.00752098  -0.0110665 0.0349365 0.0362702 -0.022734  -0.0157231 -0.00198484  0.00297198  0.227722  0.245322 0.0207761  0.221568 -0.129015  -9.80565 
             89.9004 -1.68419  11.0459 -50.3406  6.37584 -2.76822 0.458526  1.23653 -16.9203  2.98912   -0.054567 -0.00788918  -0.0111712   0.0633464   0.0491746 -0.00143801  -0.0150763 -0.00253788  0.00158629 0.224737 0.242659  0.02024  0.222153 -0.129473  -9.80563 
             90.0006 -1.74449  10.7879 -52.1591  6.38801 -2.76334 0.459273  1.23743 -16.9202  2.99064  -0.0545399 -0.00801821  -0.0111791   0.0904339 0.000102391  -0.0400474  -0.0154419 -0.00231134 0.000554636 0.224251 0.242175  0.01959  0.222303 -0.129568  -9.80562 
             90.1004 -2.11262   10.893 -53.5585  6.39228 -2.76889 0.451426  1.24017 -16.9165  2.99396  -0.0546211 -0.00787743  -0.0111978  0.0780227  -0.042569 -0.0612256  -0.0153557 -0.00257972 0.000425357 0.223795 0.243684  0.02037  0.222088 -0.129513  -9.80563 
             90.2004 -1.22246  11.2902 -54.7597  6.39849 -2.77771  0.44611  1.24387 -16.9173  2.99286  -0.0547258 -0.00775673  -0.0111994    0.18228 -0.0704223 -0.0404057  -0.0157836 -0.00267845 0.000236749  0.224283  0.245176 0.0206673  0.221878 -0.129417  -9.80564 
             90.3006 -1.02579  11.0304 -55.8688   6.4246 -2.80088 0.448026   1.2434 -16.9188   2.9919  -0.0548626 -0.00798508  -0.0112599   0.183605  -0.121214 -0.0364503   -0.015318 -0.00265043 -0.00101566  0.222381   0.24563 0.0193764  0.221776 -0.129987  -9.80563 
             90.4005 -1.39763  10.8858 -56.3759   6.4387 -2.82535 0.446201  1.24497 -16.9184  2.99055  -0.0551245 -0.00795372  -0.0113191   0.17379 -0.128936 -0.039323   -0.0149714  -0.00257164 -0.000435674  0.221633  0.247801 0.0188761  0.221346 -0.130123  -9.80564 
             90.4996 -1.7761 10.6275 -57.233  6.45506  -2.8294 0.445198  1.24556 -16.9187   2.9893  -0.0550074 -0.00792949  -0.0112828   0.136487  -0.100218 -0.0293606   -0.0150688  -0.00232715 -5.19298e-05  0.222555  0.247051 0.0184623  0.221551 -0.129972  -9.80564 
             90.5991 -1.76378  10.5751 -57.4017  6.46569 -2.83828 0.444708  1.24616 -16.9185  2.99012  -0.0550632 -0.00788641  -0.0112956   0.149503  -0.104294 -0.0248621   -0.0154907  -0.00225673 -0.000253329  0.222912  0.247842 0.0181307  0.221419 -0.129859  -9.80564 
             90.7004   -2.184  10.4535 -58.1558  6.48313 -2.84857 0.443425  1.24432 -16.9179  2.99069  -0.0550034 -0.00789977  -0.0112737     0.11886   -0.120266 -0.00265727   -0.0155981  -0.00270868 -0.000420992 0.222718 0.246807 0.017971  0.221586 -0.129934  -9.80564 
             90.7995 -2.25274  10.7405 -58.2951  6.49277 -2.85214 0.442914  1.24651 -16.9191   2.9891  -0.0549181 -0.00783945  -0.0112493   0.0790979   -0.153024 -0.00257976   -0.0153191  -0.00239596 -0.000493508  0.223998  0.246291 0.0183842  0.221821 -0.129714  -9.80563 
             90.9005 -1.71166  11.1484 -58.5731  6.49837  -2.8638 0.443269  1.24542 -16.9207  2.99235  -0.0548963 -0.00776612  -0.0112528  0.106512 -0.186217    0.0438   -0.0159186  -0.00287052 -0.000490708  0.225594  0.246237 0.0186279  0.221899 -0.129378  -9.80564 
             91.0004 -0.894041   11.1418  -58.4557  6.50993 -2.89611 0.444814  1.24569 -16.9211  2.99219  -0.0549386 -0.00786616  -0.0112558 0.0912658 -0.235047 0.0596003  -0.0170331 -0.00239006 -0.00120106  0.223793  0.246604 0.0191059  0.221704 -0.129758  -9.80564 
             91.0996 0.219284  10.4986 -57.6642  6.52597 -2.91643 0.450794  1.24924 -16.9189  2.99575  -0.0548728 -0.00783676  -0.0112767  0.192062 -0.263891  0.014227  -0.0158137 -0.00189233 -0.00158862  0.223714  0.246385 0.0186045  0.221916 -0.129768  -9.80563 
             91.2006 -1.17203  11.1859 -58.6457    6.549 -2.94782 0.447858  1.24887 -16.9192  2.99769  -0.0548789 -0.00784691  -0.0112701   0.20293 -0.261766  0.160344   -0.0139579  -0.00286568 -0.000120736  0.223172  0.246425 0.0199066  0.221868 -0.129824  -9.80563 
             91.3004 -1.59349  9.98531 -58.7559   6.5685 -2.98851 0.462929  1.25168 -16.9186  2.99829  -0.0548822 -0.00793476  -0.0112982  0.182429 -0.320617 0.0866435   -0.0142199 -0.000973073  -0.00010942  0.221261  0.247625 0.0192061  0.221571 -0.130205  -9.80563 
             91.4004 -2.02981  9.68743 -58.5323  6.58838 -3.03377 0.463994  1.25283 -16.9193  2.99736  -0.0548715 -0.00796054  -0.0113056    0.16276   -0.36897 0.00511441   -0.0156448  -0.00220601 -0.000798998  0.219704  0.247437 0.0191662 0.221522  -0.1306 -9.80563 
             91.4996 -1.79322  10.5122 -58.1523  6.60314 -3.06528  0.45443  1.25376 -16.9184  2.99888  -0.0548757 -0.00794378   -0.011323   0.217675  -0.393449 -0.0311002   -0.0150838   -0.0029603 -0.000955536  0.220413  0.248101 0.0212454  0.221483 -0.130277  -9.80563 
             91.6005 -1.88982  10.4118  -58.471  6.62559 -3.11722 0.452749  1.25485 -16.9202  2.99813  -0.0548636 -0.00797023  -0.0113142    0.20114  -0.455207 -0.0686882   -0.0153785  -0.00260424 -0.000769448  0.219275  0.248295 0.0205007  0.221366 -0.130617  -9.80563 
             91.7004 -1.48879  10.7542 -58.2615  6.65321 -3.15182 0.457028  1.25636 -16.9193  2.99662   -0.054856 -0.00791457  -0.0113145  0.135324 -0.377862 0.0675871  -0.0142973 -0.00160559  -0.0001612  0.21897 0.246425 0.020427    0.2218 -0.130803  -9.80562 
             91.8005 -0.426718   9.68451  -57.4565  6.67041 -3.16517 0.458477  1.25622 -16.9183  2.99749  -0.0549027 -0.00782438  -0.0113776  0.107541 -0.330819 0.0468998   -0.0158164   -0.0015766 -0.000831207   0.22165  0.243933 0.0212002   0.22255 -0.130328  -9.80561 
             91.9006 0.0878765   9.24007  -57.4495  6.67998 -3.19799 0.469754  1.25787 -16.9188  2.99804  -0.0548867 -0.00778073   -0.011386  0.0951241   -0.39264 -0.0166533   -0.0157639  -0.00133348 -0.000491874 0.222238 0.243804 0.019633  0.222667 -0.130314  -9.80561 
             91.9996 -0.395472   9.54507  -58.2953  6.69144 -3.24603 0.465957  1.25838 -16.9174  3.00035  -0.0548517 -0.00781548  -0.0113752 0.0951999 -0.420344 0.0672921  -0.0139823  -0.0026263 0.000844152 0.221128 0.244834 0.019759  0.222417 -0.130427  -9.80561 
             92.1004 -0.423315   10.0509  -60.0083  6.71262 -3.26646 0.468035  1.25586 -16.9172  2.99981  -0.0550314 -0.00771964  -0.0113923  0.120263 -0.397913 0.0107657   -0.015878 -0.00226797 0.000996924  0.223004  0.240908 0.0207974 0.223301 -0.13022 -9.80559 
             92.2005 -1.65052  9.18786 -62.5934    6.723 -3.30012 0.474126  1.25146 -16.9156  3.00668  -0.0550974 -0.00773441  -0.0113689 0.00321694  -0.442687 -0.0491721  -0.0149325 -0.00178366  0.00182658  0.223906  0.239411 0.0189635  0.223599 -0.130102  -9.80559 
             92.3004 -0.256885   10.1294  -65.8857  6.72342  -3.3409 0.465214  1.25034 -16.9144  3.00774  -0.0551922 -0.00772641  -0.0114007 -0.0333385  -0.477698 -0.0995922  -0.0172653 -0.00304895  0.00326225    0.2241  0.238123 0.0197611  0.223873 -0.130064  -9.80558 
             92.4003 0.612644  9.81098 -71.0341  6.73192 -3.39982 0.449737  1.25207 -16.9132  3.00894 -0.0554648 -0.0074911 -0.0115013 -0.0651093   -0.55736  -0.132417  -0.0170939 -0.00219986  0.00577483  0.221848  0.236129 0.0201495  0.224197 -0.130651  -9.80557 
             92.5004 0.786015  10.3245 -76.0924  6.72938 -3.43841 0.452318  1.25035 -16.9128  3.00971  -0.0558352 -0.00755865  -0.0116088 -0.179242 -0.528855  0.059465  -0.0162987 -0.00341081  0.00581437  0.224054  0.233474 0.0184784  0.224864 -0.130442  -9.80555 
             92.6006 0.612822  10.2783 -82.9524  6.72054 -3.43694 0.478338  1.24589 -16.9119  3.00885  -0.0567013 -0.00803453  -0.0117904 -0.325856 -0.436193 0.0527933  -0.0174609 -0.00257401  0.00696116   0.23019  0.227466 0.0162572  0.226464 -0.129689  -9.80553 
             92.7004  2.84331  11.1947 -90.4525  6.69621 -3.46802 0.480116   1.2477 -16.9135  3.00461  -0.0572823 -0.00813824  -0.0120442  -0.459159  -0.398485 0.00263509  -0.0207591 -0.00325223  0.00833185  0.231021  0.224053 0.0167714 0.227266 -0.12992 -9.80551 
             92.8005  2.19053  11.7458 -99.4034  6.67032 -3.50864 0.469839  1.24811 -16.9132  2.99985   -0.057641 -0.00830153  -0.0121454 -0.338524 -0.413506  0.018642  -0.0160289 -0.00436509   0.0100663  0.231174  0.221803 0.0184503  0.227766 -0.130072  -9.80549 
             92.9005 0.436915   12.809 -107.587  6.65325 -3.55091 0.466701  1.25085 -16.9106  2.99697  -0.0582891 -0.00844428  -0.0120991  -0.347863   -0.40661 -0.0525555  -0.0171096 -0.00457653  0.00811658  0.230457  0.218556 0.0181781  0.228486 -0.130636  -9.80547 
             93.0004 -0.111323   13.8582  -116.305  6.63989 -3.58579 0.464407 1.25255  -16.91 2.99313   -0.058843 -0.00882709  -0.0121025 -0.290723 -0.384966  -0.11603  -0.0183419 -0.00427768  0.00812015  0.231057  0.215049 0.0172852  0.229334 -0.131095  -9.80544 
             93.0995 0.606464  14.0166 -122.595  6.62797 -3.62087 0.459307 1.25198 -16.909 2.99569   -0.059171 -0.00925031  -0.0121831  -0.196334  -0.359438 0.00846436  -0.0200405 -0.00454137  0.00497465  0.231472   0.21099 0.0163703  0.230245 -0.131685  -9.80541 
             93.2005 -1.03066  13.6973 -129.466  6.61143 -3.64359 0.471773  1.25396 -16.9086  2.99447  -0.0591673 -0.00948562  -0.0121353 -0.268997 -0.201116  0.131978  -0.0173777 -0.00274787  0.00532057  0.232418  0.210001 0.0155351  0.230639 -0.131756   -9.8054 
             93.3004 0.478149  13.9023 -135.535  6.58515 -3.66254 0.473482   1.2545 -16.9072  2.99418 -0.0591293 -0.0096287  -0.012158 -0.329574 -0.173094 0.0437039  -0.0205624 -0.00493413  0.00515571   0.23219  0.209013 0.0165282  0.230886 -0.131934  -9.80539 
             93.4005  1.06155  14.1922 -142.578  6.55051  -3.7051 0.469988   1.2505 -16.9084  2.99915   -0.059311 -0.00958946  -0.0122715  -0.320936     -0.312 -0.0779595  -0.0205905 -0.00528542  0.00593339  0.229859  0.207765 0.0166524  0.230555 -0.132588  -9.80539 
             93.5005 -0.310859   14.6689  -146.453  6.52489   -3.727 0.474713 1.25199 -16.907 2.99808  -0.0591972 -0.00962808  -0.0122444 -0.252226 -0.292686 0.0248973  -0.0196741 -0.00541451  0.00336734  0.230779  0.207803 0.0166992 0.230815 -0.13242 -9.80539 
             93.6004 -0.290344   14.3916  -149.145  6.49533  -3.7426 0.476237 1.25163 -16.906 3.00092   -0.059296 -0.00951726  -0.0122557  -0.267492  -0.270499 0.00811442  -0.0202329 -0.00520483  0.00181477  0.231381  0.209544 0.0170989  0.230741 -0.131819   -9.8054 
             93.7005 0.0640366   13.4868   -152.72  6.46647  -3.7519 0.475358  1.25126 -16.9052  3.00095  -0.0592969 -0.00931477  -0.0122013  -0.309034  -0.265134 -0.0466454 -0.0202426 -0.0045374 0.00260968  0.233439  0.211536 0.0173103  0.230969 -0.130948  -9.80541 
             93.7995 0.162602  13.3344   -153.9  6.42828 -3.75986 0.470101  1.25242 -16.9044  3.00221  -0.0594616 -0.00921625  -0.0122088  -0.368916  -0.190263 -0.0772952  -0.0204495 -0.00549806 0.000473588  0.234165  0.213973 0.0172394  0.230901 -0.130216  -9.80542 
             93.9005 0.365059  13.2206 -155.105  6.39165 -3.77295 0.467687  1.25399 -16.9049   2.9992  -0.0596355 -0.00921789  -0.0122336  -0.311779  -0.193531 0.00825815   -0.019004 -0.00501985 0.000487864  0.234007  0.215606 0.0176898  0.230697 -0.129825  -9.80543 
             94.0004 0.113183  12.7321 -155.068  6.36349 -3.78092 0.463171 1.25539 -16.905 2.99755   -0.059674 -0.00905918  -0.0122184  -0.299235  -0.161112 0.00730576   -0.0190189   -0.0056304 -0.000891461  0.235172  0.216636 0.0187291  0.230942 -0.129451  -9.80543 
             94.0996 0.576997  12.5626 -154.869  6.33053 -3.77823 0.456128  1.25767 -16.9046  2.99576  -0.0598729 -0.00888391  -0.0122244  -0.387959   -0.13788 -0.0486814   -0.019239 -0.00526379 -0.00187121  0.236429  0.219283 0.0198384  0.231115 -0.128667  -9.80543 
             94.2005 0.653204  12.9315 -154.995  6.29105 -3.79387 0.449613  1.25999 -16.9056   2.9951  -0.0599157 -0.00877986  -0.0122305 -0.401809 -0.180161 0.0313028  -0.0184189 -0.00615437 -0.00172847  0.237608   0.22033 0.0197191   0.23131 -0.128407  -9.80543 
             94.3004 -0.737723   13.9281  -156.616  6.26836 -3.82107 0.455415  1.26117 -16.9052  2.99485 -0.0597952 -0.0086243 -0.0122371 -0.308279 -0.235214 0.0530303   -0.0190859  -0.00491237 -0.000708476  0.239901  0.218007 0.0201097  0.232104 -0.128946  -9.80541 
             94.4005 -1.52984   13.339 -157.163  6.24007 -3.83645 0.462109  1.26168 -16.9041  2.99649  -0.0598168 -0.00854793  -0.0122353 -0.341247 -0.167535 0.0420475  -0.0190734 -0.00453331  -0.0010407  0.241104  0.218071 0.0198645   0.23245 -0.128884   -9.8054 
             94.5004 -0.500814   12.9335  -156.333  6.20372 -3.86343 0.456945  1.26259 -16.9038  2.99524  -0.0597766 -0.00858014   -0.012233  -0.410526  -0.252648 -0.0284519  -0.0187292 -0.00441005 -0.00183537  0.240498  0.217274 0.0209906  0.232419 -0.129141   -9.8054 
             94.6003 -0.165934   12.7555  -156.712  6.16488  -3.8757 0.452681  1.26232 -16.9027  2.99662 -0.0598832 -0.0085058 -0.0122466  -0.40387 -0.188368 0.0677133  -0.0203869 -0.00548909 -0.00207068  0.242181  0.218087 0.0218009  0.232895 -0.128811  -9.80539 
             94.7005 -0.603425   12.7907  -156.329  6.13159  -3.8827 0.451968  1.26495 -16.9033  2.99569  -0.0599943 -0.00848359  -0.0122729 -0.346201 -0.157082   0.02001  -0.0180851 -0.00422548 -0.00168524  0.243483  0.219973 0.0228256  0.233179 -0.128345  -9.80539 
             94.7995 0.157179  12.0737 -155.756  6.10325 -3.89087 0.450828  1.26571 -16.9012  2.99551   -0.060086 -0.00845318  -0.0122724   -0.361078   -0.140714 -0.00969196  -0.0188839  -0.0041966 -0.00206918  0.244624  0.220522 0.0238026   0.23359 -0.128143  -9.80538 
             94.9003 0.793984  11.5512 -155.515  6.07234 -3.89091 0.444522    1.267 -16.8996  2.99607  -0.0602842 -0.00845149  -0.0122448  -0.405622  -0.253827 -0.0707342  -0.0191194  -0.0043005 -0.00145094  0.247165   0.22298 0.0248033  0.234251 -0.127411  -9.80537 
             94.9995 -1.36146  13.1567 -155.487  6.03848 -3.91522 0.442727  1.27084 -16.9002  2.99253  -0.0603248 -0.00844316  -0.0122781 -0.364951 -0.255492 0.0418939  -0.0172936 -0.00576439 -0.00103038  0.248269  0.223329 0.0254136  0.234538 -0.127408  -9.80537 
             95.1005 -1.48632  12.4091 -153.587  6.02055 -3.93514 0.451895  1.27131 -16.8996  2.99275  -0.0604504 -0.00832839  -0.0122711 -0.350475 -0.202252  0.039708  -0.0182408  -0.0037043 -0.00286586   0.25182  0.222276 0.0252948 0.235507 -0.12752 -9.80534 
             95.2004 -0.0152223    12.0423   -151.551  5.99147 -3.96823 0.456877  1.27175 -16.8993  2.99152  -0.0603926 -0.00821741  -0.0122918 -0.417458 -0.233217 0.0264402  -0.0190851 -0.00405811   -0.002743  0.252847  0.219922 0.0253282 0.235888 -0.12807 -9.80533 
             95.3003 0.944075  11.6862 -150.136  5.95946 -3.98843 0.449472  1.27241 -16.8988  2.99301  -0.0604435 -0.00822349  -0.0123387 -0.351693 -0.239041  0.126179  -0.0199605 -0.00487863 -0.00295428  0.254214  0.219506 0.0281908  0.236414 -0.128082  -9.80531 
             95.4005 1.20204 10.9689 -148.35  5.93634  -4.0088 0.466598  1.27362 -16.8986  2.99287  -0.0604888 -0.00816741  -0.0123381 -0.277963 -0.255929  0.133434  -0.0178972 -0.00372892 -0.00325374  0.256103  0.219676 0.0274952   0.23686 -0.127992   -9.8053 
             95.5003 0.858067  10.7601 -147.761  5.91465 -4.03899 0.469943  1.27425 -16.8979  2.99228    -0.06054 -0.00814651  -0.0123312 -0.277918 -0.356713 0.0346989  -0.0176103 -0.00421929 -0.00226429  0.257048   0.21889 0.0289089  0.237226 -0.128121  -9.80529 
             95.6005 -0.831156   11.0268  -147.991  5.89621  -4.0652 0.466721 1.27383 -16.897 2.99387  -0.0606163 -0.00813343  -0.0123339  -0.26003 -0.315939 0.0818584  -0.0167979 -0.00451286 -0.00103111  0.258474  0.219362 0.0315101  0.237692 -0.127856  -9.80529 
             95.7004 -1.48411  10.5275 -148.294  5.87627 -4.08782 0.465834 1.27426 -16.897 2.99127  -0.0606758 -0.00814753  -0.0123345 -0.254719 -0.251907 0.0775149   -0.0172365   -0.0039936 -0.000124518  0.259486  0.219878 0.0335413 0.237983 -0.12764 -9.80528 
             95.8003 -1.12279   10.439 -147.522  5.84852 -4.10948 0.472606  1.27535 -16.8966  2.99189  -0.0606996 -0.00816755  -0.0123364 -0.327832 -0.247409 0.0678906  -0.0190307 -0.00441685 -0.00161965  0.259898  0.219848 0.0338137   0.23812 -0.127656  -9.80528 
             95.9004 -0.636037   10.0943  -147.417  5.81605 -4.13656 0.463774  1.27579 -16.8965  2.99047  -0.0607428 -0.00819133  -0.0123608  -0.432213  -0.240443 -0.0170108   -0.0181021   -0.0035733 -0.000756698   0.26025  0.219354 0.0360515  0.238325 -0.127717  -9.80527 
             96.0004  1.14576  10.9224 -146.789  5.77748 -4.15227 0.465921  1.27612 -16.8952  2.99078  -0.0607166 -0.00827139  -0.0123266 -0.361759 -0.221869 0.0341971  -0.0188282 -0.00432912 -0.00117329  0.260489  0.220509 0.0368409  0.238393 -0.127419  -9.80527 
             96.1003 0.769259  10.1931 -146.498   5.7549 -4.16047 0.462413  1.27413 -16.8945  2.99156  -0.0607755 -0.00839331  -0.0123469 -0.349836 -0.186274 0.0178472  -0.0177995 -0.00351299 -0.00135376  0.262957  0.221026 0.0388816  0.239004 -0.127013  -9.80527 
             96.1994 -0.149424   10.1554  -146.346  5.73732 -4.19783 0.450085  1.27308 -16.8958  2.99552  -0.0609285 -0.00831741  -0.0123324 -0.327539 -0.233218  0.101271  -0.0162922 -0.00451378 -0.00100456   0.26523  0.217468 0.0412029  0.239784 -0.127602  -9.80524 
             96.3004 -1.59779  9.99839 -149.112  5.71309 -4.21431 0.455023  1.27216 -16.8963  2.99661  -0.0610218 -0.00840574  -0.0123081 -0.322717 -0.167704 0.0188091   -0.018222 -0.00279272  0.00110333  0.267028  0.217147 0.0417691    0.2402 -0.127516  -9.80523 
             96.4005 -2.41884  9.53494  -152.03  5.68857 -4.21518 0.450225  1.27225 -16.8954  2.99666 -0.0611643 -0.0086096   -0.01228  -0.396457  0.0166066 -0.0207131  -0.0183313 -0.00344112  0.00144846  0.269281  0.217113 0.0429512  0.240775 -0.127341  -9.80522 
             96.5005 -0.525289   11.3602  -156.282   5.6481  -4.2039 0.443926  1.27339 -16.8955  2.99618  -0.0611137 -0.00880339  -0.0123248   -0.45905  0.0244615 -0.0653666  -0.021335 -0.0058709 0.00311939  0.270387  0.217829 0.0438859  0.241012 -0.127132  -9.80521 
             96.6004 -0.0977532    12.7436   -160.609  5.60983 -4.18776 0.429485  1.27343 -16.8948  2.99739   -0.061007 -0.00919294  -0.0124616  -0.445751 -0.0293116 -0.0111382  -0.0196445 -0.00521784  0.00348738   0.27265  0.218969 0.0453796  0.241526 -0.126703  -9.80521 
             96.7005 -1.17792  12.5383 -164.693  5.57838 -4.16761  0.43313  1.27192 -16.8935  2.99798  -0.0609326 -0.00955895  -0.0125362   -0.4217   0.13619 0.0280158  -0.0180376 -0.00426293  0.00240968  0.275318   0.21979 0.0464951  0.242131 -0.126276   -9.8052 
             96.7995 0.420987  13.5415 -169.733  5.54278 -4.15193 0.436079 1.26872 -16.891 3.00218  -0.0610475 -0.00969765  -0.0126386  -0.439237   0.222805 0.00405064  -0.0211813 -0.00538227  0.00350855   0.27636  0.218301 0.0463911  0.242514 -0.126441  -9.80519 
             96.9004 0.690329  13.2102 -174.365  5.50795 -4.13253 0.425977 1.26739  -16.89 3.00125  -0.0611645 -0.00996564  -0.0126945 -0.599086  0.133416 -0.209122   -0.019887 -0.00378737  0.00230945  0.278679  0.216832 0.0467769  0.243129 -0.126618  -9.80517 
             97.0003 -2.2143 14.0568 178.328  5.45643 -4.14842 0.423507  1.26505 -16.8882   3.0036  -0.0616852 -0.00992287  -0.0126527 -0.515101 0.0720242 -0.115839  -0.0190234 -0.00488257  0.00369488  0.277824  0.211884 0.0454835  0.243141 -0.127739  -9.80515 
             97.1005 -1.72694  13.8166   175.33  5.41985 -4.15282 0.420743  1.26536 -16.8891  3.00249 -0.0618459 -0.0100651  -0.012601 -0.475244 0.0704721 -0.132471  -0.0208494 -0.00490132   0.0013012  0.280416  0.208663 0.0441709  0.243711 -0.128471  -9.80513 
             97.2004 -0.913931   13.5541   172.141  5.38021 -4.17384 0.420054  1.26601 -16.8892  3.00114 -0.0618867 -0.0100219 -0.0125775  -0.512671 -0.0174246   -0.14415   -0.020604 -0.00438223   0.0011308  0.282489  0.204544 0.0418493 0.244123 -0.12947 -9.80511 
             97.2995 -0.560213    13.594   170.189  5.34792 -4.15866 0.411289  1.26538 -16.8883  3.00249  -0.0617969 -0.00992507   -0.012439 -0.481636  0.037947 -0.132572   -0.0209552  -0.00472469 -0.000172914  0.286347  0.205874 0.0412924   0.24496 -0.129163  -9.80509 
             97.4005 -0.772867   13.1438   169.501   5.3192 -4.16316 0.407118  1.26569 -16.8902  3.00342  -0.0617111 -0.00969665  -0.0123209  -0.412198 -0.0694673  -0.071934  -0.0187776 -0.00338223 -0.00120531  0.289674  0.205487 0.0412536  0.245591 -0.129328  -9.80507 
             97.5004 -0.688597   12.7674   170.264  5.28767 -4.17346 0.402823    1.267 -16.8893  3.00267  -0.0616331 -0.00950891  -0.0122498  -0.365382  -0.146137 -0.0886222  -0.0197206 -0.00447314 -0.00258948  0.291192  0.205353 0.0405422  0.245901 -0.129452  -9.80506 
             97.6003 -0.342268   12.8905   172.878  5.26913 -4.16694 0.406177  1.26934 -16.8906  3.00173  -0.0619162 -0.00904276  -0.0122144  -0.363287 -0.0737836 -0.0842811  -0.0196306 -0.00404429 -0.00401242 0.294973 0.208282 0.039321 0.246656 -0.12902 -9.80505 
             97.7004 0.185065  13.1361  174.851  5.23962 -4.16808 0.397741  1.26777 -16.8903  3.00375  -0.0620373 -0.00867387  -0.0122189 -0.437267 -0.071983 -0.106826  -0.0190786 -0.00461509 -0.00390063  0.297137  0.209012 0.0394356  0.247147 -0.128917  -9.80504 
             97.7994 -0.571049   13.8256   175.531  5.21372 -4.17452 0.401417  1.26832 -16.8908  3.00414   -0.062094 -0.00823241  -0.0122969   -0.38671 -0.0875494  0.0502773  -0.0183765 -0.00454687 -0.00325973  0.300596  0.209519 0.0391945  0.247831 -0.129008  -9.80502 
             97.9003 -1.72788  13.3256  175.787  5.17873 -4.18067 0.411481  1.27023 -16.8914  3.00341  -0.0622121 -0.00819439  -0.0123404 -0.408242 -0.112898 0.0197718  -0.0167071 -0.00388435 -0.00233578  0.301883  0.210966 0.0382345  0.248083 -0.128827  -9.80502 
             98.0005 -1.07341   13.665   176.26  5.13446 -4.20479 0.417995  1.26871 -16.8909  3.00382  -0.0619792 -0.00816201  -0.0122767 -0.415958 -0.109213 0.0228692   -0.019962 -0.00434883 -0.00239024  0.302011  0.208053 0.0370488  0.247942 -0.129386  -9.80501 
             98.1004 -1.85173  13.3888  176.518  5.09941 -4.21622 0.423953  1.26864 -16.8907  3.00257  -0.0620732 -0.00812547  -0.0122945  -0.462232   -0.17095 -0.0165174  -0.0176209  -0.0032645 -0.00124544 0.304042 0.208807 0.036173   0.24835 -0.129328    -9.805 
             98.2004 -1.27041  14.0916  177.631  5.06114  -4.2251 0.419531  1.26837 -16.8898  3.00407  -0.0621646 -0.00811218  -0.0123465   -0.49262  -0.126613 -0.0595393  -0.0193488 -0.00462013 -0.00262617  0.305736   0.20965 0.0369531  0.248795 -0.129249  -9.80499 
             98.2994 -1.14835  14.1525  179.096  5.02192 -4.23178 0.418153   1.2675 -16.8895   3.0038  -0.0622218 -0.00813303  -0.0123577 -0.383331 -0.107967 0.0385455  -0.0173895 -0.00293445  -0.0022387  0.305745  0.210777 0.0378939  0.248908 -0.128996  -9.80499 
             98.4003 -0.455208   13.4829  -179.215  5.00241 -4.22328  0.42009  1.26794 -16.8888    3.004  -0.0624394 -0.00814121    -0.01233  -0.306133 -0.0577802   0.077427  -0.0187851 -0.00311602 -0.00278724  0.308221  0.213609 0.0386312  0.249579 -0.128561  -9.80498 
             98.5003 -0.0291109    12.8966   -178.583  4.98206 -4.22001 0.423476   1.2702 -16.8896  3.00169  -0.0625596 -0.00820594   -0.012285  -0.317748 -0.0665393  0.0299631  -0.0187023 -0.00275267 -0.00178652   0.30983  0.215329 0.0398945  0.249979 -0.128351  -9.80497 
             98.6005 -0.986422   13.4744  -178.057  4.95182 -4.22351 0.419542 1.26739 -16.887 3.00386  -0.0625691 -0.00820402  -0.0122917  -0.340331 -0.0779719   0.115795  -0.0164941 -0.00418214 -0.00157821  0.309711  0.216087 0.0416822  0.250165 -0.128127  -9.80497 
             98.7004 -0.999826    13.117  -177.956  4.91619 -4.23347 0.426963  1.26838 -16.8894   3.0021  -0.0625622 -0.00818635  -0.0122963 -0.343254 -0.135893  0.121404  -0.0177014 -0.00286616 -0.00138997  0.309339  0.216125 0.0425882  0.250045 -0.128125  -9.80498 
             98.8002 -2.04087  12.9284  -178.32  4.88798 -4.24256  0.42908  1.26838 -16.8915  3.00093  -0.0626053 -0.00820392  -0.0123027  -0.346403 -0.0711405  0.0664325  -0.0174236  -0.0030329 -0.00127059  0.310455  0.216588 0.0442998  0.250269 -0.128056  -9.80497 
             98.9005 -0.972444   13.2158  -177.558  4.85659 -4.24281  0.42436  1.26754 -16.8927  3.00136  -0.0625837 -0.00828111  -0.0122957 -0.379788  -0.10317 0.0239749   -0.018692 -0.00343401 -0.00149134 0.310774 0.217694 0.046762 0.250425 -0.12782 -9.80497 
             99.0003 -1.13349   13.205 -177.399  4.81547 -4.24718 0.415535  1.26787 -16.8901  3.00205  -0.0625417 -0.00831716  -0.0122861  -0.464511 -0.0510173 -0.0415949   -0.018054 -0.00366348 -0.00139796 0.310187 0.218628 0.048397  0.250489 -0.127646  -9.80497 
             99.1003 -1.02912  13.4384 -176.851  4.77591 -4.24559 0.409833  1.26669 -16.8908  3.00325  -0.0624914 -0.00836216  -0.0122674  -0.360883 -0.0270888 0.00648283  -0.0170484 -0.00281906  -0.0014384  0.309826  0.220031 0.0500307  0.250502 -0.127334  -9.80497 
             99.2004 -0.765332   12.7828  -176.932  4.74253 -4.24514 0.405538  1.26822 -16.8925  3.00284  -0.0624922 -0.00839442  -0.0122626   -0.327276   -0.027347 -0.00874667  -0.0186296 -0.00266369 -0.00131118  0.30977 0.220841 0.051056  0.250486 -0.127222  -9.80498 
             99.3004 -0.199136   11.9632  -176.548  4.71809 -4.23701 0.401787  1.26853 -16.8923  3.00172  -0.0625321 -0.00848104  -0.0122064  -0.346808  0.0407019 -0.0188941    -0.018479  -0.00207341 -0.000793325  0.311099  0.222175 0.0521195  0.250798 -0.127001  -9.80497 
             99.4003 -1.06336  12.4015 -176.217  4.69303 -4.22683 0.387222  1.26661 -16.8911  3.00283 -0.0625598 -0.0085559 -0.0122117  -0.417697 -0.0911446  -0.141397   -0.0161903  -0.00376556 -0.000700456  0.313333   0.22403 0.0545221  0.251368 -0.126633  -9.80496 
             99.5004 -2.69456   13.004  -176.16 4.66477 -4.2305 0.38939   1.2673 -16.8905  3.00313  -0.0626117 -0.00863111  -0.0122519  -0.321454 -0.0637856 -0.0183445  -0.0165482 -0.00273168 -0.00205302   0.31509  0.224406 0.0536366  0.251679 -0.126617  -9.80495 
             99.6004 -2.65567  12.0993 -177.025  4.64182 -4.24349 0.387065  1.26927 -16.8918  3.00101   -0.062699 -0.00863388   -0.012211   -0.283828 -0.00528323  -0.0231141  -0.0174552 -0.00147283 -0.00129815  0.316517  0.223053 0.0535934  0.251863 -0.126935  -9.80494 
             99.7003 -1.40009  11.6673 -176.742  4.60712 -4.25354 0.393316  1.26745 -16.8926  3.00189  -0.0626869 -0.00853502  -0.0122202  -0.399891 -0.0218492 -0.0358056   -0.0183977  -0.00170652 -0.000764894   0.31663  0.221792 0.0514229  0.251773 -0.127117  -9.80494 
             99.7994 -0.58325   11.716 -176.545  4.56792 -4.25663  0.38913  1.26626 -16.8925   3.0022  -0.0627017 -0.00851523  -0.0122441    -0.37104   0.0146755 -0.00968115  -0.0199458 -0.00339048 -0.00156184  0.317048  0.220976 0.0513617  0.251835 -0.127234  -9.80494 
             99.9004 -0.189195   11.0159  -176.144  4.53113 -4.27593 0.388808  1.26464 -16.8927  3.00455  -0.0626907 -0.00842035  -0.0123276  -0.305206 -0.0543749 -0.0228181  -0.0180942 -0.00190358 -0.00112371  0.316489  0.217993 0.0509685  0.251688 -0.127713  -9.80494 
                 100 0.19894 10.2354 -176.05  4.50557 -4.29501 0.391942 1.26355 -16.893 3.00314  -0.0627102 -0.00832517  -0.0123743  -0.367625  -0.101896 -0.0904219   -0.0184575  -0.00155288 -0.000692087   0.31772  0.215172 0.0501376  0.251829 -0.128188  -9.80493 
               100.1 -1.58965  10.7468 -176.093  4.47306 -4.30075 0.375099  1.26107 -16.8933  3.00405  -0.0627216 -0.00832034  -0.0124058  -0.370205  -0.171339 -0.0394439  -0.0145777 -0.00396921 0.000230228  0.318838  0.216531 0.0521447 0.252086 -0.12789 -9.80493 
               100.2 -2.23155  10.1788 -176.583  4.44773 -4.31036 0.374518  1.26155 -16.8943  3.00172  -0.0627594 -0.00840958  -0.0124229  -0.298448 -0.0814161 -0.0661112  -0.0168828 -0.00162421 -0.00014547  0.320674  0.216938 0.0511959  0.252345 -0.127851  -9.80492 
               100.3 -1.28363  9.81179 -176.162  4.41733 -4.31305  0.37385   1.2618 -16.8947  3.00243  -0.0627701 -0.00841288   -0.012425  -0.345316 -0.0339449 -0.0597565  -0.0191096  -0.0022634 -0.00141905  0.321295  0.216904 0.0500889   0.25241 -0.127875  -9.80492 
             100.401 -0.570406   9.76624  -176.426  4.38115 -4.30983  0.37318  1.26064 -16.8942   3.0014  -0.0627848 -0.00839375  -0.0124169  -0.414057  0.0130135 -0.0997563   -0.0178372  -0.00206479 -0.000383446  0.321978  0.217668 0.0483814  0.252501 -0.127724  -9.80492 
               100.5 0.135013  10.3754 -176.495  4.35008 -4.30698 0.366896 1.26414 -16.896 3.00059  -0.0628087 -0.00844797   -0.012452  -0.337902 -0.0452468 -0.0756884   -0.0169298  -0.00286405 -0.000301162  0.323521  0.218924 0.0488429  0.252724 -0.127624  -9.80491 
             100.599 -0.291073   9.66462  -176.327  4.31716 -4.29465 0.367686 1.26419 -16.896 3.00019  -0.0627974 -0.00851383  -0.0124398  -0.344169 -0.0260415 -0.0566631   -0.0167099  -0.00226246 -0.000680366  0.323641  0.221838 0.0473388  0.252744 -0.127148  -9.80492 
               100.7 -0.745155   9.27825  -176.068   4.2908 -4.29794 0.360654  1.26222 -16.8949  3.00105   -0.062848 -0.00852567  -0.0124504 -0.394193 -0.117281 -0.102621   -0.0160716  -0.00257478 -0.000462615  0.326054  0.222193 0.0468612  0.253161 -0.127067  -9.80491 
               100.8 -2.95792  9.98496 -176.829  4.26692 -4.29877 0.364622  1.26254 -16.8942  3.00017  -0.0629143 -0.00870002  -0.0125691  -0.313874 -0.0563192  -0.052655  -0.0165916 -0.00207708 -0.00045616  0.328435  0.223386 0.0451154  0.253543 -0.126913   -9.8049 
               100.9  -2.7543  8.88197 -177.604  4.23822 -4.31754 0.365919  1.26412 -16.8924  2.99907  -0.0629676 -0.00869621    -0.01245  -0.311966  0.0301678 -0.0378036  -0.0176391 -0.00129973   0.0003239  0.328797   0.22061 0.0435994  0.253586 -0.127409  -9.80489 
                 101 -1.01687  9.37544 -177.139  4.20409 -4.31302 0.366116  1.26457 -16.8922  2.99794  -0.0629764 -0.00867206  -0.0124407  -0.371751 0.00914022 -0.0679573  -0.0187151 -0.00251221 0.000271137 0.329016 0.220929 0.042551  0.253603 -0.127373  -9.80489 
               101.1 -0.664836   9.31057  -176.754  4.16484  -4.3059 0.366637  1.2652 -16.893 2.99729 -0.0629907 -0.0086525 -0.0124287  -0.386364  0.0403558 -0.0202192   -0.0175469  -0.00239288 -0.000889871  0.329401  0.221639 0.0414515  0.253628 -0.127284  -9.80489 
               101.2 -0.21598   9.3485 -177.001  4.13795 -4.31078 0.368995  1.26561 -16.8922  2.99635  -0.0630243 -0.00860001  -0.0124787  -0.303292 -0.0424558  0.0132358   -0.0169689  -0.00215922 -0.000418662  0.330916  0.220866 0.0402905  0.253849 -0.127435  -9.80489 
               101.3 -0.56904   8.7196 -177.271  4.10844  -4.3182 0.366635  1.26703 -16.8908   2.9952   -0.063035 -0.00860017  -0.0124751  -0.386534  -0.137556 -0.0842588  -0.0167983 -0.00168781 0.000316884 0.331383   0.2206 0.040261  0.253949 -0.127518  -9.80488 
               101.4 -2.40687  9.47413 -177.922  4.07834 -4.33341   0.3673  1.26582 -16.8915  2.99333  -0.0630723 -0.00862302  -0.0124992 -0.321177 -0.143496 0.0679796  -0.0151471 -0.00309596  0.00132856  0.332854  0.220281 0.0400652 0.254147 -0.12755 -9.80488 
               101.5 -3.27682   8.7939 -178.293  4.05638 -4.33676 0.373763  1.26812 -16.8925  2.99185   -0.063084 -0.00867099   -0.012552   -0.27312 -0.0595908  0.0743489  -0.0162687 -0.00160402  0.00104686  0.334204  0.221791 0.0402876  0.254339 -0.127392  -9.80487 
               101.6 -2.35457  9.05111 -177.732  4.03237 -4.35115 0.379806  1.26843 -16.8928  2.98955   -0.063114 -0.00862567  -0.0125613  -0.352849 -0.0442653  0.0762932  -0.0179467 -0.00257084  -0.0002967  0.335725  0.219349 0.0408269   0.25453 -0.127778  -9.80486 
               101.7 -1.88744  9.91134 -177.958  4.00054 -4.35572 0.376155 1.26757 -16.893 2.98775  -0.0630924 -0.00867397   -0.012617    -0.479335    0.0453305 -0.000720323  -0.0166037  -0.0026141 0.000514884  0.337123  0.219453 0.0428394  0.254765 -0.127748  -9.80486 
               101.8 -0.179657   10.9915  -177.714  3.95056 -4.36395  0.38243  1.26831 -16.8926  2.98808  -0.0630534 -0.00868424  -0.0126312 -0.460249 -0.047542 0.0669234   -0.0184468  -0.00326379 -0.000430915 0.336274 0.218548 0.043109  0.254643 -0.127887  -9.80486 
             101.899 -0.681971   10.8906  -177.025  3.91266 -4.36444 0.382842  1.26711 -16.8923  2.98939   -0.063058 -0.00871299  -0.0126346  -0.443267 -0.0251842  0.0327287   -0.0164372  -0.00204398 -0.000942288  0.336903  0.219046 0.0446654  0.254781 -0.127789  -9.80486 
                 102 -0.715092   10.8037  -176.915  3.86845 -4.35644 0.374954  1.26363 -16.8919  2.99334 -0.0631096 -0.0087327 -0.0126202 -0.580128  -0.12661 -0.106015   -0.0164201  -0.00205945 -0.000743296  0.337528  0.220403 0.0464712  0.254942 -0.127519  -9.80486 
             102.101 -2.72222  12.6699  -177.86  3.81588 -4.36816 0.374079  1.26222 -16.8924  2.99441  -0.0630881 -0.00867145  -0.0126501 -0.550072 -0.129545  0.085513  -0.0141438 -0.00471607 0.000436072  0.338298  0.220085 0.0476349  0.255059 -0.127537  -9.80485 
               102.2 -2.46646  12.7682 -177.845  3.77368 -4.37887 0.371447  1.26259 -16.8915   2.9941  -0.0631101 -0.00864592  -0.0126796   -0.511296  -0.0856283 0.000205203   -0.0162881  -0.00206288 -0.000541057  0.339831  0.219481 0.0493546   0.25532 -0.127648  -9.80485 
               102.3 -1.58025  12.4509 -177.069  3.73391 -4.38489 0.367961  1.26206 -16.8919   2.9948   -0.063165 -0.00864088  -0.0126646  -0.538977  -0.107811 -0.0789569   -0.0158977  -0.00111436 -0.000828343   0.34202  0.219892 0.0498641  0.255628 -0.127605  -9.80484 
             102.399 -1.31944  12.7904 -176.889  3.67871 -4.37977 0.359526  1.26232 -16.8924  2.99436  -0.0631892 -0.00867972  -0.0126377  -0.608852 -0.0374849  -0.119052   -0.016442 -0.00257801 -0.00110262  0.342614  0.222063 0.0496638  0.255719 -0.127318  -9.80484 
               102.5 -1.50147  13.4545 -177.178  3.62682 -4.38532 0.357844  1.26345 -16.8941  2.99344  -0.0632085 -0.00870053  -0.0126419  -0.515343 -0.0575307 -0.0319303   -0.0146992  -0.00185986 -4.97327e-05 0.343354 0.222653 0.050135  0.255794 -0.127268  -9.80484 
               102.6 -0.744791   12.9118  -176.585  3.58402 -4.39121 0.360415   1.2639 -16.8951  2.99097  -0.0632081 -0.00866223  -0.0126238  -0.485638 -0.0175649 -0.0275696    -0.016308  -0.00160311 -0.000568419  0.344971  0.222008 0.0491262  0.255947 -0.127383  -9.80483 
               102.7 -0.112856   12.6474  -176.247  3.53517 -4.39353  0.35392 1.26384 -16.895 2.99086 -0.0632257  -0.008662  -0.012611  -0.557759 -0.0301887 -0.0848594     -0.01615  -0.00157901 -0.000492909  0.345503  0.221856 0.0493564  0.256024 -0.127407  -9.80483 
               102.8 -0.0408207    13.2532   -176.063  3.48833 -4.38727 0.348961  1.26463 -16.8968  2.98996  -0.0632877 -0.00870762  -0.0125675    -0.556585   -0.0715878 -0.000696402   -0.0153702  -0.00262174 -0.000804426  0.347894  0.224154 0.0494178  0.256316 -0.127142  -9.80483 
               102.9 -1.30535  13.9237 -176.744  3.43367 -4.40446 0.361107  1.26406 -16.8967  2.99031  -0.0633434 -0.00876509   -0.012537 -0.549957 -0.061728 0.0238209  -0.0144023 -0.00186115  -5.815e-05  0.348317  0.222699 0.0473135  0.256305 -0.127333  -9.80482 
                 103 -1.19212  13.9921 -176.925  3.38546 -4.39848 0.360304  1.26387 -16.8963  2.99034  -0.0633277 -0.00880609  -0.0125655  -0.518944 -0.0178313 -0.0224324   -0.0159552  -0.00151956 -0.000258423 0.348979 0.224405 0.047486  0.256421 -0.127112  -9.80482 
               103.1 -0.972895   13.9276  -178.888  3.32922 -4.40284 0.355592 1.26463 -16.895 2.99041  -0.0633485 -0.00875998  -0.0125659  -0.498495  0.0767499 -0.0861108  -0.0164584 -0.00156997  0.00139782  0.348004   0.22336 0.0468762  0.256298 -0.127258  -9.80483 
               103.2 -0.826747   14.5863   179.181  3.29598 -4.40012 0.353475  1.26358 -16.8943  2.99084   -0.063335 -0.00880968  -0.0125704 -0.283722 0.0157105 0.0244152  -0.0152376 -0.00117585  0.00250856   0.34841  0.223418 0.0482553  0.256407 -0.127231  -9.80482 
               103.3 -1.98563   13.177  176.773  3.29783 -4.40332 0.356166  1.26411 -16.8928  2.99104  -0.0635184 -0.00906529  -0.0123993 -0.0985264 0.00690145  0.0329309  -0.0158076 -0.00056328  0.00313083  0.352033  0.222409 0.0491356  0.256908 -0.127416  -9.80481 
               103.4 -1.32081  12.7961  174.529  3.30525 -4.40415 0.364318  1.26515 -16.8921  2.99142  -0.0635897 -0.00921725  -0.0123167 0.00941142  0.0192305  0.0455143  -0.0173965 -0.00136736  0.00285839  0.354366  0.221826 0.0486459  0.257189 -0.127547   -9.8048 
               103.5 -1.03062  12.9055  172.143  3.31847  -4.3932 0.364355  1.26134 -16.8915  2.99393  -0.0635196 -0.00939658  -0.0122267  -0.0160753 -0.00445713  -0.0067056  -0.0168506 -0.00205287   0.0027372  0.356469  0.223225 0.0499952  0.257537 -0.127328  -9.80479 
               103.6 -2.71888   13.332  167.427  3.32563 -4.39466 0.366666  1.26064 -16.8908  2.99697  -0.0635789 -0.00949153  -0.0122337 0.0178425 0.0379845 0.0180223  -0.0167384 -0.00218613  0.00476746  0.357496  0.222475 0.0507794   0.25769 -0.127437  -9.80479 
               103.7 -2.9527 13.5157 163.185  3.33582 -4.39116 0.360468  1.26152 -16.8891  2.99819   -0.063564 -0.00958401  -0.0122453 0.0287122 0.0610035 0.0199874  -0.0174741 -0.00224474  0.00520154  0.358045  0.222289 0.0529563  0.257845 -0.127505  -9.80478 
             103.799 -2.88656  13.6493  158.649  3.32983 -4.37542 0.363841  1.26242 -16.8887  2.99541  -0.0634613 -0.00942047   -0.012196 0.0113016 0.0884826 0.0132161 -0.0179797  -0.002376 0.00499017  0.356421  0.223703 0.0522029  0.257682 -0.127286  -9.80479 
               103.9 -2.84123  14.0508  152.893  3.33415 -4.35793 0.367625  1.26162 -16.8886  2.99717  -0.0633978 -0.00934902  -0.0121596   0.0781807    0.117381 -0.00291388  -0.0189385 -0.00279138  0.00582934  0.356162  0.224498 0.0513717  0.257674 -0.127162  -9.80479 
                 104 -1.67929  14.2813  147.765  3.34234 -4.34125 0.370766  1.26054 -16.8892  2.99911  -0.0633183 -0.00932308   -0.012088  0.0605506  0.0731633 0.00543896  -0.0187253 -0.00316823  0.00569874  0.356126  0.225379 0.0516047  0.257723 -0.127031  -9.80479 
               104.1 -1.3178 14.7335 142.891  3.34789  -4.3315 0.366115   1.2615 -16.8892  2.99836  -0.0632989 -0.00935304  -0.0120813  0.0498578  0.0987955 -0.0304371  -0.0187537 -0.00356668  0.00537884  0.356179  0.225593 0.0520891  0.257747 -0.127033  -9.80479 
               104.2 -2.25149  15.1034  137.559  3.33842    -4.34 0.358562   1.2644 -16.8901  2.99714  -0.0634576 -0.00941277   -0.012136 -0.0471891  0.0100722  0.0317217  -0.0178198 -0.00308791   0.0048064  0.355254  0.223201 0.0533423  0.257435 -0.127269   -9.8048 
             104.299 -3.72329  14.4531    132.4  3.33217 -4.33432  0.36104  1.26487 -16.8901  2.99725  -0.0634687 -0.00938477  -0.0121511 -0.0157307  0.0101894 0.00976282  -0.0188367 -0.00338569  0.00426933  0.354567   0.22373 0.0529235  0.257404 -0.127153   -9.8048 
               104.4 -3.78228  14.4719  128.672  3.32533  -4.3346 0.365267  1.26385 -16.8908  2.99765  -0.0635061 -0.00941615  -0.0121558 -0.0166763 -0.0280836   0.016632 -0.0194476 -0.0032911 0.00319631  0.353851  0.223139 0.0520996 0.257265 -0.12708  -9.8048 
               104.5 -3.74396  14.3848  124.799  3.33244 -4.34619  0.37082  1.26316 -16.8922  2.99785  -0.0634081 -0.00938608  -0.0121159 -0.00561675   -0.061894   0.0291061  -0.0189683 -0.00357134  0.00212543   0.35628  0.222908 0.0519283  0.257396 -0.127344   -9.8048 
             104.599 -3.40781  13.9811  120.355  3.33535 -4.33913 0.370349  1.26232 -16.8933  2.99965  -0.0635201 -0.00932212  -0.0121465  0.0133215 -0.0465796  0.0204293  -0.0192939 -0.00349268  0.00270407  0.355048  0.224793 0.0524584  0.257587 -0.127043  -9.80479 
               104.7 -2.83095   13.456  115.805  3.31942 -4.33727 0.368818 1.26173 -16.893 3.00087  -0.0636581 -0.00943914   -0.012321 -0.0104358 -0.0558008 0.00391907  -0.0201488 -0.00336231  0.00363201  0.351724  0.223291 0.0522847  0.257236 -0.126654  -9.80481 
               104.8 -2.96486  13.2101  112.531  3.32106 -4.33654 0.368545  1.26198 -16.8908  3.00214  -0.0637066 -0.00940695  -0.0123285 -0.00846203   -0.047064  -0.0131825  -0.0190589 -0.00359562  0.00219089  0.350786  0.224424 0.0523185  0.257382 -0.126527  -9.80481 
               104.9 -2.93625  13.0852  108.264  3.31653 -4.33062 0.364109  1.26311 -16.8883  3.00131  -0.0637887 -0.00943831   -0.012368 -0.0100468 -0.0286351 -0.0193512  -0.0197011 -0.00396469  0.00231983  0.348424   0.22495 0.0523398  0.257405 -0.126222  -9.80481 
                 105 -3.20773  13.1074  103.431  3.31515 -4.33332 0.364584   1.2613 -16.8905  3.00159  -0.0638027 -0.00944806  -0.0123718 0.00351099  -0.015016 -0.0324396  -0.0203556 -0.00421127  0.00308794    0.3489  0.224449 0.0516885   0.25736 -0.126218  -9.80481 
               105.1 -3.43092  13.6672  98.5151  3.31706  -4.3137 0.358967  1.25698 -16.8914  3.00253  -0.0639687 -0.00935399   -0.012326  0.0365306  0.0100708 -0.0397012  -0.0204271 -0.00520591  0.00359823  0.345622  0.225069 0.0515648   0.25758 -0.125651  -9.80481 
               105.2 -1.33432  14.7342   94.191  3.32059 -4.31895 0.356085  1.25571 -16.8927    3.002  -0.063916  -0.009393 -0.0123211  -0.032136 -0.0730968  0.0135943  -0.0229345 -0.00498111  0.00266578 0.345967 0.224858 0.052556  0.257579 -0.125703  -9.80481 
               105.3 -0.162046   13.4961   89.5493  3.31177 -4.32375 0.360699  1.25418 -16.8944  3.00227  -0.0639165 -0.00928098  -0.0122915 -0.0946851 0.00121752  0.0425006  -0.0204062 -0.00341508  0.00222416 0.346381 0.225298 0.051274  0.257683 -0.125689  -9.80481 
               105.4 -1.54852  12.8005   84.496  3.31581  -4.3184 0.363529  1.25454 -16.8963  3.00256  -0.0638769 -0.00921013  -0.0122979  0.012142  0.121675 -0.064568  -0.0200165 -0.00439093  0.00175964  0.347448  0.227242 0.0514357  0.257961 -0.125889   -9.8048 
               105.5 -4.10892  13.4684  77.2402  3.32539 -4.29567 0.353519  1.25275 -16.8975   3.0052  -0.0639213 -0.00905108  -0.0123432 0.0603085  0.115131 -0.024572  -0.0197116 -0.00621159  0.00422702  0.345973  0.227894 0.0517681  0.258193 -0.125667   -9.8048 
               105.6 -4.29335  14.5337  72.8365  3.33267 -4.29768 0.359474  1.25327 -16.8975  3.00546  -0.0639131 -0.00914019  -0.0124147 -0.00273571  -0.0244555  -0.0147247  -0.0218254 -0.00602351   0.0017977 0.347202 0.228416  0.05052  0.258196 -0.125843  -9.80479 
               105.7 -4.93281  14.3278  68.0387  3.35209 -4.31657 0.361419  1.25425 -16.9005   3.0057  -0.0637661 -0.00895715  -0.0125892 -0.0190925 -0.0580964  0.0453317   -0.020913 -0.00541505  0.00156315  0.349652  0.232305 0.0517543  0.258619 -0.126509  -9.80477 
             105.799 -4.39921  13.2549  62.9785  3.36504 -4.32504 0.363419  1.25468 -16.9002  3.00604  -0.0637778 -0.00884478  -0.0126213  0.0193824  -0.081299 -0.0615023  -0.0218022 -0.00537268  0.00159169  0.349087  0.234723 0.0519475  0.259038 -0.126658  -9.80476 
               105.9 -2.58021  13.6937   57.334  3.37028 -4.31182 0.355141  1.25202 -16.8999  3.00718   -0.063934 -0.00887663  -0.0127719  0.0246836 -0.0230451  0.0180193 -0.0237991 -0.0069878 0.00305477   0.34579  0.233179 0.0514325  0.259219 -0.126008  -9.80476 
                 106 -3.2587 13.3703  51.617  3.36577 -4.29761 0.361835  1.25139 -16.9011  3.00725  -0.0640526 -0.00886866  -0.0128376 -0.0475483  0.0425919  0.0219312  -0.0212513 -0.00485484  0.00330771  0.344278  0.232248 0.0500476  0.259327 -0.125596  -9.80477 
               106.1 -4.12408  13.0983  46.6289  3.36354 -4.28663 0.366946  1.25084 -16.9016  3.00719  -0.0641196 -0.00886705   -0.012863 -0.0816647  0.0425891  0.0112246 -0.0220166  -0.005871 0.00248483  0.343151  0.232457 0.0488625 0.259554 -0.12542 -9.80476 
               106.2 -4.61878   13.091  41.8629  3.35481 -4.27898 0.369373  1.25102 -16.9006  3.00629  -0.0641476 -0.00888421  -0.0128608 -0.101339  0.016627 0.0696729  -0.0223188 -0.00629222  0.00242071  0.342208  0.232052 0.0492461  0.259605 -0.125275  -9.80476 
               106.3 -4.03277  12.5713  37.0183  3.35277 -4.28558 0.374981 1.25319 -16.904 3.00642  -0.0641999 -0.00878773  -0.0128611 -0.118096 -0.023893 0.0723264  -0.0233315 -0.00605296    0.002284  0.342711  0.234464 0.0494162  0.259846 -0.125603  -9.80475 
               106.4 -3.85317  11.8645  32.5342  3.34917 -4.27662 0.374719  1.25249 -16.9041  3.00657  -0.0643426 -0.00886908  -0.0129571  -0.107508 -0.0307995  0.0378261  -0.0230512 -0.00586644  0.00170956  0.339773  0.233975 0.0499593   0.26027 -0.125221  -9.80475 
               106.5 -4.06375  11.2193  26.9427  3.35251 -4.28773 0.375139 1.25157 -16.903 3.00505  -0.0644308 -0.00871479   -0.013012 -0.0950107 -0.0650882  0.0126515  -0.0234351 -0.00585927  0.00310534  0.338412  0.236565 0.0506013  0.260736 -0.125626  -9.80473 
               106.6 -4.36277  11.0636  22.6374  3.35241 -4.28917 0.370916  1.25006 -16.9021  3.00486  -0.0645377 -0.00871214  -0.0130528 -0.0942234 -0.0870819 -0.0151631  -0.0230593 -0.00652895  0.00235347 0.336042 0.236719 0.051446  0.261146 -0.125523  -9.80472 
               106.7 -3.91431  11.8874  17.7057    3.361 -4.30541 0.366792 1.24971 -16.904 3.00709  -0.0646993 -0.00860592  -0.0130111 -0.0691971  -0.136257 -0.0199112  -0.0241239 -0.00805056   0.0024072  0.334276  0.239693 0.0517237  0.261747 -0.125925   -9.8047 
               106.8 -0.888241   12.5643   13.4066  3.35923 -4.32521 0.373128 1.25205 -16.905 3.00779  -0.0648496 -0.00839148  -0.0128027  -0.122993 -0.0452489  0.0154365  -0.0267014 -0.00722929  0.00139662  0.334162  0.242434 0.0506404  0.261985 -0.126351  -9.80469 
               106.9 -0.372713   11.4469   6.65949  3.36674 -4.31125 0.366426 1.25044 -16.906 3.00838 -0.0650678 -0.0084472   -0.01295  -0.0111183    0.038412 -0.00210464  -0.0241994 -0.00609333  0.00451235  0.330303  0.241597 0.0517362  0.262701 -0.126029  -9.80467 
                 107 -2.59331  11.9018  1.57571  3.38164  -4.3115 0.368518  1.24915 -16.9068  3.00852  -0.0652343 -0.00846192  -0.0129428 -0.0326234 -0.0916437  0.0189911  -0.0235272 -0.00763569  0.00366902  0.327689  0.241667 0.0507835  0.263293 -0.125952  -9.80466 
               107.1 -1.84257  11.8648 -2.90241   3.3881 -4.31337 0.376086  1.24928 -16.9076  3.00827  -0.0653624 -0.00852308  -0.0129548 -0.0272575 -0.0561519 -0.0287868  -0.0239642 -0.00735644  0.00199997   0.32562   0.24152 0.0494325  0.263786 -0.125836  -9.80464 
               107.2 -2.12395   12.185 -7.97924  3.40348 -4.32065  0.36614  1.25022 -16.9075  3.00854   -0.065506 -0.00848502  -0.0129652   0.021242 -0.0890477 -0.0547308  -0.0241428 -0.00803241  0.00165293  0.322186  0.242262 0.0504556  0.264436 -0.125925  -9.80463 
               107.3 -3.09248  11.6266 -14.4282  3.41437 -4.32713 0.365879  1.25022 -16.9081  3.00692  -0.0655784 -0.00839302  -0.0130468 0.0623754 0.0170367 0.0290081 -0.0235901 -0.0067455 0.00229933  0.320704  0.243493 0.0504134  0.264756 -0.126203  -9.80461 
               107.4 -4.13314  11.8653 -19.8623  3.42449 -4.32394 0.369847  1.24988 -16.9083  3.00662    -0.06565 -0.00844596  -0.0130212 0.0108484 0.0300142 0.0236372  -0.0244484 -0.00856235   0.0019237  0.319686  0.242907 0.0497316  0.265004 -0.126105  -9.80461 
               107.5 -3.56415  11.7058 -24.6326  3.41928 -4.32392 0.377345 1.24991 -16.909 3.00401   -0.065634 -0.00840807  -0.0130338 -0.0599709  0.0465339  0.0382171  -0.0257887 -0.00769216  0.00174252  0.320367  0.243604 0.0487911  0.264913 -0.126256  -9.80461 
               107.6 -3.47707  11.5577 -29.0909  3.40376 -4.32699 0.379242  1.25048 -16.9099  3.00373  -0.0656088 -0.00832039  -0.0130337 -0.0964612   0.038693  0.0220869  -0.0257822 -0.00775905  0.00146209  0.321702  0.245205 0.0496234 0.264579 -0.12652 -9.80461 
               107.7 -3.52772  11.3149 -33.8509  3.40084 -4.30993 0.379756  1.24942 -16.9097  3.00421  -0.0656061 -0.00845932   -0.013035 -0.122132 0.0655936 0.0349711  -0.0258193 -0.00777863  0.00187918  0.320517  0.242543 0.0499486  0.264922 -0.126072  -9.80461 
               107.8 -3.61667  11.0152 -38.6852  3.39042 -4.31702 0.381294  1.25162 -16.9095  3.00286  -0.0657156 -0.00840331  -0.0130697  -0.13375 0.0482511 0.0134388  -0.0259436 -0.00787556  0.00219309  0.319228  0.245077 0.0500745  0.265002 -0.126601   -9.8046 
             107.901 -3.32752  10.8425 -43.1075  3.37526 -4.31215 0.373873  1.25199 -16.9103  3.00128 -0.0657188 -0.0084431 -0.0130737  -0.168892  0.0229974 -0.0250022  -0.0263755 -0.00832712  0.00180632  0.319164  0.244812 0.0518916  0.264975 -0.126551   -9.8046 
             107.999  -3.0291   10.877 -48.2165  3.37518 -4.29592 0.371796  1.25179 -16.9119  3.00187  -0.0657403 -0.00863501  -0.0131415  -0.154756  0.0470816 -0.0343791  -0.0266368 -0.00857753  0.00216509  0.317546  0.241221 0.0514476  0.265643 -0.126075  -9.80459 
               108.1 -2.77198  11.2622 -53.8936   3.3632 -4.30158 0.367732   1.2514 -16.9111  3.00227  -0.0658311 -0.00861202  -0.0131215  -0.207335  0.0186843 -0.0138022  -0.0271781 -0.00961785  0.00302696   0.31557  0.241687 0.0514671  0.265898 -0.126358  -9.80458 
               108.2 -0.259376   11.6613  -58.2594  3.35053 -4.28749 0.363402  1.25257 -16.9103  2.99949  -0.0657848 -0.00882599  -0.0132889   -0.19429   0.111446 0.00704777  -0.0300744 -0.00859073   0.0014796 0.314442 0.239226 0.052374  0.266304 -0.126038  -9.80457 
               108.3 1.09461 11.1422 -63.376  3.34986 -4.27296  0.36243  1.25188 -16.9128  2.99802  -0.0658232 -0.00889338  -0.0134216 -0.0836073  0.0653937  0.0425064   -0.026979 -0.00787858  0.00144318  0.313696  0.237893 0.0523123  0.266619 -0.125997  -9.80457 
               108.4 0.660712  11.1572 -68.3094  3.35591 -4.26935 0.369338  1.25309 -16.9142  2.99952  -0.0658448 -0.00899894  -0.0134749 -0.0345129 -0.0601226 -0.0159318  -0.0263577 -0.00893498   0.0008343  0.313014   0.23635 0.0514147  0.267007 -0.125872  -9.80456 
               108.5 -1.30715  11.7307 -73.8302  3.35516 -4.29541 0.365666    1.255 -16.9126  2.99763 -0.0659928 -0.0090599 -0.0134557   -0.0880242    -0.124058 -0.000110245  -0.0255495  -0.0100098 0.000678408  0.310019   0.23728 0.0502244  0.267295 -0.126387  -9.80454 
               108.6 -1.87556  12.6919 -79.5405  3.34826 -4.31395 0.368549  1.25646 -16.9107  2.99727 -0.0661253 -0.0090821 -0.0133903   -0.12501 0.00319006  0.0332969  -0.0272522  -0.0100821 0.000392258  0.307429  0.237699 0.0494783  0.267549 -0.126773  -9.80453 
               108.7 -1.58178  12.8169 -83.5559   3.3632  -4.3129 0.368053  1.25587 -16.9094   2.9967  -0.0661779 -0.00927186  -0.0132602 -0.0801963  0.0456578  0.0942035  -0.0268417 -0.00918623 -0.00104221  0.304549  0.233841 0.0494559  0.268398 -0.126785  -9.80451 
             108.799 -0.919264   12.1676  -88.6111  3.36176 -4.31953   0.3762  1.25622 -16.9098    2.997  -0.0662589 -0.00930856  -0.0133258 -0.0590846  0.0450462   0.049894  -0.0280325 -0.00849288 -0.00130831  0.302469  0.233758 0.0486636  0.268635 -0.127139   -9.8045 
               108.9 -0.766741   12.2575  -94.0701   3.3562 -4.31914   0.3687   1.2561 -16.9107  2.99468  -0.0663171 -0.00934505  -0.0133535  -0.137798 0.00635918 -0.0434431   -0.0286854  -0.00965781 -0.000781833  0.301634  0.233241 0.0502967  0.268743 -0.127221  -9.80449 
                 109 0.132468  13.1021 -98.8166  3.34348 -4.33198 0.362097   1.2558 -16.9082  2.99419  -0.0663819 -0.00935536  -0.0133693 -0.0489169 -0.0377751  0.0146665   -0.0285982   -0.0103263 -0.000976709  0.299293  0.233662 0.0506191   0.26878 -0.127567  -9.80449 
               109.1 -0.987663   12.8167  -105.077  3.33348 -4.33678 0.364809  1.25638 -16.9082  2.99415  -0.0663508 -0.00931996  -0.0133699 -0.0429209 -0.0640295 0.00148603   -0.0274818   -0.0096129 -0.000191291  0.299725  0.234694 0.0504896  0.268602 -0.127542  -9.80449 
               109.2 -1.25013  13.0938 -108.873  3.34198 -4.33633 0.363796  1.25829 -16.9086  2.99334  -0.0662867 -0.00941159  -0.0133273  -0.017298 -0.0478193 -0.0112327 -0.0275716 -0.0100503 -0.0016947  0.300406  0.232619 0.0508109  0.268969 -0.127348  -9.80448 
               109.3 -0.992934   13.3623  -113.828  3.35488 -4.33677 0.370652  1.25831 -16.9092   2.9934  -0.066237 -0.0095242 -0.0133236 -0.000638866 -1.59542e-05    0.0199037  -0.0289551 -0.00988394 -0.00145874  0.300946  0.229896 0.0498001   0.26943 -0.127265  -9.80447 
               109.4 -0.335993   13.2403  -118.561  3.36076 -4.34098 0.376555  1.25899 -16.9093  2.99258  -0.0662445 -0.00957782  -0.0133625 -0.00987378   0.0265541   0.0291363  -0.0289756 -0.00981276 -0.00126107  0.300223   0.22877 0.0490693  0.269636 -0.127416  -9.80447 
               109.5 -0.470423   12.8719  -122.542  3.36034 -4.34361 0.377923 1.25827 -16.909 2.99334  -0.0662697 -0.00961508  -0.0133917 -0.021598 0.0365811 0.0278437  -0.0282316 -0.00975007 -0.00240655    0.2991  0.228348 0.0491021   0.26968 -0.127586  -9.80446 
               109.6 -0.970533   12.7109  -127.583  3.36461 -4.34458 0.374504 1.25726 -16.909 2.99289  -0.0662811 -0.00965492  -0.0133831  -0.0243648   0.0345103 -0.00571193  -0.0281066 -0.00991807 -0.00193853 0.298453 0.226828 0.050116  0.269877 -0.127687  -9.80446 
               109.7 -0.779926   13.0995  -132.048   3.3662 -4.33652 0.365498  1.25702 -16.9093  2.99289  -0.0662318 -0.00966086  -0.0133707  -0.037769  0.0623655 -0.0442521  -0.0289867  -0.0108665 -0.00236154  0.299078  0.226147 0.0518081 0.270003 -0.12756 -9.80445 
               109.8 0.555253  13.8751 -136.145  3.36446 -4.34479 0.369253  1.25969 -16.9119   2.9913  -0.0663113 -0.00971212  -0.0134532  -0.0205203   0.0284542 -0.00423524  -0.0307421  -0.0107507 -0.00316866   0.29764   0.22492 0.0498647  0.270126 -0.127989  -9.80444 
             109.899  2.80597  13.9012 -140.807  3.36964 -4.35658 0.369325  1.25763 -16.9125  2.99263 -0.0663239 -0.0097325 -0.0135873   0.0170776   -0.070565 -0.00621435  -0.0299605  -0.0099999 -0.00286256  0.296685  0.223323 0.0493462  0.270242 -0.128233  -9.80444 
                 110  2.86161  14.0562 -145.248  3.36645 -4.36095 0.372446   1.2571 -16.9134  2.99234  -0.0663337 -0.00967796  -0.0135322 -0.020743 -0.147779 0.0253303  -0.0292778  -0.0105302 -0.00233391 0.297449 0.224401 0.049027  0.270126 -0.128074  -9.80444 
               110.1 0.608597  13.8014 -148.235  3.35352 -4.37244 0.370115  1.25493 -16.9125  2.99344   -0.066373 -0.00963797  -0.0136147  -0.0773815   -0.102494 -0.00694969  -0.0263373  -0.0105476 -0.00280315  0.296944   0.22558 0.0494175  0.269925 -0.127977  -9.80445 
               110.2 0.238681   14.093 -150.761  3.34634 -4.36726 0.374142  1.25632 -16.9121  2.99398  -0.0664434 -0.00957424  -0.0137376 -0.00326966  -0.0638079   0.0458475  -0.0284377  -0.0104332 -0.00284425 0.298145  0.22769 0.049508  0.269825 -0.127665  -9.80446 
               110.3 -0.0956464     13.403   -151.795  3.34763 -4.36838 0.375017 1.25507 -16.912 2.99383  -0.0665234 -0.00951789  -0.0138053 -0.00539434  -0.0808531   -0.013733  -0.0281097 -0.00973289 -0.00381406  0.299085   0.22861 0.0493832  0.269794 -0.127462  -9.80446 
               110.4 -1.30124  13.4144 -152.837  3.34579 -4.35059  0.36718  1.25497 -16.9118  2.99307  -0.0667812 -0.00918799  -0.0140196   -0.104175 0.000116565 -0.00527053  -0.0275474  -0.0102118 -0.00408528  0.301734  0.231117 0.0515687  0.26985 -0.12691 -9.80447 
               110.5 -1.56467  13.6518 -154.908  3.33293 -4.35138 0.364872  1.25527 -16.9117   2.9938  -0.0667594 -0.00919745   -0.014003  -0.153513  0.0315469 -0.0481272  -0.0283334  -0.0104177 -0.00328372  0.301638  0.230893 0.0514719  0.269868 -0.126949  -9.80447 
               110.6 -1.95625  13.9924  -158.67  3.31886 -4.33949 0.363213  1.25662 -16.9106  2.99373  -0.0667722 -0.00920143  -0.0140279  -0.0937151    0.106776 -0.00918654  -0.0289508  -0.0104954 -0.00256083  0.301645  0.231772 0.0516313  0.269844 -0.126857  -9.80447 
               110.7 -1.58942  13.7547  -164.79  3.33113 -4.32346 0.370777   1.2571 -16.9111  2.99369   -0.066831 -0.00924507  -0.0140533 0.00720319   0.105318  0.0144555  -0.0293927 -0.00994474  -0.0012746  0.305376  0.230967 0.0503434  0.270277 -0.126761  -9.80446 
               110.8 -1.40663  13.6228 -170.866  3.33031 -4.31648 0.374724  1.25822 -16.9111  2.99262  -0.0668331 -0.00921617  -0.0140556 0.00656341  0.0730484  0.0297273  -0.0294513  -0.0101799 -0.00138317  0.305269  0.231063 0.0497243  0.270247 -0.126786  -9.80446 
               110.9 -1.06412  14.3303 -174.333  3.32767 -4.31266 0.360687 1.26114 -16.911 2.99248  -0.0668439 -0.00931403  -0.0140924 -0.0924878   0.140852  -0.104078  -0.0302234  -0.0115213 -0.00335272  0.304335  0.230382 0.0518829  0.270253 -0.126939  -9.80445 
                 111 0.811307   15.778 -177.861  3.32554 -4.29864 0.363916  1.25962 -16.9093  2.99363  -0.0668421 -0.00932935  -0.0141108 -0.0750777 -0.0148538  0.0819567   -0.030417  -0.0116378 -0.00269224  0.305632  0.230657 0.0517669 0.270426 -0.12682 -9.80445 
               111.1 -0.115932   15.3564   179.666   3.3131 -4.30862 0.371571   1.2593 -16.9093  2.99148   -0.066829 -0.00932761  -0.0140893 -0.0601715 -0.0954067  0.0614438  -0.0289036  -0.0105338 -0.00332995  0.304547   0.23035 0.0510619  0.270273 -0.126885  -9.80445 
               111.2 -0.47933  15.3727  179.648  3.30783 -4.32419 0.375658  1.25876 -16.9093  2.99105  -0.0667519 -0.00930339  -0.0140671 -0.0887904   -0.07054   0.045327  -0.0287029  -0.0104598 -0.00523161  0.304233  0.228981 0.0515099   0.27027 -0.127046  -9.80445 
               111.3 -0.757941   15.3665   178.594  3.29998 -4.33765 0.373366 1.26007 -16.909 2.99107  -0.0666867 -0.00918016  -0.0140331  -0.178813 -0.0824529   0.026079  -0.0286663  -0.0107312 -0.00431557  0.304691  0.227772 0.0529971  0.270392 -0.127212  -9.80445 
               111.4 -0.685562   15.4335   178.665  3.28543 -4.34176 0.364917  1.26033 -16.9095  2.99001 -0.0667893 -0.0090436 -0.0140573  -0.279996 -0.0918462 -0.0409695  -0.0286519  -0.0104903 -0.00539435  0.305746   0.22821 0.0553162  0.270574 -0.127148  -9.80444 
               111.5 -1.9645 15.7425 177.648  3.24393 -4.35678 0.362741  1.26013 -16.9102  2.99107  -0.0667519 -0.00913209  -0.0140394 -0.389422 -0.136159  0.100701  -0.0269664  -0.0104972 -0.00490884  0.304593  0.228052 0.0552595  0.270419 -0.127158  -9.80445 
               111.6 -2.83334  14.1596  177.222  3.20524 -4.36997 0.362802  1.25664 -16.9098   2.9905  -0.0668554 -0.00900063  -0.0140318 -0.477651 -0.123297 0.0051678  -0.0269077 -0.00836448  -0.0047446  0.305047  0.227598 0.0568161  0.270525 -0.127145  -9.80444 
               111.7 -3.66725  14.3735  176.732  3.14635 -4.36708 0.365943  1.25557 -16.9099   2.9915 -0.0668875 -0.0091781 -0.0141747  -0.543954 -0.0612423 -0.0408531  -0.0288847  -0.0102745 -0.00513193  0.304015  0.229402 0.0554358  0.270397 -0.126889  -9.80445 
             111.799 -2.80942   14.838  176.304  3.08133 -4.36705  0.35288   1.2543 -16.9103  2.99059  -0.0668886 -0.00927872  -0.0141747  -0.684884 -0.0192275 -0.0716531  -0.0288997   -0.010071 -0.00416529  0.302829  0.230086 0.0569634  0.270316 -0.126753  -9.80446 
               111.9 -2.27522  14.9904  176.932  3.00867 -4.36378 0.349823  1.25451 -16.9094  2.99025  -0.0669561 -0.00935005  -0.0141508  -0.660927 -0.0730341  0.0562432  -0.0276804 -0.00976657 -0.00517535 0.302327 0.231635 0.056912   0.27031 -0.126562  -9.80446 
                 112 -2.35741    14.35  176.768   2.9592 -4.37197 0.355777  1.25429 -16.9099  2.99201  -0.0670103 -0.00922337  -0.0141525  -0.571342 -0.0241134 -0.0193564   -0.029365 -0.00923453 -0.00567512  0.304707   0.23084 0.0567936  0.270551 -0.126715  -9.80445 
               112.1 -1.50259  15.0357  177.066   2.9093 -4.37307 0.349341   1.2529 -16.9105  2.99242  -0.0670931 -0.00921339  -0.0141546  -0.584826 -0.0707122  -0.114254  -0.0274063  -0.0103687 -0.00511064    0.3061  0.231499 0.0572724  0.270737 -0.126648  -9.80445 
               112.2 -1.80017  15.2363  177.019  2.85891 -4.38883 0.346913  1.25121 -16.9103  2.99348   -0.067054 -0.00913452  -0.0141877  -0.456532 -0.0695666  0.0627031   -0.027451 -0.00937232 -0.00518141  0.306355  0.229389 0.0580363  0.270741 -0.126869  -9.80444 
               112.3 -2.20026  14.3625  176.475  2.83379 -4.38591 0.346404  1.25248 -16.9105  2.99421  -0.0672065 -0.00921181  -0.0141722  -0.358171 -0.0597181 -0.0151632   -0.025867 -0.00933594 -0.00387737  0.309021  0.231904 0.0592108  0.271139 -0.126682  -9.80443 
               112.4 -1.90897  14.6819  176.986  2.80927 -4.37095 0.352908  1.25273 -16.9108  2.99508  -0.0672977 -0.00930855    -0.01417   -0.329197 -0.00166545  0.00678455  -0.0277344 -0.00955121 -0.00481687  0.310772  0.234836 0.0582601  0.271383 -0.126402  -9.80443 
               112.5 -1.81353  15.1692  176.547   2.7848   -4.363 0.352898  1.25282 -16.9108   2.9958  -0.0673443 -0.00936822  -0.0141897  -0.297475  0.0367517 -0.0332726   -0.027243 -0.00978121 -0.00420455  0.311988  0.236249 0.0584699  0.271564 -0.126279  -9.80443 
               112.6 -1.3624 15.7146 176.432  2.76931 -4.36251 0.350896  1.25216 -16.9107  2.99632    -0.06741 -0.00938672  -0.0142503  -0.218751 -0.0283242  -0.016205  -0.0269967 -0.00952137 -0.00414247  0.313803  0.236208 0.0591054  0.271786 -0.126326  -9.80442 
               112.7 -2.35783  15.3062  176.519 2.75945 -4.3707 0.34469  1.25278 -16.9107  2.99644  -0.0674759 -0.00935432  -0.0142624  -0.133992 -0.0709856 -0.0263783   -0.025659 -0.00864205 -0.00418167  0.314958  0.235857 0.0604771  0.271937 -0.126409  -9.80441 
               112.8 -2.80879   14.609  176.016  2.76155  -4.3622 0.342387   1.2533 -16.9109  2.99469  -0.0675376 -0.00946608  -0.0142896  -0.0732701  -0.0111487 -0.00814787  -0.0263685 -0.00816418 -0.00333615  0.316899  0.238241 0.0612882  0.272224 -0.126207  -9.80441 
               112.9 -2.19733  14.2032  177.119  2.76907 -4.35642 0.342641  1.25122 -16.9113   2.9971  -0.0676382 -0.00948551   -0.014256 -0.0330879 0.00254721 0.00916352  -0.0267798 -0.00851348 -0.00501539  0.319307  0.238904 0.0615237  0.272509 -0.126162   -9.8044 
                 113 -2.24862  14.2063  177.361  2.76644 -4.35542 0.346592  1.25127 -16.9113  2.99716 -0.0676294 -0.0094856 -0.0142552   -0.01039  0.0107952 0.00541947  -0.0260586 -0.00887483 -0.00483574 0.319305 0.238968 0.061047  0.272498 -0.126156   -9.8044 
               113.1 -2.09629  14.4464  177.822  2.77005 -4.35241 0.342003  1.25127 -16.9117  2.99721  -0.0676461 -0.00951132  -0.0142589   0.0155709  0.00265678 -0.00392605  -0.0260891  -0.0088855 -0.00493669  0.319606  0.239404 0.0623895  0.272569 -0.126116   -9.8044 
               113.2 -2.12785  14.3363  177.567  2.77737 -4.35116 0.341108  1.25215 -16.9122  2.99714  -0.0676831 -0.00953441  -0.0142676   0.0107018  0.00356397 -0.00853186  -0.0259941 -0.00829706 -0.00450446  0.320609  0.239829 0.0627767  0.27268 -0.12611  -9.8044 
               113.3 -2.16096  14.3905  177.535  2.78454 -4.36548 0.339139  1.25527 -16.9132  2.99666  -0.0677583 -0.00947919  -0.0142893 0.00435938 -0.0222933 -0.0133517  -0.0257674 -0.00835973 -0.00434862  0.322037   0.23801 0.0632634  0.272766 -0.126391  -9.80439 
               113.4 -2.05301  14.3984  177.319  2.78336  -4.3652 0.342763  1.25513 -16.9138  2.99705  -0.0677557 -0.00948554   -0.014287  -0.0063852   -0.020677 -0.00155965  -0.0257942 -0.00821719  -0.0041671  0.322168  0.238442 0.0621742  0.272751 -0.126345  -9.80439 
               113.5 -1.91812  14.5023  177.137  2.77989 -4.35681 0.345058  1.25427 -16.9142  2.99672  -0.0677193 -0.00953046  -0.0142677   -0.0209264 -0.000298201   0.00480265  -0.0258685  -0.0082702 -0.00386766  0.321856  0.239984 0.0615632 0.272737 -0.12616  -9.8044 
               113.6 -1.97191  14.5122  177.208  2.78439 -4.35374 0.344686  1.25481 -16.9145  2.99609  -0.0677502 -0.00956955  -0.0142827  -0.0147915 0.000304822  0.00100103  -0.0255106 -0.00813519 -0.00380643  0.322945  0.240659 0.0620236  0.272865 -0.126124  -9.80439 
               113.7 -1.80136  14.4746  177.352  2.79063 -4.35218 0.349104  1.25384 -16.9148  2.99577  -0.0677976 -0.00958613  -0.0142983 -0.0120257 0.00308394 0.00985382  -0.0255094 -0.00795968 -0.00404718  0.324543  0.240851 0.0614311   0.27301 -0.126123  -9.80439 
             113.801 -1.99577  14.5409   177.15  2.79192 -4.35205 0.349216  1.25294 -16.9148  2.99612  -0.0678145 -0.00958844  -0.0143047  -0.0200957 -0.00153373  0.00523929  -0.0251125 -0.00801264 -0.00376851 0.325017 0.240769 0.061754  0.273067 -0.126127  -9.80439 
               113.9 -1.94673  14.4671   177.01  2.79292 -4.33593 0.348624  1.25303 -16.9159  2.99554  -0.0678012 -0.00968691  -0.0143099 -0.0231869  0.0248827 0.00125911   -0.025149 -0.00782603 -0.00359813  0.325458  0.243502 0.0622606  0.273161 -0.125861  -9.80439 
                 114 -2.03723  14.4657  176.652  2.78934 -4.33813 0.344819  1.25327 -16.9157  2.99546  -0.0678084 -0.00965856   -0.014308  -0.0335116   0.0113128 -0.00513844  -0.0250588 -0.00777729 -0.00307139  0.325119  0.242776 0.0631274 0.273136 -0.12593 -9.80439 
               114.1 -1.98679  14.3972  176.851  2.78105 -4.34415 0.344256 1.25324 -16.915 2.99517  -0.0677894 -0.00961289  -0.0143008  -0.0461569 0.000981892 -0.00751068  -0.0250161 -0.00763355 -0.00341417  0.324345  0.241561 0.0627745  0.273038 -0.126033  -9.80439 
               114.2 -2.23487  14.2182  176.901  2.77918 -4.35435  0.34711  1.25475 -16.9144   2.9939  -0.0678129 -0.00957311   -0.014288  -0.0465554  -0.0174617 0.000511996  -0.0245394 -0.00728049 -0.00342516  0.325073  0.240132 0.0620186  0.273064 -0.126214  -9.80439 
               114.3 -2.01571  14.3285  176.673  2.77175 -4.35023 0.349198  1.25518 -16.9144  2.99325 -0.0677922 -0.0096021 -0.0142845  -0.0621732 -0.00765593  0.00403897  -0.0248807 -0.00742839 -0.00307211  0.32478 0.241128 0.061479  0.273042 -0.126118  -9.80439 
               114.4 -2.04138  14.4374  177.129  2.77861 -4.35318 0.349119  1.25474 -16.9136  2.99408  -0.0678599 -0.00958948  -0.0143044  -0.0472452  -0.0105407 0.000852746  -0.0244824  -0.0074817 -0.00380003  0.326814  0.240843 0.0621123  0.273256 -0.126185  -9.80438 
               114.5 -2.02576  14.4638  176.491  2.77066 -4.35088 0.346744  1.25403 -16.9138  2.99429  -0.0678388 -0.00960133  -0.0142985  -0.0622003 -0.00663696 -0.00409112  -0.0246028 -0.00746471 -0.00264729  0.326254  0.241246 0.0625743  0.273222 -0.126123  -9.80438 
               114.6 -1.97056  14.4521  176.439  2.77312 -4.35425 0.344838  1.25397 -16.9139  2.99417  -0.0678907 -0.00960429  -0.0143134  -0.0598509  -0.0183982 -0.00865008  -0.0244995 -0.00733132 -0.00250961  0.327718  0.240942 0.0632474  0.273362 -0.126182  -9.80438 
               114.7 -1.92791  14.3936  176.404  2.77132 -4.35477 0.342735  1.25438 -16.9129  2.99433  -0.0679087 -0.00961818  -0.0143165 -0.0598982 -0.0115173 -0.0130753  -0.0244607 -0.00717061 -0.00241373  0.328232  0.241224 0.0636477  0.273438 -0.126177  -9.80438 
               114.8 -2.0593 14.3195 176.458  2.77082 -4.34735  0.34128  1.25763 -16.9133  2.99212  -0.0679295 -0.00968469  -0.0143259   -0.054704 -0.00129849  -0.0148581  -0.0241052 -0.00694419 -0.00249568  0.329047  0.243199 0.0639677  0.273538 -0.126063  -9.80437 
               114.9 -2.1513 14.3651 176.996   2.7788 -4.34768 0.343715  1.25837 -16.9134  2.99218 -0.0680013 -0.0096841 -0.0143414  -0.0384888  -0.0056326 -0.00643053  -0.0235801  -0.0069152 -0.00336964  0.331478  0.243471 0.0636657  0.273749 -0.126102  -9.80437 
                 115 -2.0287 14.5264 176.444  2.77246 -4.35685  0.34466  1.25852 -16.9131   2.9923  -0.0680057 -0.00964015  -0.0143418  -0.0520296  -0.0223836 -0.00428915  -0.0239257 -0.00714184 -0.00246418   0.33137  0.242066 0.0631907  0.273703 -0.126228  -9.80437 
               115.1 -1.89081  14.3611  176.688  2.77374 -4.34712 0.345571   1.2583 -16.9126  2.99267  -0.0680272 -0.00969981    -0.01434   -0.0497361 -5.29413e-05  -0.00114572   -0.023923 -0.00676754  -0.0028447  0.332233  0.244031 0.0632026  0.273829 -0.126071  -9.80437 
               115.2 -2.05116  14.3867  176.988  2.78147 -4.34069 0.346627 1.25755 -16.913 2.99287  -0.0680918 -0.00972936  -0.0143578 -0.0326703 0.00893452 0.00171553  -0.0234108 -0.00671203 -0.00333868  0.334298  0.245129 0.0634849  0.274032 -0.126006  -9.80436 
               115.3 -1.93646  14.4434  176.972  2.77955 -4.34115 0.350081  1.25768 -16.9116  2.99274  -0.0680965 -0.00972188  -0.0143589 -0.0391742 0.00519703 0.00877021  -0.0234902  -0.0067318 -0.00328099  0.334589  0.244954 0.0627484  0.274058 -0.126033  -9.80436 
               115.4 -2.07648  14.3638  177.047  2.78687 -4.35282 0.349891  1.25826 -16.9114   2.9933  -0.0681629 -0.00967164  -0.0143629 -0.0251187 -0.0188363 0.00604789  -0.0231119 -0.00651419 -0.00338539  0.336488  0.243139 0.0633908  0.274195 -0.126238  -9.80435 
               115.5 -1.99152  14.3874  177.178  2.78879 -4.35332 0.344492   1.2577 -16.9114  2.99372 -0.0681829 -0.0096809 -0.0143677  -0.0233674  -0.0211623 -0.00937591  -0.0230804 -0.00647579 -0.00358013   0.33685  0.243352 0.0649345 0.274263 -0.12622 -9.80435 
               115.6 -1.95476  14.4097  177.095  2.79018 -4.35245 0.344224  1.25619 -16.9116  2.99539  -0.0682007 -0.00969198  -0.0143716   -0.024338   -0.012944 -0.00892056  -0.0230834 -0.00645045  -0.0034046  0.337548  0.243684 0.0649725  0.274332 -0.126184  -9.80435 
               115.7 -1.84283   14.441  177.064  2.79186 -4.35328 0.345746  1.25566 -16.9111  2.99584  -0.0682194 -0.00969514  -0.0143761  -0.0239767  -0.0141086 -0.00317273    -0.02318  -0.0064271 -0.00333855  0.338298   0.24373 0.0645999  0.274398 -0.126189  -9.80435 
               115.8 -1.93312  14.3709  177.143  2.79104  -4.3532 0.346863  1.25574 -16.9107   2.9961  -0.0682242 -0.00970551  -0.0143772  -0.0281055  -0.0106423 -0.00128745  -0.0228682 -0.00622398 -0.00343882  0.338611  0.244046 0.0643307  0.274429 -0.126171  -9.80435 
               115.9 -1.99964  14.3661  177.545  2.80108 -4.35885    0.349  1.25559 -16.9105  2.99615  -0.0682875 -0.00969192  -0.0143883 -0.00912517   -0.020243  0.00423408  -0.0225012 -0.00612392 -0.00408453  0.340833  0.243439 0.0643316    0.2746 -0.126262  -9.80434 
                 116 -1.97902  14.4554  177.468  2.81606   -4.362 0.345446  1.25617 -16.9112  2.99585 -0.0683639 -0.0097043 -0.0144108    0.011124  -0.0252778 -0.00729975  -0.0224407 -0.00622333 -0.00391257  0.343339  0.243538 0.0658875  0.274818 -0.126307  -9.80434 
               116.1 -2.06267  14.5048  177.353  2.81981 -4.35349 0.348132  1.25581 -16.9118  2.99534  -0.0683667 -0.00975608   -0.014419  0.00908395 -0.00420799 -0.00114989  -0.0222649 -0.00623353 -0.00371128  0.343998  0.245285 0.0653371 0.274882 -0.12617 -9.80434 
               116.2 -1.91826  14.4915  177.347  2.81262 -4.35331 0.346285 1.25541 -16.912 2.99501   -0.068331 -0.00974755  -0.0144097  -0.0141858 -0.00624454 -0.00474243  -0.0224107 -0.00612912 -0.00369379  0.342673  0.245258 0.0654203  0.274777 -0.126143  -9.80434 
               116.3 -1.88851   14.371  177.247  2.80717 -4.35714 0.349684  1.25353 -16.9123  2.99536  -0.0683188 -0.00971479  -0.0144083  -0.0267301 -0.00838267  0.00485251  -0.0224164 -0.00584489 -0.00352413  0.342395  0.244407 0.0643536  0.274723 -0.126179  -9.80434 
               116.4 -1.88111  14.4508   177.23  2.80308 -4.35871   0.3458  1.25326 -16.9127   2.9954  -0.0683164 -0.00971062  -0.0144081  -0.0369282  -0.0117155 -0.00608394  -0.0223408 -0.00591132  -0.0034855  0.342051  0.244219 0.0652848  0.274706 -0.126183  -9.80434 
               116.5 -2.10353  14.4634  176.915  2.79162 -4.36763 0.341414  1.25251 -16.9129  2.99599  -0.0683003 -0.00966005  -0.0143974  -0.060121 -0.0274448 -0.0160821  -0.0219868 -0.00588986 -0.00294005  0.340817  0.242836 0.0657713  0.274599 -0.126259  -9.80434 
               116.6 -2.10154   14.359  177.018   2.7917 -4.36842 0.345545  1.25222 -16.9118  2.99702 -0.0683165 -0.0096784 -0.0143991  -0.0527993  -0.0269616 -0.00481782   -0.021862 -0.00562473 -0.00307903  0.341941  0.243221 0.0646974  0.274688 -0.126247  -9.80434 
               116.7 -1.87469  14.3272  177.409  2.78786 -4.36919 0.346279  1.25144 -16.9113  2.99801  -0.0683215 -0.00968181   -0.014398   -0.057383  -0.0218335 -0.00296224  -0.0219787 -0.00548103 -0.00370364  0.342202  0.243454 0.0645041  0.274717 -0.126224  -9.80434 
               116.8 -1.99153  14.4229  177.276  2.79065  -4.3736 0.348605  1.25029 -16.9102  2.99866  -0.0683577 -0.00967177   -0.014407 -0.0466959 -0.0264343 0.00481749  -0.0217543  -0.0055841 -0.00344574  0.343647  0.242977 0.0642634  0.274831 -0.126272  -9.80434 
               116.9 -2.04189  14.4473  177.129  2.79629 -4.36007 0.344274  1.25081 -16.9102  2.99747  -0.0683785 -0.00975299  -0.0144201  -0.0369848 -0.00174109 -0.00734562  -0.0216207 -0.00556824  -0.0031678  0.344914  0.245797 0.0658436  0.274992 -0.126089  -9.80433 
                 117 -2.13656  14.5476  176.798  2.78832 -4.36233 0.344409  1.25135 -16.9102  2.99757  -0.0683688 -0.00974156  -0.0144145    -0.05166 -0.00478664 -0.00479441  -0.0215189 -0.00569768 -0.00257598  0.344392  0.245515 0.0654599  0.274941 -0.126108  -9.80434 
               117.1 -2.24041  14.3862  176.805  2.78815 -4.36251 0.343172  1.25125 -16.9098   2.9983  -0.0683874 -0.00975018  -0.0144173 -0.0490966 -0.0131988 -0.0091118  -0.0212417 -0.00533886 -0.00256736  0.345104  0.245696 0.0658101  0.275008 -0.126106  -9.80433 
               117.2 -2.02353  14.2428  176.932  2.79167 -4.35917 0.343441   1.251  -16.91 2.99911  -0.0684202 -0.00977279  -0.0144153  -0.0342522 -0.00094319 -0.00732206   -0.021468  -0.0050116 -0.00273661  0.346512  0.246488 0.0659278  0.275122 -0.126068  -9.80433 
               117.3 -2.07519  14.2706  177.125  2.79625 -4.35507 0.342912  1.25143 -16.9099  2.99954  -0.0684525 -0.00979379  -0.0144195  -0.0223971  0.00190972 -0.00580398  -0.0212091 -0.00497749 -0.00303414   0.34776  0.247348 0.0662582  0.275229 -0.126031  -9.80433 
               117.4 -2.12383    14.28  177.002   2.7927 -4.35023 0.343817  1.25273 -16.9092  3.00046  -0.0684424 -0.00981882   -0.014418  -0.0313309  0.00816075 -0.00267822   -0.021073 -0.00494736 -0.00279937   0.34753  0.248386 0.0658611  0.275229 -0.125972  -9.80433 
               117.5 -2.05939   14.338  176.746  2.79283 -4.34409 0.344297  1.25164 -16.9095  2.99982  -0.0684511 -0.00983792  -0.0144205    -0.026796    0.0180932 -0.000788613  -0.0212307 -0.00499454 -0.00232936 0.348127 0.249045 0.065865  0.275279 -0.125921  -9.80433 
               117.6 -2.03546   14.403  176.932  2.79381 -4.34505 0.345964  1.25085 -16.9093  2.99964  -0.0684701 -0.00982585  -0.0144274 -0.0295925  0.0101829 0.00144319  -0.0210773 -0.00504577 -0.00263172   0.34893  0.248554 0.0656134  0.275325 -0.125959  -9.80433 
               117.7 -1.88313  14.3349  176.737  2.79159  -4.3431 0.350383   1.2498 -16.9097  2.99943  -0.0684764 -0.00981907  -0.0144281 -0.0301086  0.0183122 0.00997123  -0.0213429 -0.00487474 -0.00227904  0.349386  0.248492 0.0647112  0.275338 -0.125957  -9.80433 
             117.804 -2.13407  14.4823  176.427  2.79695 -4.34705 0.346722  1.25019 -16.9096  2.99887  -0.0685116 -0.00981051  -0.0144401   -0.0247438 -5.63966e-05   -0.0016435  -0.0209492  -0.0050775 -0.00174512  0.350585  0.247762 0.0661174 0.275429 -0.12603 -9.80432 
               117.9 -1.94683  14.3724  176.784  2.79854  -4.3496 0.344017  1.25091 -16.9092  2.99718  -0.0685265 -0.00980659  -0.0144446  -0.0201089 0.000458077 -0.00697972  -0.0210413 -0.00481435 -0.00230266  0.351043  0.247387 0.0668421  0.275464 -0.126073  -9.80432 
                 118 -2.07338   14.365  176.289  2.79111  -4.3484 0.341017  1.25058 -16.9088  2.99561  -0.0685025 -0.00980103  -0.0144399  -0.033671 -0.0023907 -0.0133992   -0.020952 -0.00475752 -0.00144913  0.350025  0.247455 0.0671295  0.275407 -0.126049  -9.80432 
               118.1 -2.16167   14.439  176.518  2.78974 -4.34387 0.342751  1.25097 -16.9101  2.99491 -0.0685158 -0.0098266  -0.014448  -0.0390173  0.00588597 -0.00583023  -0.0206003 -0.00482713 -0.00181204  0.350747  0.248383 0.0665999  0.275442 -0.126001  -9.80432 
               118.2 -2.05365  14.4754  176.258  2.79255 -4.34215 0.346173  1.25199 -16.9105  2.99429  -0.0685428 -0.00984284  -0.0144564 -0.0299889  0.0073081 0.00184861  -0.0208342 -0.00483562 -0.00135985  0.352102  0.248787 0.0659947  0.275517 -0.126007  -9.80432 
               118.3 -2.0434 14.5048  176.39  2.79292 -4.34627 0.346553 1.25128 -16.911 2.99487  -0.0685629 -0.00982597  -0.0144615  -0.0348692   -0.001863 0.000446445  -0.0206834 -0.00482598 -0.00157694  0.352866  0.247997 0.0661132  0.275552 -0.126061  -9.80432 
               118.4 -1.95615  14.4585  177.011  2.79575 -4.34893 0.347839  1.25057 -16.9108  2.99522  -0.0685829 -0.00980733  -0.0144652  -0.0263717 -0.00332355  0.00504876  -0.0205025 -0.00464883  -0.0025974  0.353921  0.247533 0.0660979  0.275616 -0.126099  -9.80432 
               118.5 -2.08092  14.3453  177.234  2.79796 -4.35243 0.349448  1.25117 -16.9108  2.99503  -0.0685984 -0.00979737  -0.0144644 -0.0237365 -0.0165473 0.00699088  -0.0200897 -0.00437257 -0.00293481  0.354787  0.247256 0.0660243  0.275663 -0.126137  -9.80431 
               118.6 -2.0638  14.447 176.828  2.79992 -4.36966 0.347256  1.25164 -16.9108  2.99424  -0.0686299 -0.00974974  -0.0144683  -0.0211812  -0.0412091 3.17014e-05  -0.0202306  -0.0045278 -0.00222794  0.355591  0.244818 0.0667905  0.275684 -0.126309  -9.80431 
               118.7 -1.9362 14.3221 176.877  2.79989 -4.37092 0.348009  1.25077 -16.9107  2.99459  -0.0686339 -0.00975673  -0.0144669  -0.0204801  -0.0391289 0.000635169  -0.0203544 -0.00423002 -0.00229652  0.355907  0.245187 0.0667091  0.275711 -0.126281  -9.80431 
               118.8 -1.88864   14.578  177.007  2.79258 -4.37865 0.350625    1.251 -16.9113  2.99357  -0.0686293 -0.00973978  -0.0144643 -0.0413266 -0.0413995 0.00435924  -0.0202921 -0.00463301 -0.00249441  0.355509  0.244522 0.0659332  0.275657 -0.126318  -9.80431 
               118.9 -1.99319  14.4476  176.804  2.78802 -4.37591 0.353275  1.25248 -16.9113  2.99346  -0.0686177 -0.00977132  -0.0144642 -0.0446074 -0.0313181  0.0111729  -0.0201327 -0.00434525 -0.00211808  0.355465  0.245911 0.0654928  0.275664 -0.126248  -9.80431 
                 119 -2.07938  14.3216  176.738  2.78787 -4.37441 0.352916  1.25208 -16.9103  2.99357  -0.0686221 -0.00978954  -0.0144659 -0.0433789 -0.0254966 0.00657589  -0.0199087 -0.00408849 -0.00198388  0.355885  0.246696 0.0659832  0.275719 -0.126204  -9.80431 
               119.1   -1.97 14.3936 176.718  2.78473 -4.37581 0.351353  1.25215 -16.9101  2.99305  -0.0686235 -0.00979471  -0.0144664  -0.042608 -0.0200257 0.00112845  -0.0200538 -0.00415442 -0.00194326  0.355916  0.246827 0.0665347  0.275732 -0.126198  -9.80431 
               119.2 -1.95696  14.3934  177.335  2.79905 -4.37267 0.350218  1.25186 -16.9101  2.99318  -0.0686879 -0.00980633  -0.0144817  -0.0177039  -0.0142009 -0.00336004  -0.0197479 -0.00409336 -0.00284911  0.358729  0.247812 0.0676159  0.275924 -0.126175  -9.80431 
               119.3 -1.8751 14.3601 177.509  2.80046 -4.37996  0.34772  1.25125 -16.9097   2.9927  -0.0686955 -0.00978321  -0.0144841   -0.011895  -0.0196926 -0.00946393  -0.0197586 -0.00398081 -0.00310768  0.359142  0.246712 0.0681601 0.275946 -0.12624 -9.80431 
               119.4 -1.88374  14.4235  177.028   2.8033 -4.36793 0.348383  1.25179 -16.9094  2.99233  -0.0686863 -0.00983671  -0.0144827 -0.0121889 0.00366781 -0.0064412  -0.0198493 -0.00406547 -0.00226944  0.359696   0.24911 0.0680683  0.276009 -0.126114   -9.8043 
               119.5 -2.00439  14.4809   177.16  2.80618 -4.36816 0.352056  1.25148 -16.9095  2.99135   -0.068705 -0.00984115  -0.0144889 -0.0106091 0.00498005 0.00424193  -0.0194967 -0.00411995  -0.0024633  0.360694  0.249006 0.0673114  0.276052 -0.126131   -9.8043 
               119.6 -2.10829  14.4587  177.234  2.80996 -4.36419 0.346888  1.25245 -16.9107  2.99173  -0.0687206 -0.00985683  -0.0144976 -0.00472532  0.00603144 -0.00986448  -0.0192196 -0.00401143 -0.00255758  0.361281  0.249801 0.0687643  0.2761 -0.1261 -9.8043 
               119.7 -1.98947  14.4058  176.951  2.80735  -4.3619 0.345982  1.25128 -16.9105  2.99223  -0.0687113 -0.00985298  -0.0144953 -0.0163841   0.011168 -0.0102085  -0.0194553 -0.00389943  -0.0020601  0.360955  0.249885 0.0686649  0.276087 -0.126079   -9.8043 
               119.8 -1.97449  14.2082  176.538  2.80385 -4.35926 0.346843  1.25049 -16.9105  2.99168 -0.0686987 -0.0098471  -0.014494  -0.0171062    0.014212 -0.00653945  -0.0196049 -0.00351477 -0.00132037  0.360714  0.249959 0.0681621  0.276069 -0.126064   -9.8043 
               119.9 -1.9976 14.3963 177.206  2.80492 -4.35744 0.349181  1.24884 -16.9103  2.99166  -0.0687104 -0.00984231   -0.014496  -0.0210283   0.0128835 -0.00147569  -0.0191713  -0.0037646 -0.00246489  0.361372  0.249842 0.0676312  0.276102 -0.126063   -9.8043 
                 120 -2.03877  14.4743  176.969  2.79509 -4.35184 0.347139  1.24856 -16.9108   2.9925  -0.0686853 -0.00984811  -0.0144867  -0.0393976   0.0229451 -0.00408031  -0.0191551 -0.00385746 -0.00206205  0.360078  0.250434 0.0677866 0.276038 -0.12601 -9.80431 
               120.1 -1.93056  14.2835  177.271  2.79911 -4.34904 0.349795  1.24752 -16.9112   2.9936  -0.0687113 -0.00984426  -0.0144879 -0.0277682  0.0213327 0.00200503   -0.019124 -0.00345177 -0.00254402  0.361593  0.250509 0.0674253  0.276115 -0.126013   -9.8043 
               120.2 -1.98902  14.3938  176.478  2.79824 -4.35111 0.346175  1.24827 -16.9109  2.99278  -0.0687246 -0.00984248  -0.0144928  -0.0287663   0.0189134 -0.00575681  -0.0193022 -0.00365483  -0.0011678 0.361782 0.249865 0.068348  0.276129 -0.126058   -9.8043 
               120.3 -2.14323  14.5795  176.602  2.79773 -4.34634 0.347343 1.24777 -16.911 2.99325  -0.0687313 -0.00985488  -0.0144984  -0.0317261   0.0169229 -0.00386406  -0.0189169 -0.00391367  -0.0013905 0.362306 0.250379 0.068054   0.27616 -0.126032   -9.8043 
               120.4 -2.04936  14.4618  176.764  2.79663 -4.34644 0.348141  1.24622 -16.9115  2.99339  -0.0687421 -0.00984316  -0.0145007 -0.0341027  0.0161526  -0.002837  -0.0189264 -0.00364836 -0.00162301  0.362863  0.249866 0.0678683 0.276179 -0.12605  -9.8043 
               120.5 -1.98688  14.4462  176.746  2.79356 -4.34516 0.349538  1.24663 -16.9124  2.99242  -0.0687478 -0.00984364  -0.0145024 -0.0364559  0.0157682 0.00310798  -0.0189864 -0.00355952 -0.00158986  0.363173  0.249845 0.0675669  0.276179 -0.126058   -9.8043 
               120.6 -1.95758  14.3783  177.007  2.79594 -4.33749 0.344662  1.24591 -16.9131  2.99292 -0.0687753 -0.0098605 -0.0145046 -0.0307142  0.0261172 -0.0100189  -0.0188312 -0.00338404  -0.0020079   0.36394  0.250814 0.0689981  0.276242 -0.126008   -9.8043 
